"","Date","Cases per day","Cumulative cases","Cases in the last 7 days","7-day average of daily cases","14-day average of daily cases"
"1",2020-01-01,0,0,0,NA,NA
"2",2020-01-02,0,0,0,NA,NA
"3",2020-01-03,0,0,0,NA,NA
"4",2020-01-04,0,0,0,NA,NA
"5",2020-01-05,0,0,0,NA,NA
"6",2020-01-06,0,0,0,NA,NA
"7",2020-01-07,0,0,0,0,NA
"8",2020-01-08,0,0,0,0,NA
"9",2020-01-09,0,0,0,0,NA
"10",2020-01-10,0,0,0,0,NA
"11",2020-01-11,0,0,0,0,NA
"12",2020-01-12,0,0,0,0,NA
"13",2020-01-13,0,0,0,0,NA
"14",2020-01-14,0,0,0,0,0
"15",2020-01-15,0,0,0,0,0
"16",2020-01-16,0,0,0,0,0
"17",2020-01-17,0,0,0,0,0
"18",2020-01-18,0,0,0,0,0
"19",2020-01-19,0,0,0,0,0
"20",2020-01-20,0,0,0,0,0
"21",2020-01-21,0,0,0,0,0
"22",2020-01-22,0,0,0,0,0
"23",2020-01-23,0,0,0,0,0
"24",2020-01-24,0,0,0,0,0
"25",2020-01-25,0,0,0,0,0
"26",2020-01-26,0,0,0,0,0
"27",2020-01-27,0,0,0,0,0
"28",2020-01-28,0,0,0,0,0
"29",2020-01-29,0,0,0,0,0
"30",2020-01-30,0,0,0,0,0
"31",2020-01-31,0,0,0,0,0
"32",2020-02-01,0,0,0,0,0
"33",2020-02-02,0,0,0,0,0
"34",2020-02-03,0,0,0,0,0
"35",2020-02-04,0,0,0,0,0
"36",2020-02-05,0,0,0,0,0
"37",2020-02-06,0,0,0,0,0
"38",2020-02-07,0,0,0,0,0
"39",2020-02-08,0,0,0,0,0
"40",2020-02-09,0,0,0,0,0
"41",2020-02-10,0,0,0,0,0
"42",2020-02-11,0,0,0,0,0
"43",2020-02-12,0,0,0,0,0
"44",2020-02-13,0,0,0,0,0
"45",2020-02-14,0,0,0,0,0
"46",2020-02-15,0,0,0,0,0
"47",2020-02-16,0,0,0,0,0
"48",2020-02-17,0,0,0,0,0
"49",2020-02-18,0,0,0,0,0
"50",2020-02-19,0,0,0,0,0
"51",2020-02-20,0,0,0,0,0
"52",2020-02-21,0,0,0,0,0
"53",2020-02-22,0,0,0,0,0
"54",2020-02-23,0,0,0,0,0
"55",2020-02-24,0,0,0,0,0
"56",2020-02-25,0,0,0,0,0
"57",2020-02-26,0,0,0,0,0
"58",2020-02-27,0,0,0,0,0
"59",2020-02-28,0,0,0,0,0
"60",2020-02-29,0,0,0,0,0
"61",2020-03-01,0,0,0,0,0
"62",2020-03-02,0,0,0,0,0
"63",2020-03-03,0,0,0,0,0
"64",2020-03-04,0,0,0,0,0
"65",2020-03-05,0,0,0,0,0
"66",2020-03-06,0,0,0,0,0
"67",2020-03-07,0,0,0,0,0
"68",2020-03-08,0,0,0,0,0
"69",2020-03-09,0,0,0,0,0
"70",2020-03-10,0,0,0,0,0
"71",2020-03-11,3,3,3,0,0
"72",2020-03-12,1,4,4,1,0
"73",2020-03-13,4,8,8,1,1
"74",2020-03-14,7,15,15,2,1
"75",2020-03-15,13,28,28,4,2
"76",2020-03-16,8,36,36,5,3
"77",2020-03-17,15,51,51,7,4
"78",2020-03-18,10,61,58,8,4
"79",2020-03-19,27,88,84,12,6
"80",2020-03-20,27,115,107,15,8
"81",2020-03-21,34,149,134,19,11
"82",2020-03-22,31,180,152,22,13
"83",2020-03-23,44,224,188,27,16
"84",2020-03-24,70,294,243,35,21
"85",2020-03-25,173,467,406,58,33
"86",2020-03-26,102,569,481,69,40
"87",2020-03-27,108,677,562,80,48
"88",2020-03-28,117,794,645,92,56
"89",2020-03-29,79,873,693,99,60
"90",2020-03-30,121,994,770,110,68
"91",2020-03-31,62,1056,762,109,72
"92",2020-04-01,112,1168,701,100,79
"93",2020-04-02,196,1364,795,114,91
"94",2020-04-03,235,1599,922,132,106
"95",2020-04-04,121,1720,926,132,112
"96",2020-04-05,177,1897,1024,146,123
"97",2020-04-06,173,2070,1076,154,132
"98",2020-04-07,229,2299,1243,178,143
"99",2020-04-08,306,2605,1437,205,153
"100",2020-04-09,340,2945,1581,226,170
"101",2020-04-10,158,3103,1504,215,173
"102",2020-04-11,233,3336,1616,231,182
"103",2020-04-12,321,3657,1760,251,199
"104",2020-04-13,202,3859,1789,256,205
"105",2020-04-14,171,4030,1731,247,212
"106",2020-04-15,264,4294,1689,241,223
"107",2020-04-16,157,4451,1506,215,220
"108",2020-04-17,92,4543,1440,206,210
"109",2020-04-18,230,4773,1437,205,218
"110",2020-04-19,190,4963,1306,187,219
"111",2020-04-20,184,5147,1288,184,220
"112",2020-04-21,241,5388,1358,194,221
"113",2020-04-22,289,5677,1383,198,219
"114",2020-04-23,206,5883,1432,205,210
"115",2020-04-24,192,6075,1532,219,212
"116",2020-04-25,182,6257,1484,212,209
"117",2020-04-26,201,6458,1495,214,200
"118",2020-04-27,146,6604,1457,208,196
"119",2020-04-28,199,6803,1415,202,198
"120",2020-04-29,159,6962,1285,184,191
"121",2020-04-30,206,7168,1285,184,194
"122",2020-05-01,254,7422,1347,192,206
"123",2020-05-02,260,7682,1425,204,208
"124",2020-05-03,278,7960,1502,215,214
"125",2020-05-04,225,8185,1581,226,217
"126",2020-05-05,317,8502,1699,243,222
"127",2020-05-06,248,8750,1788,255,220
"128",2020-05-07,344,9094,1926,275,229
"129",2020-05-08,321,9415,1993,285,239
"130",2020-05-09,283,9698,2016,288,246
"131",2020-05-10,260,9958,1998,285,250
"132",2020-05-11,280,10238,2053,293,260
"133",2020-05-12,305,10543,2041,292,267
"134",2020-05-13,256,10799,2049,293,274
"135",2020-05-14,339,11138,2044,292,284
"136",2020-05-15,332,11470,2055,294,289
"137",2020-05-16,334,11804,2106,301,294
"138",2020-05-17,310,12114,2156,308,297
"139",2020-05-18,299,12413,2175,311,302
"140",2020-05-19,386,12799,2256,322,307
"141",2020-05-20,359,13158,2359,337,315
"142",2020-05-21,404,13562,2424,346,319
"143",2020-05-22,364,13926,2456,351,322
"144",2020-05-23,373,14299,2495,356,329
"145",2020-05-24,351,14650,2536,362,335
"146",2020-05-25,633,15283,2870,410,360
"147",2020-05-26,588,15871,3072,439,381
"148",2020-05-27,363,16234,3076,439,388
"149",2020-05-28,485,16719,3157,451,399
"150",2020-05-29,513,17232,3306,472,412
"151",2020-05-30,427,17659,3360,480,418
"152",2020-05-31,513,18172,3522,503,433
"153",2020-06-01,324,18496,3213,459,434
"154",2020-06-02,209,18705,2834,405,422
"155",2020-06-03,220,18925,2691,384,412
"156",2020-06-04,308,19233,2514,359,405
"157",2020-06-05,648,19881,2649,378,425
"158",2020-06-06,444,20325,2666,381,430
"159",2020-06-07,420,20745,2573,368,435
"160",2020-06-08,490,21235,2739,391,425
"161",2020-06-09,567,21802,3097,442,424
"162",2020-06-10,824,22626,3701,529,457
"163",2020-06-11,708,23334,4101,586,472
"164",2020-06-12,1031,24365,4484,641,510
"165",2020-06-13,958,25323,4998,714,547
"166",2020-06-14,819,26142,5397,771,569
"167",2020-06-15,302,26444,5209,744,568
"168",2020-06-16,546,26990,5188,741,592
"169",2020-06-17,903,27893,5267,752,641
"170",2020-06-18,729,28622,5288,755,671
"171",2020-06-19,547,29169,4804,686,663
"172",2020-06-20,456,29625,4302,615,664
"173",2020-06-21,438,30063,3921,560,666
"174",2020-06-22,647,30710,4266,609,677
"175",2020-06-23,1120,31830,4840,691,716
"176",2020-06-24,984,32814,4921,703,728
"177",2020-06-25,996,33810,5188,741,748
"178",2020-06-26,1022,34832,5663,809,748
"179",2020-06-27,179,35011,5386,769,692
"180",2020-06-28,1415,36426,6363,909,735
"181",2020-06-29,1081,37507,6797,971,790
"182",2020-06-30,882,38389,6559,937,814
"183",2020-07-01,1164,39553,6739,963,833
"184",2020-07-02,1687,41240,7430,1061,901
"185",2020-07-03,908,42148,7316,1045,927
"186",2020-07-04,956,43104,8093,1156,963
"187",2020-07-05,797,43901,7475,1068,988
"188",2020-07-06,901,44802,7295,1042,1007
"189",2020-07-07,1392,46194,7805,1115,1026
"190",2020-07-08,1783,47977,8424,1203,1083
"191",2020-07-09,1519,49496,8256,1179,1120
"192",2020-07-10,1628,51124,8976,1282,1164
"193",2020-07-11,1462,52586,9482,1355,1255
"194",2020-07-12,1968,54554,10653,1522,1295
"195",2020-07-13,1390,55944,11142,1592,1317
"196",2020-07-14,2100,58044,11850,1693,1404
"197",2020-07-15,1910,59954,11977,1711,1457
"198",2020-07-16,1929,61883,12387,1770,1474
"199",2020-07-17,2017,63900,12776,1825,1554
"200",2020-07-18,2022,65922,13336,1905,1630
"201",2020-07-19,1558,67480,12926,1847,1684
"202",2020-07-20,1502,68982,13038,1863,1727
"203",2020-07-21,1355,70337,12293,1756,1724
"204",2020-07-22,1991,72328,12374,1768,1739
"205",2020-07-23,2076,74404,12521,1789,1779
"206",2020-07-24,2102,76506,12606,1801,1813
"207",2020-07-25,1386,77892,11970,1710,1808
"208",2020-07-26,1759,79651,12171,1739,1793
"209",2020-07-27,1307,80958,11976,1711,1787
"210",2020-07-28,1450,82408,12071,1724,1740
"211",2020-07-29,1945,84353,12025,1718,1743
"212",2020-07-30,2001,86354,11950,1707,1748
"213",2020-07-31,1592,87946,11440,1634,1718
"214",2020-08-01,2021,89967,12075,1725,1718
"215",2020-08-02,1154,91121,11470,1639,1689
"216",2020-08-03,1043,92164,11206,1601,1656
"217",2020-08-04,949,93113,10705,1529,1627
"218",2020-08-05,1862,94975,10622,1517,1618
"219",2020-08-06,1716,96691,10337,1477,1592
"220",2020-08-07,1839,98530,10584,1512,1573
"221",2020-08-08,938,99468,9501,1357,1541
"222",2020-08-09,1612,101080,9959,1423,1531
"223",2020-08-10,926,102006,9842,1406,1503
"224",2020-08-11,1070,103076,9963,1423,1476
"225",2020-08-12,732,103808,8833,1262,1390
"226",2020-08-13,751,104559,7868,1124,1300
"227",2020-08-14,1116,105675,7145,1021,1266
"228",2020-08-15,828,106503,7035,1005,1181
"229",2020-08-16,742,107245,6165,881,1152
"230",2020-08-17,1423,108668,6662,952,1179
"231",2020-08-18,1317,109985,6909,987,1205
"232",2020-08-19,1280,111265,7457,1065,1164
"233",2020-08-20,1038,112303,7744,1106,1115
"234",2020-08-21,1459,113762,8087,1155,1088
"235",2020-08-22,592,114354,7851,1122,1063
"236",2020-08-23,669,115023,7778,1111,996
"237",2020-08-24,556,115579,6911,987,970
"238",2020-08-25,2116,117695,7710,1101,1044
"239",2020-08-26,1694,119389,8124,1161,1113
"240",2020-08-27,1129,120518,8215,1174,1140
"241",2020-08-28,1830,122348,8586,1227,1191
"242",2020-08-29,1270,123618,9264,1323,1222
"243",2020-08-30,786,124404,9381,1340,1226
"244",2020-08-31,1541,125945,10366,1481,1234
"245",2020-09-01,733,126678,8983,1283,1192
"246",2020-09-02,1006,127684,8295,1185,1173
"247",2020-09-03,979,128663,8145,1164,1169
"248",2020-09-04,1144,129807,7459,1066,1146
"249",2020-09-05,539,130346,6728,961,1142
"250",2020-09-06,771,131117,6713,959,1150
"251",2020-09-07,523,131640,5695,814,1147
"252",2020-09-08,781,132421,5743,820,1052
"253",2020-09-09,1051,133472,5788,827,1006
"254",2020-09-10,1072,134544,5881,840,1002
"255",2020-09-11,953,135497,5690,813,939
"256",2020-09-12,1043,136540,6194,885,923
"257",2020-09-13,687,137227,6110,873,916
"258",2020-09-14,749,137976,6336,905,859
"259",2020-09-15,1040,139016,6595,942,881
"260",2020-09-16,774,139790,6318,903,865
"261",2020-09-17,1045,140835,6291,899,869
"262",2020-09-18,1335,142170,6673,953,883
"263",2020-09-19,807,142977,6437,920,902
"264",2020-09-20,744,143721,6494,928,900
"265",2020-09-21,864,144585,6609,944,925
"266",2020-09-22,647,145232,6216,888,915
"267",2020-09-23,1035,146267,6477,925,914
"268",2020-09-24,2187,148454,7619,1088,994
"269",2020-09-25,950,149404,7234,1033,993
"270",2020-09-26,714,150118,7141,1020,970
"271",2020-09-27,634,150752,7031,1004,966
"272",2020-09-28,738,151490,6905,986,965
"273",2020-09-29,1220,152710,7478,1068,978
"274",2020-09-30,1167,153877,7610,1087,1006
"275",2020-10-01,940,154817,6363,909,999
"276",2020-10-02,1654,156471,7067,1010,1022
"277",2020-10-03,773,157244,7126,1018,1019
"278",2020-10-04,527,157771,7019,1003,1004
"279",2020-10-05,729,158500,7010,1001,994
"280",2020-10-06,992,159492,6782,969,1019
"281",2020-10-07,582,160074,6197,885,986
"282",2020-10-08,1561,161635,6818,974,942
"283",2020-10-09,1181,162816,6345,906,958
"284",2020-10-10,800,163616,6372,910,964
"285",2020-10-11,710,164326,6555,936,970
"286",2020-10-12,1085,165411,6911,987,994
"287",2020-10-13,866,166277,6785,969,969
"288",2020-10-14,1206,167483,7409,1058,972
"289",2020-10-15,1211,168694,7059,1008,991
"290",2020-10-16,1296,169990,7174,1025,966
"291",2020-10-17,969,170959,7343,1049,980
"292",2020-10-18,846,171805,7479,1068,1002
"293",2020-10-19,1058,172863,7452,1065,1026
"294",2020-10-20,1112,173975,7698,1100,1034
"295",2020-10-21,1372,175347,7864,1123,1091
"296",2020-10-22,3708,179055,10361,1480,1244
"297",2020-10-23,2078,181133,11143,1592,1308
"298",2020-10-24,1243,182376,11417,1631,1340
"299",2020-10-25,881,183257,11452,1636,1352
"300",2020-10-26,1198,184455,11592,1656,1360
"301",2020-10-27,1309,185764,11789,1684,1392
"302",2020-10-28,1483,187247,11900,1700,1412
"303",2020-10-29,1310,188557,9502,1357,1419
"304",2020-10-30,1774,190331,9198,1314,1453
"305",2020-10-31,1609,191940,9564,1366,1499
"306",2020-11-01,822,192762,9505,1358,1497
"307",2020-11-02,1206,193968,9513,1359,1508
"308",2020-11-03,1773,195741,9977,1425,1555
"309",2020-11-04,1395,197136,9889,1413,1556
"310",2020-11-05,1567,198703,10146,1449,1403
"311",2020-11-06,1565,200268,9937,1420,1367
"312",2020-11-07,1376,201644,9704,1386,1376
"313",2020-11-08,1140,202784,10022,1432,1395
"314",2020-11-09,1793,204577,10609,1516,1437
"315",2020-11-10,2089,206666,10925,1561,1493
"316",2020-11-11,1960,208626,11490,1641,1527
"317",2020-11-12,2918,211544,12841,1834,1642
"318",2020-11-13,2239,213783,13515,1931,1675
"319",2020-11-14,1672,215455,13811,1973,1680
"320",2020-11-15,1589,217044,14260,2037,1734
"321",2020-11-16,1561,218605,14028,2004,1760
"322",2020-11-17,2666,221271,14605,2086,1824
"323",2020-11-18,2359,223630,15004,2143,1892
"324",2020-11-19,2516,226146,14602,2086,1960
"325",2020-11-20,2334,228480,14697,2100,2015
"326",2020-11-21,1581,230061,14606,2087,2030
"327",2020-11-22,1599,231660,14616,2088,2063
"328",2020-11-23,2757,234417,15812,2259,2131
"329",2020-11-24,2487,236904,15633,2233,2160
"330",2020-11-25,2718,239622,15992,2285,2214
"331",2020-11-26,874,240496,14350,2050,2068
"332",2020-11-27,2029,242525,14045,2006,2053
"333",2020-11-28,2168,244693,14632,2090,2088
"334",2020-11-29,2138,246831,15171,2167,2128
"335",2020-11-30,3445,250276,15859,2266,2262
"336",2020-12-01,3847,254123,17219,2460,2347
"337",2020-12-02,3534,257657,18035,2576,2430
"338",2020-12-03,3787,261444,20948,2993,2521
"339",2020-12-04,3325,264769,22244,3178,2592
"340",2020-12-05,2138,266907,22214,3173,2632
"341",2020-12-06,2263,269170,22339,3191,2679
"342",2020-12-07,4487,273657,23381,3340,2803
"343",2020-12-08,3516,277173,23050,3293,2876
"344",2020-12-09,4674,281847,24190,3456,3016
"345",2020-12-10,3935,285782,24338,3477,3235
"346",2020-12-11,4072,289854,25085,3584,3381
"347",2020-12-12,2663,292517,25610,3659,3416
"348",2020-12-13,2211,294728,25558,3651,3421
"349",2020-12-14,3833,298561,24904,3558,3449
"350",2020-12-15,4028,302589,25416,3631,3462
"351",2020-12-16,4166,306755,24908,3558,3507
"352",2020-12-17,5271,312026,26244,3749,3613
"353",2020-12-18,4128,316154,26300,3757,3670
"354",2020-12-19,2470,318624,26107,3730,3694
"355",2020-12-20,2530,321154,26426,3775,3713
"356",2020-12-21,4916,326070,27509,3930,3744
"357",2020-12-22,4583,330653,28064,4009,3820
"358",2020-12-23,3970,334623,27868,3981,3770
"359",2020-12-24,3535,338158,26132,3733,3741
"360",2020-12-25,1063,339221,23067,3295,3526
"361",2020-12-26,2321,341542,22918,3274,3502
"362",2020-12-27,2255,343797,22643,3235,3505
"363",2020-12-28,3972,347769,21699,3100,3515
"364",2020-12-29,4876,352645,21992,3142,3575
"365",2020-12-30,4572,357217,22594,3228,3604
"366",2020-12-31,4779,361996,23838,3405,3569
"367",2021-01-01,3621,365617,26396,3771,3533
"368",2021-01-02,2497,368114,26572,3796,3535
"369",2021-01-03,2101,370215,26418,3774,3504
"370",2021-01-04,5520,375735,27966,3995,3548
"371",2021-01-05,4646,380381,27736,3962,3552
"372",2021-01-06,5105,385486,28269,4038,3633
"373",2021-01-07,5050,390536,28540,4077,3741
"374",2021-01-08,5107,395643,30026,4289,4030
"375",2021-01-09,2822,398465,30351,4336,4066
"376",2021-01-10,2055,400520,30305,4329,4052
"377",2021-01-11,4002,404522,28787,4112,4054
"378",2021-01-12,3840,408362,27981,3997,3980
"379",2021-01-13,3839,412201,26715,3816,3927
"380",2021-01-14,3208,415409,24873,3553,3815
"381",2021-01-15,3179,418588,22945,3278,3784
"382",2021-01-16,1902,420490,22025,3146,3741
"383",2021-01-17,1488,421978,21458,3065,3697
"384",2021-01-18,2432,424410,19888,2841,3477
"385",2021-01-19,3256,427666,19304,2758,3378
"386",2021-01-20,2886,430552,18351,2622,3219
"387",2021-01-21,3548,434100,18691,2670,3112
"388",2021-01-22,3252,437352,18764,2681,2979
"389",2021-01-23,1774,439126,18636,2662,2904
"390",2021-01-24,1821,440947,18969,2710,2888
"391",2021-01-25,2930,443877,19467,2781,2811
"392",2021-01-26,3105,446982,19316,2759,2759
"393",2021-01-27,3547,450529,19977,2854,2738
"394",2021-01-28,2867,453396,19296,2757,2713
"395",2021-01-29,2220,455616,18264,2609,2645
"396",2021-01-30,1839,457455,18329,2618,2640
"397",2021-01-31,1177,458632,17685,2526,2618
"398",2021-02-01,2203,460835,16958,2423,2602
"399",2021-02-02,2245,463080,16098,2300,2530
"400",2021-02-03,2732,465812,15283,2183,2519
"401",2021-02-04,1608,467420,14024,2003,2380
"402",2021-02-05,1991,469411,13795,1971,2290
"403",2021-02-06,1002,470413,12958,1851,2235
"404",2021-02-07,1057,471470,12838,1834,2180
"405",2021-02-08,1486,472956,12121,1732,2077
"406",2021-02-09,1519,474475,11395,1628,1964
"407",2021-02-10,1574,476049,10237,1462,1823
"408",2021-02-11,1252,477301,9881,1412,1708
"409",2021-02-12,1194,478495,9084,1298,1634
"410",2021-02-13,1044,479539,9126,1304,1577
"411",2021-02-14,650,480189,8719,1246,1540
"412",2021-02-15,871,481060,8104,1158,1445
"413",2021-02-16,954,482014,7539,1077,1352
"414",2021-02-17,1025,483039,6990,999,1230
"415",2021-02-18,810,483849,6548,935,1174
"416",2021-02-19,782,484631,6136,877,1087
"417",2021-02-20,753,485384,5845,835,1069
"418",2021-02-21,665,486049,5860,837,1041
"419",2021-02-22,1349,487398,6338,905,1032
"420",2021-02-23,1360,488758,6744,963,1020
"421",2021-02-24,969,489727,6688,955,977
"422",2021-02-25,759,490486,6637,948,942
"423",2021-02-26,899,491385,6754,965,921
"424",2021-02-27,466,491851,6467,924,879
"425",2021-02-28,545,492396,6347,907,872
"426",2021-03-01,721,493117,5719,817,861
"427",2021-03-02,2666,495783,7025,1004,984
"428",2021-03-03,1056,496839,7112,1016,986
"429",2021-03-04,844,497683,7197,1028,988
"430",2021-03-05,602,498285,6900,986,975
"431",2021-03-06,392,498677,6826,975,950
"432",2021-03-07,253,498930,6534,933,920
"433",2021-03-08,555,499485,6368,910,863
"434",2021-03-09,811,500296,4513,645,824
"435",2021-03-10,879,501175,4336,619,818
"436",2021-03-11,550,501725,4042,577,803
"437",2021-03-12,616,502341,4056,579,783
"438",2021-03-13,363,502704,4027,575,775
"439",2021-03-14,4230,506934,8004,1143,1038
"440",2021-03-15,473,507407,7922,1132,1021
"441",2021-03-16,720,508127,7831,1119,882
"442",2021-03-17,563,508690,7515,1074,846
"443",2021-03-18,515,509205,7480,1069,823
"444",2021-03-19,531,509736,7395,1056,818
"445",2021-03-20,365,510101,7397,1057,816
"446",2021-03-21,297,510398,3464,495,819
"447",2021-03-22,187,510585,3178,454,793
"448",2021-03-23,898,511483,3356,479,799
"449",2021-03-24,509,511992,3302,472,773
"450",2021-03-25,455,512447,3242,463,766
"451",2021-03-26,488,512935,3199,457,757
"452",2021-03-27,314,513249,3148,450,753
"453",2021-03-28,209,513458,3060,437,466
"454",2021-03-29,375,513833,3248,464,459
"455",2021-03-30,455,514288,2805,401,440
"456",2021-03-31,455,514743,2751,393,432
"457",2021-04-01,438,515181,2734,391,427
"458",2021-04-02,352,515533,2598,371,414
"459",2021-04-03,182,515715,2466,352,401
"460",2021-04-04,118,515833,2375,339,388
"461",2021-04-05,263,516096,2263,323,394
"462",2021-04-06,415,516511,2223,318,359
"463",2021-04-07,426,516937,2194,313,353
"464",2021-04-08,340,517277,2096,299,345
"465",2021-04-09,358,517635,2102,300,336
"466",2021-04-10,296,517931,2216,317,334
"467",2021-04-11,168,518099,2266,324,332
"468",2021-04-12,1453,519552,3456,494,408
"469",2021-04-13,468,520020,3509,501,409
"470",2021-04-14,410,520430,3493,499,406
"471",2021-04-15,412,520842,3565,509,404
"472",2021-04-16,506,521348,3713,530,415
"473",2021-04-17,258,521606,3675,525,421
"474",2021-04-18,103,521709,3610,516,420
"475",2021-04-19,1435,523144,3592,513,503
"476",2021-04-20,472,523616,3596,514,508
"477",2021-04-21,653,524269,3839,548,524
"478",2021-04-22,416,524685,3843,549,529
"479",2021-04-23,411,525096,3748,535,533
"480",2021-04-24,242,525338,3732,533,529
"481",2021-04-25,251,525589,3880,554,535
"482",2021-04-26,294,525883,2739,391,452
"483",2021-04-27,423,526306,2690,384,449
"484",2021-04-28,437,526743,2474,353,451
"485",2021-04-29,406,527149,2464,352,450
"486",2021-04-30,368,527517,2421,346,441
"487",2021-05-01,238,527755,2417,345,439
"488",2021-05-02,168,527923,2334,333,444
"489",2021-05-03,353,528276,2393,342,367
"490",2021-05-04,377,528653,2347,335,360
"491",2021-05-05,585,529238,2495,356,355
"492",2021-05-06,334,529572,2423,346,349
"493",2021-05-07,425,529997,2480,354,350
"494",2021-05-08,243,530240,2485,355,350
"495",2021-05-09,117,530357,2434,348,341
"496",2021-05-10,309,530666,2390,341,342
"497",2021-05-11,371,531037,2384,341,338
"498",2021-05-12,1139,532176,2938,420,388
"499",2021-05-13,5329,537505,7933,1133,740
"500",2021-05-14,1452,538957,8960,1280,817
"501",2021-05-15,252,539209,8969,1281,818
"502",2021-05-16,178,539387,9030,1290,819
"503",2021-05-17,372,539759,9093,1299,820
"504",2021-05-18,335,540094,9057,1294,817
"505",2021-05-19,330,540424,8248,1178,799
"506",2021-05-20,457,540881,3376,482,808
"507",2021-05-21,251,541132,2175,311,795
"508",2021-05-22,189,541321,2112,302,792
"509",2021-05-23,131,541452,2065,295,792
"510",2021-05-24,321,541773,2014,288,793
"511",2021-05-25,280,542053,1959,280,787
"512",2021-05-26,345,542398,1974,282,730
"513",2021-05-27,233,542631,1750,250,366
"514",2021-05-28,229,542860,1728,247,279
"515",2021-05-29,130,542990,1669,238,270
"516",2021-05-30,106,543096,1644,235,265
"517",2021-05-31,101,543197,1424,203,246
"518",2021-06-01,211,543408,1355,194,237
"519",2021-06-02,243,543651,1253,179,230
"520",2021-06-03,283,543934,1303,186,218
"521",2021-06-04,230,544164,1304,186,217
"522",2021-06-05,99,544263,1273,182,210
"523",2021-06-06,74,544337,1241,177,206
"524",2021-06-07,199,544536,1339,191,197
"525",2021-06-08,165,544701,1293,185,189
"526",2021-06-09,218,544919,1268,181,180
"527",2021-06-10,139,545058,1124,161,173
"528",2021-06-11,254,545312,1148,164,175
"529",2021-06-12,130,545442,1179,168,175
"530",2021-06-13,116,545558,1221,174,176
"531",2021-06-14,161,545719,1183,169,180
"532",2021-06-15,171,545890,1189,170,177
"533",2021-06-16,153,546043,1124,161,171
"534",2021-06-17,185,546228,1170,167,164
"535",2021-06-18,147,546375,1063,152,158
"536",2021-06-19,112,546487,1045,149,159
"537",2021-06-20,87,546574,1016,145,160
"538",2021-06-21,177,546751,1032,147,158
"539",2021-06-22,237,546988,1098,157,163
"540",2021-06-23,218,547206,1163,166,163
"541",2021-06-24,248,547454,1226,175,171
"542",2021-06-25,177,547631,1256,179,166
"543",2021-06-26,176,547807,1320,189,169
"544",2021-06-27,154,547961,1387,198,172
"545",2021-06-28,199,548160,1409,201,174
"546",2021-06-29,329,548489,1501,214,186
"547",2021-06-30,281,548770,1564,223,195
"548",2021-07-01,304,549074,1620,231,203
"549",2021-07-02,248,549322,1691,242,210
"550",2021-07-03,165,549487,1680,240,214
"551",2021-07-04,124,549611,1650,236,217
"552",2021-07-05,185,549796,1636,234,218
"553",2021-07-06,540,550336,1847,264,239
"554",2021-07-07,538,550874,2104,301,262
"555",2021-07-08,571,551445,2371,339,285
"556",2021-07-09,445,551890,2568,367,304
"557",2021-07-10,306,552196,2709,387,314
"558",2021-07-11,288,552484,2873,410,323
"559",2021-07-12,704,553188,3392,485,359
"560",2021-07-13,667,553855,3519,503,383
"561",2021-07-14,951,554806,3932,562,431
"562",2021-07-15,968,555774,4329,618,479
"563",2021-07-16,860,556634,4744,678,522
"564",2021-07-17,701,557335,5139,734,561
"565",2021-07-18,636,557971,5487,784,597
"566",2021-07-19,1386,559357,6169,881,683
"567",2021-07-20,1550,560907,7052,1007,755
"568",2021-07-21,1509,562416,7610,1087,824
"569",2021-07-22,1766,564182,8408,1201,910
"570",2021-07-23,1865,566047,9413,1345,1011
"571",2021-07-24,1495,567542,10207,1458,1096
"572",2021-07-25,1398,568940,10969,1567,1175
"573",2021-07-26,2691,571631,12274,1753,1317
"574",2021-07-27,2668,574299,13392,1913,1460
"575",2021-07-28,2721,577020,14604,2086,1587
"576",2021-07-29,2776,579796,15614,2231,1716
"577",2021-07-30,2591,582387,16340,2334,1840
"578",2021-07-31,1751,584138,16596,2371,1914
"579",2021-08-01,1700,585838,16898,2414,1990
"580",2021-08-02,3262,589100,17469,2496,2124
"581",2021-08-03,3412,592512,18213,2602,2258
"582",2021-08-04,3790,596302,19282,2755,2420
"583",2021-08-05,3598,599900,20104,2872,2551
"584",2021-08-06,3875,603775,21388,3055,2695
"585",2021-08-07,309,604084,19946,2849,2610
"586",2021-08-08,4514,608598,22760,3251,2833
"587",2021-08-09,3791,612389,23289,3327,2911
"588",2021-08-10,3901,616290,23778,3397,2999
"589",2021-08-11,4169,620459,24157,3451,3103
"590",2021-08-12,3917,624376,24476,3497,3184
"591",2021-08-13,3593,627969,24194,3456,3256
"592",2021-08-14,3251,631220,27136,3877,3363
"593",2021-08-15,2351,633571,24973,3568,3410
"594",2021-08-16,4014,637585,25196,3599,3463
"595",2021-08-17,4604,642189,25899,3700,3548
"596",2021-08-18,3793,645982,25523,3646,3549
"597",2021-08-19,4443,650425,26049,3721,3609
"598",2021-08-20,5456,655881,27912,3987,3722
"599",2021-08-21,3247,659128,27908,3987,3932
"600",2021-08-22,2537,661665,28094,4013,3790
"601",2021-08-23,3480,665145,27560,3937,3768
"602",2021-08-24,3663,668808,26619,3803,3751
"603",2021-08-25,4055,672863,26881,3840,3743
"604",2021-08-26,4975,677838,27413,3916,3819
"605",2021-08-27,6101,683939,28058,4008,3998
"606",2021-08-28,3311,687250,28122,4017,4002
"607",2021-08-29,3073,690323,28658,4094,4054
"608",2021-08-30,5154,695477,30332,4333,4135
"609",2021-08-31,4799,700276,31468,4495,4149
"610",2021-09-01,5211,705487,32624,4661,4250
"611",2021-09-02,5182,710669,32831,4690,4303
"612",2021-09-03,4445,715114,31175,4454,4231
"613",2021-09-04,2852,717966,30716,4388,4203
"614",2021-09-05,2484,720450,30127,4304,4199
"615",2021-09-06,2567,723017,27540,3934,4134
"616",2021-09-07,4815,727832,27556,3937,4216
"617",2021-09-08,4412,732244,26757,3822,4242
"618",2021-09-09,5018,737262,26593,3799,4245
"619",2021-09-10,4415,741677,26563,3795,4124
"620",2021-09-11,1844,743521,25555,3651,4019
"621",2021-09-12,2513,746034,25584,3655,3979
"622",2021-09-13,3903,749937,26920,3846,3890
"623",2021-09-14,3662,753599,25767,3681,3809
"624",2021-09-15,3933,757532,25288,3613,3718
"625",2021-09-16,3064,760596,23334,3333,3566
"626",2021-09-17,3366,763962,22285,3184,3489
"627",2021-09-18,1969,765931,22410,3201,3426
"628",2021-09-19,1832,767763,21729,3104,3380
"629",2021-09-20,3243,771006,21069,3010,3428
"630",2021-09-21,3029,774035,20436,2919,3300
"631",2021-09-22,3281,777316,19784,2826,3219
"632",2021-09-23,2581,779897,19301,2757,3045
"633",2021-09-24,2930,782827,18865,2695,2939
"634",2021-09-25,1538,784365,18434,2633,2917
"635",2021-09-26,1425,785790,18027,2575,2840
"636",2021-09-27,2005,787795,16789,2398,2704
"637",2021-09-28,2116,789911,15876,2268,2594
"638",2021-09-29,1693,791604,14288,2041,2434
"639",2021-09-30,1896,793500,13603,1943,2350
"640",2021-10-01,1418,794918,12091,1727,2211
"641",2021-10-02,877,795795,11430,1633,2133
"642",2021-10-03,707,796502,10712,1530,2053
"643",2021-10-04,1539,798041,10246,1464,1931
"644",2021-10-05,1317,799358,9447,1350,1809
"645",2021-10-06,1304,800662,9058,1294,1668
"646",2021-10-07,1102,801764,8264,1181,1562
"647",2021-10-08,1010,802774,7856,1122,1425
"648",2021-10-09,641,803415,7620,1089,1361
"649",2021-10-10,460,803875,7373,1053,1292
"650",2021-10-11,897,804772,6731,962,1213
"651",2021-10-12,1115,805887,6529,933,1141
"652",2021-10-13,1141,807028,6366,909,1102
"653",2021-10-14,1139,808167,6403,915,1048
"654",2021-10-15,903,809070,6296,899,1011
"655",2021-10-16,522,809592,6177,882,986
"656",2021-10-17,336,809928,6053,865,959
"657",2021-10-18,1041,810969,6197,885,923
"658",2021-10-19,724,811693,5806,829,881
"659",2021-10-20,1062,812755,5727,818,864
"660",2021-10-21,1613,814368,6201,886,900
"661",2021-10-22,982,815350,6280,897,898
"662",2021-10-23,400,815750,6158,880,881
"663",2021-10-24,295,816045,6117,874,869
"664",2021-10-25,989,817034,6065,866,876
"665",2021-10-26,7272,824306,12613,1802,1316
"666",2021-10-27,2086,826392,13637,1948,1383
"667",2021-10-28,621,827013,12645,1806,1346
"668",2021-10-29,558,827571,12221,1746,1322
"669",2021-10-30,355,827926,12176,1739,1310
"670",2021-10-31,229,828155,12110,1730,1302
"671",2021-11-01,935,829090,12056,1722,1294
"672",2021-11-02,619,829709,5403,772,1287
"673",2021-11-03,1176,830885,4493,642,1295
"674",2021-11-04,757,831642,4629,661,1234
"675",2021-11-05,608,832250,4679,668,1207
"676",2021-11-06,262,832512,4586,655,1197
"677",2021-11-07,217,832729,4574,653,1192
"678",2021-11-08,1066,833795,4705,672,1197
"679",2021-11-09,234,834029,4320,617,694
"680",2021-11-10,1221,835250,4365,624,633
"681",2021-11-11,536,835786,4144,592,627
"682",2021-11-12,720,836506,4256,608,638
"683",2021-11-13,245,836751,4239,606,630
"684",2021-11-14,224,836975,4246,607,630
"685",2021-11-15,649,837624,3829,547,610
"686",2021-11-16,637,838261,4232,605,611
"687",2021-11-17,611,838872,3622,517,570
"688",2021-11-18,767,839639,3853,550,571
"689",2021-11-19,613,840252,3746,535,572
"690",2021-11-20,258,840510,3759,537,571
"691",2021-11-21,243,840753,3778,540,573
"692",2021-11-22,703,841456,3832,547,547
"693",2021-11-23,501,841957,3696,528,566
"694",2021-11-24,526,842483,3611,516,517
"695",2021-11-25,99,842582,2943,420,485
"696",2021-11-26,257,842839,2587,370,452
"697",2021-11-27,145,842984,2474,353,445
"698",2021-11-28,195,843179,2426,347,443
"699",2021-11-29,595,843774,2318,331,439
"700",2021-11-30,701,844475,2518,360,444
"701",2021-12-01,731,845206,2723,389,452
"702",2021-12-02,655,845861,3279,468,444
"703",2021-12-03,672,846533,3694,528,449
"704",2021-12-04,270,846803,3819,546,450
"705",2021-12-05,263,847066,3887,555,451
"706",2021-12-06,761,847827,4053,579,455
"707",2021-12-07,723,848550,4075,582,471
"708",2021-12-08,718,849268,4062,580,485
"709",2021-12-09,635,849903,4042,577,523
"710",2021-12-10,706,850609,4076,582,555
"711",2021-12-11,310,850919,4116,588,567
"712",2021-12-12,383,851302,4236,605,580
"713",2021-12-13,1596,852898,5071,724,652
"714",2021-12-14,696,853594,5044,721,651
"715",2021-12-15,831,854425,5157,737,658
"716",2021-12-16,887,855312,5409,773,675
"717",2021-12-17,761,856073,5464,781,681
"718",2021-12-18,529,856602,5683,812,700
"719",2021-12-19,552,857154,5852,836,721
"720",2021-12-20,1393,858547,5649,807,766
"721",2021-12-21,1628,860175,6581,940,830
"722",2021-12-22,2169,862344,7919,1131,934
"723",2021-12-23,2578,864922,9610,1373,1073
"724",2021-12-24,2280,867202,11129,1590,1185
"725",2021-12-25,783,867985,11383,1626,1219
"726",2021-12-26,1950,869935,12781,1826,1331
"727",2021-12-27,4302,874237,15690,2241,1524
"728",2021-12-28,6364,880601,20426,2918,1929
"729",2021-12-29,8459,889060,26716,3817,2474
"730",2021-12-30,8635,897695,32773,4682,3027
"731",2021-12-31,6759,904454,37252,5322,3456
"732",2022-01-01,4985,909439,41454,5922,3774
"733",2022-01-02,4190,913629,43694,6242,4034
"734",2022-01-03,8908,922537,48300,6900,4571
"735",2022-01-04,11892,934429,53828,7690,5304
"736",2022-01-05,13064,947493,58433,8348,6082
"737",2022-01-06,10874,958367,60672,8667,6675
"738",2022-01-07,10769,969136,64682,9240,7281
"739",2022-01-08,9578,978714,69275,9896,7909
"740",2022-01-09,6156,984870,71241,10177,8210
"741",2022-01-10,10515,995385,72848,10407,8653
"742",2022-01-11,12023,1007408,72979,10426,9058
"743",2022-01-12,14052,1021460,73967,10567,9457
"744",2022-01-13,12832,1034292,75925,10846,9757
"745",2022-01-14,12460,1046752,77616,11088,10164
"746",2022-01-15,10024,1056776,78062,11152,10524
"747",2022-01-16,7617,1064393,79523,11360,10769
"748",2022-01-17,9679,1074072,78687,11241,10824
"749",2022-01-18,17085,1091157,83749,11964,11195
"750",2022-01-19,16091,1107248,85788,12255,11411
"751",2022-01-20,16213,1123461,89169,12738,11792
"752",2022-01-21,15825,1139286,92534,13219,12154
"753",2022-01-22,7426,1146712,89936,12848,12000
"754",2022-01-23,5673,1152385,87992,12570,11965
"755",2022-01-24,11186,1163571,89499,12786,12013
"756",2022-01-25,10484,1174055,82898,11843,11903
"757",2022-01-26,11504,1185559,78311,11187,11721
"758",2022-01-27,11079,1196638,73177,10454,11596
"759",2022-01-28,10417,1207055,67769,9681,11450
"760",2022-01-29,5390,1212445,65733,9390,11119
"761",2022-01-30,5013,1217458,65073,9296,10933
"762",2022-01-31,5755,1223213,59642,8520,10653
"763",2022-02-01,5569,1228782,54727,7818,9830
"764",2022-02-02,5253,1234035,48476,6925,9056
"765",2022-02-03,4993,1239028,42390,6056,8255
"766",2022-02-04,3352,1242380,35325,5046,7364
"767",2022-02-05,0,1242380,29935,4276,6833
"768",2022-02-06,3692,1246072,28614,4088,6692
"769",2022-02-07,3771,1249843,26630,3804,6162
"770",2022-02-08,3105,1252948,24166,3452,5635
"771",2022-02-09,2721,1255669,21634,3091,5008
"772",2022-02-10,2874,1258543,19515,2788,4422
"773",2022-02-11,2386,1260929,18549,2650,3848
"774",2022-02-12,870,1261799,19419,2774,3525
"775",2022-02-13,730,1262529,16457,2351,3219
"776",2022-02-14,2332,1264861,15018,2145,2975
"777",2022-02-15,1964,1266825,13877,1982,2717
"778",2022-02-16,2022,1268847,13178,1883,2487
"779",2022-02-17,1456,1270303,11760,1680,2234
"780",2022-02-18,1149,1271452,10523,1503,2077
"781",2022-02-19,417,1271869,10070,1439,2106
"782",2022-02-20,392,1272261,9732,1390,1871
"783",2022-02-21,719,1272980,8119,1160,1653
"784",2022-02-22,1255,1274235,7410,1059,1520
"785",2022-02-23,1218,1275453,6606,944,1413
"786",2022-02-24,1230,1276683,6380,911,1296
"787",2022-02-25,1154,1277837,6385,912,1208
"788",2022-02-26,339,1278176,6307,901,1170
"789",2022-02-27,208,1278384,6123,875,1132
"790",2022-02-28,803,1279187,6207,887,1023
"791",2022-03-01,1278,1280465,6230,890,974
"792",2022-03-02,834,1281299,5846,835,889
"793",2022-03-03,574,1281873,5190,741,826
"794",2022-03-04,3330,1285203,7366,1052,982
"795",2022-03-05,183,1285386,7210,1030,966
"796",2022-03-06,106,1285492,7108,1015,945
"797",2022-03-07,721,1286213,7026,1004,945
"798",2022-03-08,466,1286679,6214,888,889
"799",2022-03-09,555,1287234,5935,848,842
"800",2022-03-10,432,1287666,5793,828,784
"801",2022-03-11,309,1287975,2772,396,724
"802",2022-03-12,84,1288059,2673,382,706
"803",2022-03-13,51,1288110,2618,374,695
"804",2022-03-14,197,1288307,2094,299,651
"805",2022-03-15,437,1288744,2065,295,591
"806",2022-03-16,499,1289243,2009,287,567
"807",2022-03-17,497,1289740,2074,296,562
"808",2022-03-18,234,1289974,1999,286,341
"809",2022-03-19,92,1290066,2007,287,334
"810",2022-03-20,66,1290132,2022,289,331
"811",2022-03-21,195,1290327,2020,289,294
"812",2022-03-22,205,1290532,1788,255,275
"813",2022-03-23,405,1290937,1694,242,264
"814",2022-03-24,186,1291123,1383,198,247
"815",2022-03-25,1888,1293011,3037,434,360
"816",2022-03-26,90,1293101,3035,434,360
"817",2022-03-27,47,1293148,3016,431,360
"818",2022-03-28,306,1293454,3127,447,368
"819",2022-03-29,253,1293707,3175,454,354
"820",2022-03-30,278,1293985,3048,435,339
"821",2022-03-31,186,1294171,3048,435,316
"822",2022-04-01,275,1294446,1435,205,319
"823",2022-04-02,68,1294514,1413,202,318
"824",2022-04-03,59,1294573,1425,204,317
"825",2022-04-04,255,1294828,1374,196,322
"826",2022-04-05,244,1295072,1365,195,324
"827",2022-04-06,214,1295286,1301,186,311
"828",2022-04-07,188,1295474,1303,186,311
"829",2022-04-08,228,1295702,1256,179,192
"830",2022-04-09,77,1295779,1265,181,191
"831",2022-04-10,63,1295842,1269,181,192
"832",2022-04-11,242,1296084,1256,179,188
"833",2022-04-12,200,1296284,1212,173,184
"834",2022-04-13,213,1296497,1211,173,179
"835",2022-04-14,235,1296732,1258,180,183
"836",2022-04-15,187,1296919,1217,174,177
"837",2022-04-16,84,1297003,1224,175,178
"838",2022-04-17,70,1297073,1231,176,179
"839",2022-04-18,296,1297369,1285,184,182
"840",2022-04-19,211,1297580,1296,185,179
"841",2022-04-20,267,1297847,1350,193,183
"842",2022-04-21,253,1298100,1368,195,188
"843",2022-04-22,515,1298615,1696,242,208
"844",2022-04-23,106,1298721,1718,245,210
"845",2022-04-24,77,1298798,1725,246,211
"846",2022-04-25,264,1299062,1693,242,213
"847",2022-04-26,242,1299304,1724,246,216
"848",2022-04-27,292,1299596,1749,250,221
"849",2022-04-28,212,1299808,1708,244,220
"850",2022-04-29,234,1300042,1427,204,223
"851",2022-04-30,124,1300166,1445,206,226
"852",2022-05-01,87,1300253,1455,208,227
"853",2022-05-02,324,1300577,1515,216,229
"854",2022-05-03,339,1300916,1612,230,238
"855",2022-05-04,355,1301271,1675,239,245
"856",2022-05-05,268,1301539,1731,247,246
"857",2022-05-06,285,1301824,1782,255,229
"858",2022-05-07,149,1301973,1807,258,232
"859",2022-05-08,90,1302063,1810,259,233
"860",2022-05-09,546,1302609,2032,290,253
"861",2022-05-10,416,1303025,2109,301,266
"862",2022-05-11,466,1303491,2220,317,278
"863",2022-05-12,425,1303916,2377,340,293
"864",2022-05-13,401,1304317,2493,356,305
"865",2022-05-14,265,1304582,2609,373,315
"866",2022-05-15,279,1304861,2798,400,329
"867",2022-05-16,490,1305351,2742,392,341
"868",2022-05-17,548,1305899,2874,411,356
"869",2022-05-18,651,1306550,3059,437,377
"870",2022-05-19,580,1307130,3214,459,399
"871",2022-05-20,544,1307674,3357,480,418
"872",2022-05-21,412,1308086,3504,501,437
"873",2022-05-22,336,1308422,3561,509,454
"874",2022-05-23,650,1309072,3721,532,462
"875",2022-05-24,822,1309894,3995,571,491
"876",2022-05-25,861,1310755,4205,601,519
"877",2022-05-26,1094,1311849,4719,674,567
"878",2022-05-27,973,1312822,5148,735,608
"879",2022-05-28,478,1313300,5214,745,623
"880",2022-05-29,506,1313806,5384,769,639
"881",2022-05-30,573,1314379,5307,758,645
"882",2022-05-31,1021,1315400,5506,787,679
"883",2022-06-01,1133,1316533,5778,825,713
"884",2022-06-02,1138,1317671,5822,832,753
"885",2022-06-03,1187,1318858,6036,862,799
"886",2022-06-04,712,1319570,6270,896,820
"887",2022-06-05,578,1320148,6342,906,838
"888",2022-06-06,1287,1321435,7056,1008,883
"889",2022-06-07,1080,1322515,7115,1016,902
"890",2022-06-08,1186,1323701,7168,1024,925
"891",2022-06-09,1191,1324892,7221,1032,932
"892",2022-06-10,1393,1326285,7427,1061,962
"893",2022-06-11,817,1327102,7532,1076,986
"894",2022-06-12,754,1327856,7708,1101,1004
"895",2022-06-13,1551,1329407,7972,1139,1073
"896",2022-06-14,1644,1331051,8536,1219,1118
"897",2022-06-15,1725,1332776,9075,1296,1160
"898",2022-06-16,1826,1334602,9710,1387,1209
"899",2022-06-17,1666,1336268,9983,1426,1244
"900",2022-06-18,959,1337227,10125,1446,1261
"901",2022-06-19,757,1337984,10128,1447,1274
"902",2022-06-20,1739,1339723,10316,1474,1306
"903",2022-06-21,2043,1341766,10715,1531,1375
"904",2022-06-22,2101,1343867,11091,1584,1440
"905",2022-06-23,2034,1345901,11299,1614,1501
"906",2022-06-24,2088,1347989,11721,1674,1550
"907",2022-06-25,1184,1349173,11946,1707,1576
"908",2022-06-26,1142,1350315,12331,1762,1604
"909",2022-06-27,2253,1352568,12845,1835,1654
"910",2022-06-28,2428,1354996,13230,1890,1710
"911",2022-06-29,1910,1356906,13039,1863,1724
"912",2022-06-30,1800,1358706,12805,1829,1722
"913",2022-07-01,1867,1360573,12584,1798,1736
"914",2022-07-02,929,1361502,12329,1761,1734
"915",2022-07-03,876,1362378,12063,1723,1742
"916",2022-07-04,225,1362603,10035,1434,1634
"917",2022-07-05,5283,1367886,12890,1841,1866
"918",2022-07-06,2749,1370635,13729,1961,1912
"919",2022-07-07,2939,1373574,14868,2124,1977
"920",2022-07-08,2573,1376147,15574,2225,2011
"921",2022-07-09,1607,1377754,16252,2322,2042
"922",2022-07-10,11,1377765,15387,2198,1961
"923",2022-07-11,4326,1382091,19488,2784,2109
"924",2022-07-12,2686,1384777,16891,2413,2127
"925",2022-07-13,2904,1387681,17046,2435,2198
"926",2022-07-14,2633,1390314,16740,2391,2258
"927",2022-07-15,2703,1393017,16870,2410,2317
"928",2022-07-16,1662,1394679,16925,2418,2370
"929",2022-07-17,1444,1396123,18358,2623,2410
"930",2022-07-18,2917,1399040,16949,2421,2603
"931",2022-07-19,2899,1401939,17162,2452,2432
"932",2022-07-20,2900,1404839,17158,2451,2443
"933",2022-07-21,2788,1407627,17313,2473,2432
"934",2022-07-22,2497,1410124,17107,2444,2427
"935",2022-07-23,1749,1411873,17194,2456,2437
"936",2022-07-24,1468,1413341,17218,2460,2541
"937",2022-07-25,3046,1416387,17347,2478,2450
"938",2022-07-26,2730,1419117,17178,2454,2453
"939",2022-07-27,2666,1421783,16944,2421,2436
"940",2022-07-28,2567,1424350,16723,2389,2431
"941",2022-07-29,2223,1426573,16449,2350,2397
"942",2022-07-30,1272,1427845,15972,2282,2369
"943",2022-07-31,954,1428799,15458,2208,2334
"944",2022-08-01,2046,1430845,14458,2065,2272
"945",2022-08-02,3197,1434042,14925,2132,2293
"946",2022-08-03,2336,1436378,14595,2085,2253
"947",2022-08-04,2088,1438466,14116,2017,2203
"948",2022-08-05,2025,1440491,13918,1988,2169
"949",2022-08-06,1171,1441662,13817,1974,2128
"950",2022-08-07,868,1442530,13731,1962,2085
"951",2022-08-08,2716,1445246,14401,2057,2061
"952",2022-08-09,2084,1447330,13288,1898,2015
"953",2022-08-10,2351,1449681,13303,1900,1993
"954",2022-08-11,2188,1451869,13403,1915,1966
"955",2022-08-12,1956,1453825,13334,1905,1947
"956",2022-08-13,1299,1455124,13462,1923,1948
"957",2022-08-14,1111,1456235,13705,1958,1960
"958",2022-08-15,2478,1458713,13467,1924,1991
"959",2022-08-16,2533,1461246,13916,1988,1943
"960",2022-08-17,2658,1463904,14223,2032,1966
"961",2022-08-18,2491,1466395,14526,2075,1995
"962",2022-08-19,2200,1468595,14770,2110,2007
"963",2022-08-20,1166,1469761,14637,2091,2007
"964",2022-08-21,1248,1471009,14774,2111,2034
"965",2022-08-22,2696,1473705,14992,2142,2033
"966",2022-08-23,2885,1476590,15344,2192,2090
"967",2022-08-24,2946,1479536,15632,2233,2132
"968",2022-08-25,2853,1482389,15994,2285,2180
"969",2022-08-26,2279,1484668,16073,2296,2203
"970",2022-08-27,1119,1485787,16026,2289,2190
"971",2022-08-28,921,1486708,15699,2243,2177
"972",2022-08-29,2890,1489598,15893,2270,2206
"973",2022-08-30,2177,1491775,15185,2169,2181
"974",2022-08-31,2499,1494274,14738,2105,2169
"975",2022-09-01,1956,1496230,13841,1977,2131
"976",2022-09-02,1815,1498045,13377,1911,2104
"977",2022-09-03,801,1498846,13059,1866,2078
"978",2022-09-04,787,1499633,12925,1846,2045
"979",2022-09-05,760,1500393,10795,1542,1906
"980",2022-09-06,1865,1502258,10483,1498,1833
"981",2022-09-07,1848,1504106,9832,1405,1755
"982",2022-09-08,1576,1505682,9452,1350,1664
"983",2022-09-09,1395,1507077,9032,1290,1601
"984",2022-09-10,571,1507648,8802,1257,1562
"985",2022-09-11,445,1508093,8460,1209,1528
"986",2022-09-12,1639,1509732,9339,1334,1438
"987",2022-09-13,1168,1510900,8642,1235,1366
"988",2022-09-14,1018,1511918,7812,1116,1260
"989",2022-09-15,1033,1512951,7269,1038,1194
"990",2022-09-16,908,1513859,6782,969,1130
"991",2022-09-17,346,1514205,6557,937,1097
"992",2022-09-18,332,1514537,6444,921,1065
"993",2022-09-19,1232,1515769,6037,862,1098
"994",2022-09-20,1080,1516849,5949,850,1042
"995",2022-09-21,857,1517706,5788,827,971
"996",2022-09-22,838,1518544,5593,799,919
"997",2022-09-23,780,1519324,5465,781,875
"998",2022-09-24,270,1519594,5389,770,853
"999",2022-09-25,246,1519840,5303,758,839
"1000",2022-09-26,642,1520482,4713,673,768
"1001",2022-09-27,674,1521156,4307,615,733
"1002",2022-09-28,762,1521918,4212,602,714
"1003",2022-09-29,762,1522680,4136,591,695
"1004",2022-09-30,584,1523264,3940,563,672
"1005",2022-10-01,216,1523480,3886,555,662
"1006",2022-10-02,176,1523656,3816,545,651
"1007",2022-10-03,711,1524367,3885,555,614
"1008",2022-10-04,561,1524928,3772,539,577
"1009",2022-10-05,591,1525519,3601,514,558
"1010",2022-10-06,663,1526182,3502,500,546
"1011",2022-10-07,704,1526886,3622,517,540
"1012",2022-10-08,235,1527121,3641,520,538
"1013",2022-10-09,162,1527283,3627,518,532
"1014",2022-10-10,437,1527720,3353,479,517
"1015",2022-10-11,423,1528143,3215,459,499
"1016",2022-10-12,418,1528561,3042,435,474
"1017",2022-10-13,380,1528941,2759,394,447
"1018",2022-10-14,386,1529327,2441,349,433
"1019",2022-10-15,216,1529543,2422,346,433
"1020",2022-10-16,221,1529764,2481,354,436
"1021",2022-10-17,485,1530249,2529,361,420
"1022",2022-10-18,388,1530637,2494,356,408
"1023",2022-10-19,507,1531144,2583,369,402
"1024",2022-10-20,373,1531517,2576,368,381
"1025",2022-10-21,398,1531915,2588,370,359
"1026",2022-10-22,236,1532151,2608,373,359
"1027",2022-10-23,253,1532404,2640,377,366
"1028",2022-10-24,471,1532875,2626,375,368
"1029",2022-10-25,581,1533456,2819,403,380
"1030",2022-10-26,700,1534156,3012,430,400
"1031",2022-10-27,606,1534762,3245,464,416
"1032",2022-10-28,455,1535217,3302,472,421
"1033",2022-10-29,220,1535437,3286,469,421
"1034",2022-10-30,206,1535643,3239,463,420
"1035",2022-10-31,497,1536140,3265,466,421
"1036",2022-11-01,846,1536986,3530,504,454
"1037",2022-11-02,525,1537511,3355,479,455
"1038",2022-11-03,470,1537981,3219,460,462
"1039",2022-11-04,352,1538333,3116,445,458
"1040",2022-11-05,0,1538333,2896,414,442
"1041",2022-11-06,450,1538783,3140,449,456
"1042",2022-11-07,502,1539285,3145,449,458
"1043",2022-11-08,478,1539763,2777,397,450
"1044",2022-11-09,485,1540248,2737,391,435
"1045",2022-11-10,404,1540652,2671,382,421
"1046",2022-11-11,276,1540928,2595,371,408
"1047",2022-11-12,214,1541142,2809,401,408
"1048",2022-11-13,179,1541321,2538,363,406
"1049",2022-11-14,430,1541751,2466,352,401
"1050",2022-11-15,374,1542125,2362,337,367
"1051",2022-11-16,356,1542481,2233,319,355
"1052",2022-11-17,484,1542965,2313,330,356
"1053",2022-11-18,433,1543398,2470,353,362
"1054",2022-11-19,190,1543588,2446,349,375
"1055",2022-11-20,197,1543785,2464,352,357
"1056",2022-11-21,576,1544361,2610,373,363
"1057",2022-11-22,675,1545036,2911,416,377
"1058",2022-11-23,618,1545654,3173,453,386
"1059",2022-11-24,198,1545852,2887,412,371
"1060",2022-11-25,381,1546233,2835,405,379
"1061",2022-11-26,347,1546580,2992,427,388
"1062",2022-11-27,347,1546927,3142,449,400
"1063",2022-11-28,1098,1548025,3664,523,448
"1064",2022-11-29,1262,1549287,4251,607,512
"1065",2022-11-30,1098,1550385,4731,676,565
"1066",2022-12-01,881,1551266,5414,773,593
"1067",2022-12-02,921,1552187,5954,851,628
"1068",2022-12-03,463,1552650,6070,867,647
"1069",2022-12-04,366,1553016,6089,870,659
"1070",2022-12-05,1019,1554035,6010,859,691
"1071",2022-12-06,1062,1555097,5810,830,719
"1072",2022-12-07,1109,1556206,5821,832,754
"1073",2022-12-08,969,1557175,5909,844,809
"1074",2022-12-09,960,1558135,5948,850,850
"1075",2022-12-10,475,1558610,5960,851,859
"1076",2022-12-11,475,1559085,6069,867,868
"1077",2022-12-12,1389,1560474,6439,920,889
"1078",2022-12-13,1122,1561596,6499,928,879
"1079",2022-12-14,1068,1562664,6458,923,877
"1080",2022-12-15,1143,1563807,6632,947,896
"1081",2022-12-16,1119,1564926,6791,970,910
"1082",2022-12-17,610,1565536,6926,989,920
"1083",2022-12-18,504,1566040,6955,994,930
"1084",2022-12-19,1650,1567690,7216,1031,975
"1085",2022-12-20,1351,1569041,7445,1064,996
"1086",2022-12-21,1465,1570506,7842,1120,1021
"1087",2022-12-22,1336,1571842,8035,1148,1048
"1088",2022-12-23,1035,1572877,7951,1136,1053
"1089",2022-12-24,535,1573412,7876,1125,1057
"1090",2022-12-25,266,1573678,7638,1091,1042
"1091",2022-12-26,906,1574584,6894,985,1008
"1092",2022-12-27,2387,1576971,7930,1133,1098
"1093",2022-12-28,1770,1578741,8235,1176,1148
"1094",2022-12-29,1855,1580596,8754,1251,1199
"1095",2022-12-30,1628,1582224,9347,1335,1236
"1096",2022-12-31,1043,1583267,9855,1408,1266
"1097",2023-01-01,662,1583929,10251,1464,1278
"1098",2023-01-02,994,1584923,10339,1477,1231
"1099",2023-01-03,2502,1587425,10454,1493,1313
"1100",2023-01-04,1813,1589238,10497,1500,1338
"1101",2023-01-05,1670,1590908,10312,1473,1362
"1102",2023-01-06,1317,1592225,10001,1429,1382
"1103",2023-01-07,606,1592831,9564,1366,1387
"1104",2023-01-08,510,1593341,9412,1345,1404
"1105",2023-01-09,1524,1594865,9942,1420,1449
"1106",2023-01-10,1284,1596149,8724,1246,1370
