"","Date","Cases per day","Cumulative cases","Case rate per 100,000","Case rate 7-day average","Cases in the last 7 days","Case rate in the last 7 days","% change to the 7-day total","7-day average of daily cases","14-day average of daily cases","14-day cases"
"1",2020-01-01,0,0,0,0,0,0,"0%",NA,NA,NA
"2",2020-01-02,0,0,0,0,0,0,"0%",NA,NA,NA
"3",2020-01-03,0,0,0,0,0,0,"0%",NA,NA,NA
"4",2020-01-04,0,0,0,0,0,0,"0%",NA,NA,NA
"5",2020-01-05,2,2,0,0,2,0,"0%",NA,NA,NA
"6",2020-01-06,1,3,0,0,3,0.1,"0%",NA,NA,NA
"7",2020-01-07,0,3,0,0,3,0.1,"0%",0,NA,NA
"8",2020-01-08,0,3,0,0,3,0.1,"0%",0,NA,NA
"9",2020-01-09,0,3,0,0,3,0.1,"0%",0,NA,NA
"10",2020-01-10,2,5,0,0,5,0.1,"0%",1,NA,NA
"11",2020-01-11,1,6,0,0,6,0.1,"0%",1,NA,NA
"12",2020-01-12,2,8,0,0,6,0.1,"200%",1,NA,NA
"13",2020-01-13,2,10,0,0,7,0.1,"133.3%",1,NA,NA
"14",2020-01-14,1,11,0,0,8,0.2,"166.7%",1,1,11
"15",2020-01-15,2,13,0,0,10,0.2,"233.3%",1,1,13
"16",2020-01-16,0,13,0,0,10,0.2,"233.3%",1,1,13
"17",2020-01-17,0,13,0,0,8,0.2,"60%",1,1,13
"18",2020-01-18,2,15,0,0,9,0.2,"50%",1,1,15
"19",2020-01-19,1,16,0,0,8,0.2,"33.3%",1,1,14
"20",2020-01-20,0,16,0,0,6,0.1,"-14.3%",1,1,13
"21",2020-01-21,0,16,0,0,5,0.1,"-37.5%",1,1,13
"22",2020-01-22,0,16,0,0,3,0.1,"-70%",0,1,13
"23",2020-01-23,0,16,0,0,3,0.1,"-70%",0,1,13
"24",2020-01-24,0,16,0,0,3,0.1,"-62.5%",0,1,11
"25",2020-01-25,0,16,0,0,1,0,"-88.9%",0,1,10
"26",2020-01-26,1,17,0,0,1,0,"-87.5%",0,1,9
"27",2020-01-27,0,17,0,0,1,0,"-83.3%",0,0,7
"28",2020-01-28,1,18,0,0,2,0,"-60%",0,0,7
"29",2020-01-29,0,18,0,0,2,0,"-33.3%",0,0,5
"30",2020-01-30,0,18,0,0,2,0,"-33.3%",0,0,5
"31",2020-01-31,0,18,0,0,2,0,"-33.3%",0,0,5
"32",2020-02-01,2,20,0,0,4,0.1,"300%",1,0,5
"33",2020-02-02,0,20,0,0,3,0.1,"200%",0,0,4
"34",2020-02-03,1,21,0,0,4,0.1,"300%",1,0,5
"35",2020-02-04,0,21,0,0,3,0.1,"50%",0,0,5
"36",2020-02-05,0,21,0,0,3,0.1,"50%",0,0,5
"37",2020-02-06,0,21,0,0,3,0.1,"50%",0,0,5
"38",2020-02-07,0,21,0,0,3,0.1,"50%",0,0,5
"39",2020-02-08,1,22,0,0,2,0,"-50%",0,0,6
"40",2020-02-09,0,22,0,0,2,0,"-33.3%",0,0,5
"41",2020-02-10,1,23,0,0,2,0,"-50%",0,0,6
"42",2020-02-11,0,23,0,0,2,0,"-33.3%",0,0,5
"43",2020-02-12,0,23,0,0,2,0,"-33.3%",0,0,5
"44",2020-02-13,1,24,0,0,3,0.1,"0%",0,0,6
"45",2020-02-14,1,25,0,0,4,0.1,"33.3%",1,0,7
"46",2020-02-15,2,27,0,0,5,0.1,"150%",1,0,7
"47",2020-02-16,0,27,0,0,5,0.1,"150%",1,0,7
"48",2020-02-17,4,31,0.1,0,8,0.2,"300%",1,1,10
"49",2020-02-18,0,31,0,0,8,0.2,"300%",1,1,10
"50",2020-02-19,0,31,0,0,8,0.2,"300%",1,1,10
"51",2020-02-20,1,32,0,0,8,0.2,"166.7%",1,1,11
"52",2020-02-21,2,34,0,0,9,0.2,"125%",1,1,13
"53",2020-02-22,0,34,0,0,7,0.1,"40%",1,1,12
"54",2020-02-23,1,35,0,0,8,0.2,"60%",1,1,13
"55",2020-02-24,4,39,0.1,0,8,0.2,"0%",1,1,16
"56",2020-02-25,1,40,0,0,9,0.2,"12.5%",1,1,17
"57",2020-02-26,2,42,0,0,11,0.2,"37.5%",2,1,19
"58",2020-02-27,6,48,0.1,0,16,0.3,"100%",2,2,24
"59",2020-02-28,4,52,0.1,0.1,18,0.4,"100%",3,2,27
"60",2020-02-29,3,55,0.1,0.1,21,0.4,"200%",3,2,28
"61",2020-03-01,14,69,0.3,0.1,34,0.7,"325%",5,3,42
"62",2020-03-02,7,76,0.1,0.1,37,0.8,"362.5%",5,3,45
"63",2020-03-03,10,86,0.2,0.1,46,0.9,"411.1%",7,4,55
"64",2020-03-04,9,95,0.2,0.2,53,1.1,"381.8%",8,5,64
"65",2020-03-05,7,102,0.1,0.2,54,1.1,"237.5%",8,5,70
"66",2020-03-06,8,110,0.2,0.2,58,1.2,"222.2%",8,5,76
"67",2020-03-07,14,124,0.3,0.2,69,1.4,"228.6%",10,6,90
"68",2020-03-08,14,138,0.3,0.2,69,1.4,"102.9%",10,7,103
"69",2020-03-09,26,164,0.5,0.3,88,1.8,"137.8%",13,9,125
"70",2020-03-10,24,188,0.5,0.3,102,2.1,"121.7%",15,11,148
"71",2020-03-11,29,217,0.6,0.4,122,2.5,"130.2%",17,12,175
"72",2020-03-12,37,254,0.8,0.4,152,3.1,"181.5%",22,15,206
"73",2020-03-13,63,317,1.3,0.6,207,4.2,"256.9%",30,19,265
"74",2020-03-14,76,393,1.6,0.8,269,5.5,"289.9%",38,24,338
"75",2020-03-15,67,460,1.4,0.9,322,6.6,"366.7%",46,28,391
"76",2020-03-16,112,572,2.3,1.2,408,8.3,"363.6%",58,35,496
"77",2020-03-17,124,696,2.5,1.5,508,10.4,"398%",73,44,610
"78",2020-03-18,137,833,2.8,1.8,616,12.6,"404.9%",88,53,738
"79",2020-03-19,121,954,2.5,2,700,14.3,"360.5%",100,61,852
"80",2020-03-20,155,1109,3.2,2.3,792,16.2,"282.6%",113,71,999
"81",2020-03-21,119,1228,2.4,2.4,835,17,"210.4%",119,79,1104
"82",2020-03-22,121,1349,2.5,2.6,889,18.1,"176.1%",127,86,1211
"83",2020-03-23,217,1566,4.4,2.9,994,20.3,"143.6%",142,100,1402
"84",2020-03-24,155,1721,3.2,3,1025,20.9,"101.8%",146,110,1533
"85",2020-03-25,174,1895,3.5,3.1,1062,21.7,"72.4%",152,120,1678
"86",2020-03-26,176,2071,3.6,3.3,1117,22.8,"59.6%",160,130,1817
"87",2020-03-27,228,2299,4.7,3.5,1190,24.3,"50.3%",170,142,1982
"88",2020-03-28,141,2440,2.9,3.5,1212,24.7,"45.1%",173,146,2047
"89",2020-03-29,129,2569,2.6,3.6,1220,24.9,"37.2%",174,151,2109
"90",2020-03-30,248,2817,5.1,3.6,1251,25.5,"25.9%",179,160,2245
"91",2020-03-31,209,3026,4.3,3.8,1305,26.6,"27.3%",186,166,2330
"92",2020-04-01,196,3222,4,3.9,1327,27.1,"25%",190,171,2389
"93",2020-04-02,222,3444,4.5,4,1373,28,"22.9%",196,178,2490
"94",2020-04-03,205,3649,4.2,3.9,1350,27.5,"13.4%",193,181,2540
"95",2020-04-04,146,3795,3,3.9,1355,27.6,"11.8%",194,183,2567
"96",2020-04-05,156,3951,3.2,4,1382,28.2,"13.3%",197,186,2602
"97",2020-04-06,298,4249,6.1,4.2,1432,29.2,"14.5%",205,192,2683
"98",2020-04-07,236,4485,4.8,4.3,1459,29.8,"11.8%",208,197,2764
"99",2020-04-08,205,4690,4.2,4.3,1468,29.9,"10.6%",210,200,2795
"100",2020-04-09,212,4902,4.3,4.2,1458,29.7,"6.2%",208,202,2831
"101",2020-04-10,179,5081,3.7,4.2,1432,29.2,"6.1%",205,199,2782
"102",2020-04-11,115,5196,2.3,4.1,1401,28.6,"3.4%",200,197,2756
"103",2020-04-12,112,5308,2.3,4,1357,27.7,"-1.8%",194,196,2739
"104",2020-04-13,262,5570,5.3,3.8,1321,26.9,"-7.8%",189,197,2753
"105",2020-04-14,176,5746,3.6,3.7,1261,25.7,"-13.6%",180,194,2720
"106",2020-04-15,165,5911,3.4,3.6,1221,24.9,"-16.8%",174,192,2689
"107",2020-04-16,212,6123,4.3,3.6,1221,24.9,"-16.3%",174,191,2679
"108",2020-04-17,206,6329,4.2,3.6,1248,25.5,"-12.8%",178,191,2680
"109",2020-04-18,191,6520,3.9,3.9,1324,27,"-5.5%",189,195,2725
"110",2020-04-19,125,6645,2.5,3.9,1337,27.3,"-1.5%",191,192,2694
"111",2020-04-20,293,6938,6,4,1368,27.9,"3.6%",195,192,2689
"112",2020-04-21,258,7196,5.3,4.2,1450,29.6,"15%",207,194,2711
"113",2020-04-22,244,7440,5,4.5,1529,31.2,"25.2%",218,196,2750
"114",2020-04-23,204,7644,4.2,4.4,1521,31,"24.6%",217,196,2742
"115",2020-04-24,208,7852,4.2,4.4,1523,31.1,"22%",218,198,2771
"116",2020-04-25,214,8066,4.4,4.5,1546,31.5,"16.8%",221,205,2870
"117",2020-04-26,173,8239,3.5,4.6,1594,32.5,"19.2%",228,209,2931
"118",2020-04-27,330,8569,6.7,4.8,1631,33.3,"19.2%",233,214,2999
"119",2020-04-28,312,8881,6.4,4.9,1685,34.4,"16.2%",241,224,3135
"120",2020-04-29,262,9143,5.3,5,1703,34.7,"11.4%",243,231,3232
"121",2020-04-30,296,9439,6,5.2,1795,36.6,"18%",256,237,3316
"122",2020-05-01,347,9786,7.1,5.6,1934,39.4,"27%",276,247,3457
"123",2020-05-02,134,9920,2.7,5.4,1854,37.8,"19.9%",265,243,3400
"124",2020-05-03,169,10089,3.4,5.4,1850,37.7,"16.1%",264,246,3444
"125",2020-05-04,326,10415,6.6,5.4,1846,37.6,"13.2%",264,248,3477
"126",2020-05-05,312,10727,6.4,5.4,1846,37.6,"9.6%",264,252,3531
"127",2020-05-06,312,11039,6.4,5.5,1896,38.7,"11.3%",271,257,3599
"128",2020-05-07,283,11322,5.8,5.5,1883,38.4,"4.9%",269,263,3678
"129",2020-05-08,287,11609,5.9,5.3,1823,37.2,"-5.7%",260,268,3757
"130",2020-05-09,168,11777,3.4,5.4,1857,37.9,"0.2%",265,265,3711
"131",2020-05-10,232,12009,4.7,5.6,1920,39.2,"3.8%",274,269,3770
"132",2020-05-11,417,12426,8.5,5.9,2011,41,"8.9%",287,276,3857
"133",2020-05-12,391,12817,8,6.1,2090,42.6,"13.2%",299,281,3936
"134",2020-05-13,425,13242,8.7,6.4,2203,44.9,"16.2%",315,293,4099
"135",2020-05-14,416,13658,8.5,6.8,2336,47.6,"24.1%",334,301,4219
"136",2020-05-15,427,14085,8.7,7.2,2476,50.5,"35.8%",354,307,4299
"137",2020-05-16,292,14377,6,7.6,2600,53,"40%",371,318,4457
"138",2020-05-17,255,14632,5.2,7.6,2623,53.5,"36.6%",375,324,4543
"139",2020-05-18,510,15142,10.4,7.9,2716,55.4,"35.1%",388,338,4727
"140",2020-05-19,514,15656,10.5,8.3,2839,57.9,"35.8%",406,352,4929
"141",2020-05-20,538,16194,11,8.6,2952,60.2,"34%",422,368,5155
"142",2020-05-21,516,16710,10.5,8.9,3052,62.2,"30.7%",436,385,5388
"143",2020-05-22,396,17106,8.1,8.8,3021,61.6,"22%",432,393,5497
"144",2020-05-23,320,17426,6.5,8.9,3049,62.2,"17.3%",436,404,5649
"145",2020-05-24,282,17708,5.8,9,3076,62.7,"17.3%",439,407,5699
"146",2020-05-25,362,18070,7.4,8.5,2928,59.7,"7.8%",418,403,5644
"147",2020-05-26,577,18647,11.8,8.7,2991,61,"5.4%",427,416,5830
"148",2020-05-27,633,19280,12.9,9,3086,62.9,"4.5%",441,431,6038
"149",2020-05-28,513,19793,10.5,9,3083,62.9,"1%",440,438,6135
"150",2020-05-29,504,20297,10.3,9.3,3191,65.1,"5.6%",456,444,6212
"151",2020-05-30,388,20685,7.9,9.5,3259,66.5,"6.9%",466,451,6308
"152",2020-05-31,354,21039,7.2,9.7,3331,67.9,"8.3%",476,458,6407
"153",2020-06-01,747,21786,15.2,10.8,3716,75.8,"26.9%",531,475,6644
"154",2020-06-02,565,22351,11.5,10.8,3704,75.5,"23.8%",529,478,6695
"155",2020-06-03,603,22954,12.3,10.7,3674,74.9,"19.1%",525,483,6760
"156",2020-06-04,516,23470,10.5,10.7,3677,75,"19.3%",525,483,6760
"157",2020-06-05,602,24072,12.3,11,3775,77,"18.3%",539,498,6966
"158",2020-06-06,403,24475,8.2,11,3790,77.3,"16.3%",541,504,7049
"159",2020-06-07,363,24838,7.4,11.1,3799,77.5,"14%",543,509,7130
"160",2020-06-08,786,25624,16,11.2,3838,78.3,"3.3%",548,540,7554
"161",2020-06-09,717,26341,14.6,11.6,3990,81.4,"7.7%",570,550,7694
"162",2020-06-10,791,27132,16.1,12.2,4178,85.2,"13.7%",597,561,7852
"163",2020-06-11,751,27883,15.3,12.9,4413,90,"20%",630,578,8090
"164",2020-06-12,686,28569,14,13.1,4497,91.7,"19.1%",642,591,8272
"165",2020-06-13,442,29011,9,13.2,4536,92.5,"19.7%",648,595,8326
"166",2020-06-14,411,29422,8.4,13.4,4584,93.5,"20.7%",655,599,8383
"167",2020-06-15,959,30381,19.6,13.9,4757,97,"23.9%",680,614,8595
"168",2020-06-16,813,31194,16.6,14.1,4853,99,"21.6%",693,632,8843
"169",2020-06-17,915,32109,18.7,14.5,4977,101.5,"19.1%",711,654,9155
"170",2020-06-18,876,32985,17.9,14.9,5102,104.1,"15.6%",729,680,9515
"171",2020-06-19,925,33910,18.9,15.6,5341,108.9,"18.8%",763,703,9838
"172",2020-06-20,659,34569,13.4,16.2,5558,113.4,"22.5%",794,721,10094
"173",2020-06-21,601,35170,12.3,16.7,5748,117.2,"25.4%",821,738,10332
"174",2020-06-22,1261,36431,25.7,17.6,6050,123.4,"27.2%",864,772,10807
"175",2020-06-23,1125,37556,22.9,18.5,6362,129.8,"31.1%",909,801,11215
"176",2020-06-24,1161,38717,23.7,19.3,6608,134.8,"32.8%",944,828,11585
"177",2020-06-25,1154,39871,23.5,20.1,6886,140.4,"35%",984,856,11988
"178",2020-06-26,1167,41038,23.8,20.8,7128,145.4,"33.5%",1018,891,12469
"179",2020-06-27,769,41807,15.7,21.1,7238,147.6,"30.2%",1034,914,12796
"180",2020-06-28,845,42652,17.2,21.8,7482,152.6,"30.2%",1069,945,13230
"181",2020-06-29,1681,44333,34.3,23,7902,161.2,"30.6%",1129,997,13952
"182",2020-06-30,1542,45875,31.4,24.2,8319,169.7,"30.8%",1188,1049,14681
"183",2020-07-01,1738,47613,35.4,25.9,8896,181.4,"34.6%",1271,1107,15504
"184",2020-07-02,1735,49348,35.4,27.6,9477,193.3,"37.6%",1354,1169,16363
"185",2020-07-03,1218,50566,24.8,27.8,9528,194.3,"33.7%",1361,1190,16656
"186",2020-07-04,633,51199,12.9,27.4,9392,191.5,"29.8%",1342,1188,16630
"187",2020-07-05,898,52097,18.3,27.5,9445,192.6,"26.2%",1349,1209,16927
"188",2020-07-06,2678,54775,54.6,30.4,10442,213,"32.1%",1492,1310,18344
"189",2020-07-07,2619,57394,53.4,33.6,11519,234.9,"38.5%",1646,1417,19838
"190",2020-07-08,2531,59925,51.6,35.9,12312,251.1,"38.4%",1759,1515,21208
"191",2020-07-09,2350,62275,47.9,37.7,12927,263.6,"36.4%",1847,1600,22404
"192",2020-07-10,2436,64711,49.7,41.2,14145,288.5,"48.5%",2021,1691,23673
"193",2020-07-11,1031,65742,21,42.4,14543,296.6,"54.8%",2078,1710,23935
"194",2020-07-12,908,66650,18.5,42.4,14553,296.8,"54.1%",2079,1714,23998
"195",2020-07-13,2631,69281,53.7,42.3,14506,295.8,"38.9%",2072,1782,24948
"196",2020-07-14,2438,71719,49.7,41.7,14325,292.2,"24.4%",2046,1846,25844
"197",2020-07-15,2323,74042,47.4,41.1,14117,287.9,"14.7%",2017,1888,26429
"198",2020-07-16,2251,76293,45.9,40.8,14018,285.9,"8.4%",2003,1925,26945
"199",2020-07-17,1988,78281,40.5,39.5,13570,276.8,"-4.1%",1939,1980,27715
"200",2020-07-18,1101,79382,22.5,39.7,13640,278.2,"-6.2%",1949,2013,28183
"201",2020-07-19,923,80305,18.8,39.8,13655,278.5,"-6.2%",1951,2015,28208
"202",2020-07-20,2647,82952,54,39.8,13671,278.8,"-5.8%",1953,2013,28177
"203",2020-07-21,2238,85190,45.6,39.2,13471,274.7,"-6%",1924,1985,27796
"204",2020-07-22,2049,87239,41.8,38.5,13197,269.2,"-6.5%",1885,1951,27314
"205",2020-07-23,1892,89131,38.6,37.4,12838,261.8,"-8.4%",1834,1918,26856
"206",2020-07-24,1529,90660,31.2,36.1,12379,252.5,"-8.8%",1768,1854,25949
"207",2020-07-25,932,91592,19,35.6,12210,249,"-10.5%",1744,1846,25850
"208",2020-07-26,795,92387,16.2,35.2,12082,246.4,"-11.5%",1726,1838,25737
"209",2020-07-27,2216,94603,45.2,33.9,11651,237.6,"-14.8%",1664,1809,25322
"210",2020-07-28,2059,96662,42,33.4,11472,234,"-14.8%",1639,1782,24943
"211",2020-07-29,1993,98655,40.6,33.3,11416,232.8,"-13.5%",1631,1758,24613
"212",2020-07-30,1596,100251,32.6,32.4,11120,226.8,"-13.4%",1589,1711,23958
"213",2020-07-31,1343,101594,27.4,31.9,10934,223,"-11.7%",1562,1665,23313
"214",2020-08-01,957,102551,19.5,31.9,10959,223.5,"-10.2%",1566,1655,23169
"215",2020-08-02,842,103393,17.2,32.1,11006,224.5,"-8.9%",1572,1649,23088
"216",2020-08-03,2013,105406,41.1,31.5,10803,220.3,"-7.3%",1543,1604,22454
"217",2020-08-04,1670,107076,34.1,30.3,10414,212.4,"-9.2%",1488,1563,21886
"218",2020-08-05,1572,108648,32.1,29.1,9993,203.8,"-12.5%",1428,1529,21409
"219",2020-08-06,1522,110170,31,28.9,9919,202.3,"-10.8%",1417,1503,21039
"220",2020-08-07,1322,111492,27,28.8,9898,201.9,"-9.5%",1414,1488,20832
"221",2020-08-08,773,112265,15.8,28.3,9714,198.1,"-11.4%",1388,1477,20673
"222",2020-08-09,648,112913,13.2,27.7,9520,194.2,"-13.5%",1360,1466,20526
"223",2020-08-10,1617,114530,33,26.6,9124,186.1,"-15.5%",1303,1423,19927
"224",2020-08-11,1348,115878,27.5,25.6,8802,179.5,"-15.5%",1257,1373,19216
"225",2020-08-12,1204,117082,24.6,24.6,8434,172,"-15.6%",1205,1316,18427
"226",2020-08-13,1100,118182,22.4,23.3,8012,163.4,"-19.2%",1145,1281,17931
"227",2020-08-14,1069,119251,21.8,22.6,7759,158.2,"-21.6%",1108,1261,17657
"228",2020-08-15,650,119901,13.3,22.2,7636,155.7,"-21.4%",1091,1239,17350
"229",2020-08-16,597,120498,12.2,22.1,7585,154.7,"-20.3%",1084,1222,17105
"230",2020-08-17,1199,121697,24.5,20.9,7167,146.2,"-21.4%",1024,1164,16291
"231",2020-08-18,1040,122737,21.2,20,6859,139.9,"-22.1%",980,1119,15661
"232",2020-08-19,1049,123786,21.4,19.5,6704,136.7,"-20.5%",958,1081,15138
"233",2020-08-20,1035,124821,21.1,19.3,6639,135.4,"-17.1%",948,1046,14651
"234",2020-08-21,1120,125941,22.8,19.5,6690,136.4,"-13.8%",956,1032,14449
"235",2020-08-22,741,126682,15.1,19.8,6781,138.3,"-11.2%",969,1030,14417
"236",2020-08-23,838,127520,17.1,20.5,7022,143.2,"-7.4%",1003,1043,14607
"237",2020-08-24,1711,129231,34.9,22,7534,153.7,"5.1%",1076,1050,14701
"238",2020-08-25,1426,130657,29.1,23.1,7920,161.5,"15.5%",1131,1056,14779
"239",2020-08-26,1431,132088,29.2,24.2,8302,169.3,"23.8%",1186,1072,15006
"240",2020-08-27,1393,133481,28.4,25.2,8660,176.6,"30.4%",1237,1093,15299
"241",2020-08-28,1266,134747,25.8,25.7,8806,179.6,"31.6%",1258,1107,15496
"242",2020-08-29,650,135397,13.3,25.4,8715,177.7,"28.5%",1245,1107,15496
"243",2020-08-30,722,136119,14.7,25.1,8599,175.4,"22.5%",1228,1116,15621
"244",2020-08-31,1421,137540,29,24.2,8309,169.5,"10.3%",1187,1132,15843
"245",2020-09-01,1402,138942,28.6,24.1,8285,169,"4.6%",1184,1158,16205
"246",2020-09-02,1306,140248,26.6,23.8,8160,166.4,"-1.7%",1166,1176,16462
"247",2020-09-03,1079,141327,22,22.9,7846,160,"-9.4%",1121,1179,16506
"248",2020-09-04,1003,142330,20.5,22.1,7583,154.7,"-13.9%",1083,1171,16389
"249",2020-09-05,585,142915,11.9,21.9,7518,153.3,"-13.7%",1074,1160,16233
"250",2020-09-06,581,143496,11.8,21.5,7377,150.5,"-14.2%",1054,1141,15976
"251",2020-09-07,710,144206,14.5,19.4,6666,136,"-19.8%",952,1070,14975
"252",2020-09-08,1366,145572,27.9,19.3,6630,135.2,"-20%",947,1065,14915
"253",2020-09-09,1118,146690,22.8,18.8,6442,131.4,"-21.1%",920,1043,14602
"254",2020-09-10,997,147687,20.3,18.5,6360,129.7,"-18.9%",909,1015,14206
"255",2020-09-11,927,148614,18.9,18.3,6284,128.2,"-17.1%",898,990,13867
"256",2020-09-12,626,149240,12.8,18.4,6325,129,"-15.9%",904,989,13843
"257",2020-09-13,594,149834,12.1,18.5,6338,129.3,"-14.1%",905,980,13715
"258",2020-09-14,1095,150929,22.3,19.6,6723,137.1,"0.9%",960,956,13389
"259",2020-09-15,990,151919,20.2,18.5,6347,129.4,"-4.3%",907,927,12977
"260",2020-09-16,912,152831,18.6,17.9,6141,125.2,"-4.7%",877,899,12583
"261",2020-09-17,829,153660,16.9,17.4,5973,121.8,"-6.1%",853,881,12333
"262",2020-09-18,850,154510,17.3,17.2,5896,120.2,"-6.2%",842,870,12180
"263",2020-09-19,565,155075,11.5,17,5835,119,"-7.7%",834,869,12160
"264",2020-09-20,582,155657,11.9,17,5823,118.8,"-8.1%",832,869,12161
"265",2020-09-21,1131,156788,23.1,17.1,5859,119.5,"-12.9%",837,899,12582
"266",2020-09-22,906,157694,18.5,16.8,5775,117.8,"-9%",825,866,12122
"267",2020-09-23,809,158503,16.5,16.5,5672,115.7,"-7.6%",810,844,11813
"268",2020-09-24,797,159300,16.3,16.4,5640,115,"-5.6%",806,830,11613
"269",2020-09-25,859,160159,17.5,16.5,5649,115.2,"-4.2%",807,825,11545
"270",2020-09-26,596,160755,12.2,16.5,5680,115.8,"-2.7%",811,822,11515
"271",2020-09-27,592,161347,12.1,16.6,5690,116,"-2.3%",813,822,11513
"272",2020-09-28,1142,162489,23.3,16.6,5701,116.3,"-2.7%",814,826,11560
"273",2020-09-29,818,163307,16.7,16.4,5613,114.5,"-2.8%",802,813,11388
"274",2020-09-30,908,164215,18.5,16.6,5712,116.5,"0.7%",816,813,11384
"275",2020-10-01,836,165051,17.1,16.8,5751,117.3,"2%",822,814,11391
"276",2020-10-02,870,165921,17.7,16.8,5762,117.5,"2%",823,815,11411
"277",2020-10-03,646,166567,13.2,16.9,5812,118.5,"2.3%",830,821,11492
"278",2020-10-04,676,167243,13.8,17.2,5896,120.2,"3.6%",842,828,11586
"279",2020-10-05,1278,168521,26.1,17.6,6032,123,"5.8%",862,838,11733
"280",2020-10-06,1060,169581,21.6,18.3,6274,128,"11.8%",896,849,11887
"281",2020-10-07,1145,170726,23.4,19,6511,132.8,"14%",930,873,12223
"282",2020-10-08,1061,171787,21.6,19.6,6736,137.4,"17.1%",962,892,12487
"283",2020-10-09,1106,172893,22.6,20.3,6972,142.2,"21%",996,910,12734
"284",2020-10-10,779,173672,15.9,20.7,7105,144.9,"22.2%",1015,923,12917
"285",2020-10-11,745,174417,15.2,20.9,7174,146.3,"21.7%",1025,934,13070
"286",2020-10-12,1391,175808,28.4,21.2,7287,148.6,"20.8%",1041,951,13319
"287",2020-10-13,1289,177097,26.3,21.9,7516,153.3,"19.8%",1074,985,13790
"288",2020-10-14,1138,178235,23.2,21.9,7509,153.1,"15.3%",1073,1001,14020
"289",2020-10-15,1186,179421,24.2,22.2,7634,155.7,"13.3%",1091,1026,14370
"290",2020-10-16,1122,180543,22.9,22.3,7650,156,"9.7%",1093,1044,14622
"291",2020-10-17,747,181290,15.2,22.2,7618,155.4,"7.2%",1088,1052,14723
"292",2020-10-18,814,182104,16.6,22.4,7687,156.8,"7.2%",1098,1062,14861
"293",2020-10-19,1551,183655,31.6,22.9,7847,160,"7.7%",1121,1081,15134
"294",2020-10-20,1338,184993,27.3,23,7896,161,"5.1%",1128,1101,15412
"295",2020-10-21,1329,186322,27.1,23.6,8087,164.9,"7.7%",1155,1114,15596
"296",2020-10-22,1383,187705,28.2,24.1,8284,169,"8.5%",1183,1137,15918
"297",2020-10-23,1251,188956,25.5,24.5,8413,171.6,"10%",1202,1147,16063
"298",2020-10-24,800,189756,16.3,24.7,8466,172.7,"11.1%",1209,1149,16084
"299",2020-10-25,904,190660,18.4,24.9,8556,174.5,"11.3%",1222,1160,16243
"300",2020-10-26,1840,192500,37.5,25.8,8845,180.4,"12.7%",1264,1192,16692
"301",2020-10-27,1696,194196,34.6,26.8,9203,187.7,"16.6%",1315,1221,17099
"302",2020-10-28,1480,195676,30.2,27.3,9354,190.8,"15.7%",1336,1246,17441
"303",2020-10-29,1304,196980,26.6,27,9275,189.2,"12%",1325,1254,17559
"304",2020-10-30,1220,198200,24.9,26.9,9244,188.5,"9.9%",1321,1261,17657
"305",2020-10-31,818,199018,16.7,27,9262,188.9,"9.4%",1323,1266,17728
"306",2020-11-01,937,199955,19.1,27.1,9295,189.6,"8.6%",1328,1275,17851
"307",2020-11-02,1759,201714,35.9,26.8,9214,187.9,"4.2%",1316,1290,18059
"308",2020-11-03,1474,203188,30.1,26.2,8992,183.4,"-2.3%",1285,1300,18195
"309",2020-11-04,1631,204819,33.3,26.6,9143,186.5,"-2.3%",1306,1321,18497
"310",2020-11-05,1824,206643,37.2,28.2,9663,197.1,"4.2%",1380,1353,18938
"311",2020-11-06,1686,208329,34.4,29.5,10129,206.6,"9.6%",1447,1384,19373
"312",2020-11-07,1192,209521,24.3,30.6,10503,214.2,"13.4%",1500,1412,19765
"313",2020-11-08,1237,210758,25.2,31.5,10803,220.3,"16.2%",1543,1436,20098
"314",2020-11-09,2919,213677,59.5,34.9,11963,244,"29.8%",1709,1513,21177
"315",2020-11-10,2473,216150,50.4,37.8,12962,264.4,"44.2%",1852,1568,21954
"316",2020-11-11,2406,218556,49.1,40,13737,280.2,"50.2%",1962,1634,22880
"317",2020-11-12,2369,220925,48.3,41.6,14282,291.3,"47.8%",2040,1710,23945
"318",2020-11-13,2099,223024,42.8,42.8,14695,299.7,"45.1%",2099,1773,24824
"319",2020-11-14,1430,224454,29.2,43.5,14933,304.6,"42.2%",2133,1817,25436
"320",2020-11-15,1396,225850,28.5,44,15092,307.8,"39.7%",2156,1850,25895
"321",2020-11-16,3197,229047,65.2,44.8,15370,313.5,"28.5%",2196,1952,27333
"322",2020-11-17,2633,231680,53.7,45.2,15530,316.7,"19.8%",2219,2035,28492
"323",2020-11-18,2565,234245,52.3,45.7,15689,320,"14.2%",2241,2102,29426
"324",2020-11-19,2525,236770,51.5,46.2,15845,323.2,"10.9%",2264,2152,30127
"325",2020-11-20,2289,239059,46.7,46.7,16035,327,"9.1%",2291,2195,30730
"326",2020-11-21,1516,240575,30.9,47,16121,328.8,"8%",2303,2218,31054
"327",2020-11-22,1603,242178,32.7,47.6,16328,333,"8.2%",2333,2244,31420
"328",2020-11-23,3422,245600,69.8,48.2,16553,337.6,"7.7%",2365,2280,31923
"329",2020-11-24,2971,248571,60.6,49.2,16891,344.5,"8.8%",2413,2316,32421
"330",2020-11-25,2811,251382,57.3,49.9,17137,349.5,"9.2%",2448,2345,32826
"331",2020-11-26,732,252114,14.9,44.7,15344,312.9,"-3.2%",2192,2228,31189
"332",2020-11-27,2863,254977,58.4,46.4,15918,324.6,"-0.7%",2274,2282,31953
"333",2020-11-28,2178,257155,44.4,48.3,16580,338.1,"2.8%",2369,2336,32701
"334",2020-11-29,2359,259514,48.1,50.5,17336,353.6,"6.2%",2477,2405,33664
"335",2020-11-30,4993,264507,101.8,55.1,18907,385.6,"14.2%",2701,2533,35460
"336",2020-12-01,4053,268560,82.7,58.2,19989,407.7,"18.3%",2856,2634,36880
"337",2020-12-02,3789,272349,77.3,61.1,20967,427.6,"22.3%",2995,2722,38104
"338",2020-12-03,3790,276139,77.3,70,24025,490,"56.6%",3432,2812,39369
"339",2020-12-04,3415,279554,69.6,71.6,24577,501.2,"54.4%",3511,2892,40495
"340",2020-12-05,2186,281740,44.6,71.6,24585,501.4,"48.3%",3512,2940,41165
"341",2020-12-06,2225,283965,45.4,71.2,24451,498.7,"41%",3493,2985,41787
"342",2020-12-07,5038,289003,102.7,71.4,24496,499.6,"29.6%",3499,3100,43403
"343",2020-12-08,4100,293103,83.6,71.5,24543,500.6,"22.8%",3506,3181,44532
"344",2020-12-09,4100,297203,83.6,72.4,24854,506.9,"18.5%",3551,3273,45821
"345",2020-12-10,4281,301484,87.3,73.8,25345,516.9,"5.5%",3621,3526,49370
"346",2020-12-11,3919,305403,79.9,75.3,25849,527.2,"5.2%",3693,3602,50426
"347",2020-12-12,2638,308041,53.8,76.6,26301,536.4,"7%",3757,3635,50886
"348",2020-12-13,2650,310691,54,77.9,26726,545.1,"9.3%",3818,3656,51177
"349",2020-12-14,6091,316782,124.2,80.9,27779,566.6,"13.4%",3968,3734,52275
"350",2020-12-15,4979,321761,101.5,83.5,28658,584.5,"16.8%",4094,3800,53201
"351",2020-12-16,4580,326341,93.4,84.9,29138,594.3,"17.2%",4163,3857,53992
"352",2020-12-17,4371,330712,89.1,85.2,29228,596.1,"15.3%",4175,3898,54573
"353",2020-12-18,3880,334592,79.1,85,29189,595.3,"12.9%",4170,3931,55038
"354",2020-12-19,2578,337170,52.6,84.9,29129,594.1,"10.8%",4161,3959,55430
"355",2020-12-20,2537,339707,51.7,84.5,29016,591.8,"8.6%",4145,3982,55742
"356",2020-12-21,5886,345593,120,83.9,28811,587.6,"3.7%",4116,4042,56590
"357",2020-12-22,4873,350466,99.4,83.6,28705,585.4,"0.2%",4101,4097,57363
"358",2020-12-23,4434,354900,90.4,83.2,28559,582.5,"-2%",4080,4121,57697
"359",2020-12-24,2529,357429,51.6,77.8,26717,544.9,"-8.6%",3817,3996,55945
"360",2020-12-25,965,358394,19.7,69.3,23802,485.4,"-18.5%",3400,3785,52991
"361",2020-12-26,3478,361872,70.9,72,24702,503.8,"-15.2%",3529,3845,53831
"362",2020-12-27,3149,365021,64.2,73.8,25314,516.3,"-12.8%",3616,3881,54330
"363",2020-12-28,6869,371890,140.1,76.6,26297,536.3,"-8.7%",3757,3936,55108
"364",2020-12-29,5861,377751,119.5,79.5,27285,556.5,"-4.9%",3898,3999,55990
"365",2020-12-30,5674,383425,115.7,83.1,28525,581.8,"-0.1%",4075,4077,57084
"366",2020-12-31,4370,387795,89.1,88.5,30366,619.3,"13.7%",4338,4077,57083
"367",2021-01-01,2335,390130,47.6,92.5,31736,647.3,"33.3%",4534,3967,55538
"368",2021-01-02,3478,393608,70.9,92.5,31736,647.3,"28.5%",4534,4031,56438
"369",2021-01-03,3343,396951,68.2,93,31930,651.2,"26.1%",4561,4089,57244
"370",2021-01-04,6745,403696,137.6,92.7,31806,648.7,"20.9%",4544,4150,58103
"371",2021-01-05,5466,409162,111.5,91.5,31411,640.6,"15.1%",4487,4193,58696
"372",2021-01-06,4675,413837,95.3,88.6,30412,620.2,"6.6%",4345,4210,58937
"373",2021-01-07,4365,418202,89,88.6,30407,620.1,"0.1%",4344,4341,60773
"374",2021-01-08,3891,422093,79.4,93.1,31963,651.9,"0.7%",4566,4550,63699
"375",2021-01-09,2369,424462,48.3,89.9,30854,629.3,"-2.8%",4408,4471,62590
"376",2021-01-10,2055,426517,41.9,86.1,29566,603,"-7.4%",4224,4393,61496
"377",2021-01-11,4296,430813,87.6,79,27117,553,"-14.7%",3874,4209,58923
"378",2021-01-12,3511,434324,71.6,73.3,25162,513.2,"-19.9%",3595,4041,56573
"379",2021-01-13,3331,437655,67.9,69.4,23818,485.8,"-21.7%",3403,3874,54230
"380",2021-01-14,3269,440924,66.7,66.2,22722,463.4,"-25.3%",3246,3795,53129
"381",2021-01-15,3063,443987,62.5,63.8,21894,446.5,"-31.5%",3128,3847,53857
"382",2021-01-16,1883,445870,38.4,62.4,21408,436.6,"-30.6%",3058,3733,52262
"383",2021-01-17,1805,447675,36.8,61.6,21158,431.5,"-28.4%",3023,3623,50724
"384",2021-01-18,3467,451142,70.7,59.2,20329,414.6,"-25%",2904,3389,47446
"385",2021-01-19,3352,454494,68.4,58.8,20170,411.4,"-19.8%",2881,3238,45332
"386",2021-01-20,3010,457504,61.4,57.8,19849,404.8,"-16.7%",2836,3119,43667
"387",2021-01-21,2904,460408,59.2,56.8,19484,397.4,"-14.3%",2783,3015,42206
"388",2021-01-22,2596,463004,52.9,55.4,19017,387.8,"-13.1%",2717,2922,40911
"389",2021-01-23,1630,464634,33.2,54.7,18764,382.7,"-12.4%",2681,2869,40172
"390",2021-01-24,1651,466285,33.7,54.2,18610,379.5,"-12%",2659,2841,39768
"391",2021-01-25,3386,469671,69.1,54,18529,377.9,"-8.9%",2647,2776,38858
"392",2021-01-26,2928,472599,59.7,52.7,18105,369.2,"-10.2%",2586,2734,38275
"393",2021-01-27,2551,475150,52,51.4,17646,359.9,"-11.1%",2521,2678,37495
"394",2021-01-28,2342,477492,47.8,49.8,17084,348.4,"-12.3%",2441,2612,36568
"395",2021-01-29,1962,479454,40,47.9,16450,335.5,"-13.5%",2350,2533,35467
"396",2021-01-30,1249,480703,25.5,46.8,16069,327.7,"-14.4%",2296,2488,34833
"397",2021-01-31,1235,481938,25.2,45.6,15653,319.2,"-15.9%",2236,2447,34263
"398",2021-02-01,2461,484399,50.2,42.9,14728,300.4,"-20.5%",2104,2376,33257
"399",2021-02-02,1993,486392,40.6,40.2,13793,281.3,"-23.8%",1970,2278,31898
"400",2021-02-03,1741,488133,35.5,37.8,12983,264.8,"-26.4%",1855,2188,30629
"401",2021-02-04,1647,489780,33.6,35.8,12288,250.6,"-28.1%",1755,2098,29372
"402",2021-02-05,1587,491367,32.4,34.7,11913,243,"-27.6%",1702,2026,28363
"403",2021-02-06,976,492343,19.9,33.9,11640,237.4,"-27.6%",1663,1979,27709
"404",2021-02-07,918,493261,18.7,33,11323,230.9,"-27.7%",1618,1927,26976
"405",2021-02-08,1701,494962,34.7,30.8,10563,215.4,"-28.3%",1509,1806,25291
"406",2021-02-09,1472,496434,30,29.3,10042,204.8,"-27.2%",1435,1702,23835
"407",2021-02-10,1355,497789,27.6,28.1,9656,196.9,"-25.6%",1379,1617,22639
"408",2021-02-11,1162,498951,23.7,26.7,9171,187,"-25.4%",1310,1533,21459
"409",2021-02-12,1092,500043,22.3,25.3,8676,176.9,"-27.2%",1239,1471,20589
"410",2021-02-13,755,500798,15.4,24.6,8455,172.4,"-27.4%",1208,1435,20095
"411",2021-02-14,641,501439,13.1,23.8,8178,166.8,"-27.8%",1168,1393,19501
"412",2021-02-15,1003,502442,20.5,21.8,7480,152.6,"-29.2%",1069,1289,18043
"413",2021-02-16,704,503146,14.4,19.6,6712,136.9,"-33.2%",959,1197,16754
"414",2021-02-17,1112,504258,22.7,18.8,6469,131.9,"-33%",924,1152,16125
"415",2021-02-18,892,505150,18.2,18.1,6199,126.4,"-32.4%",886,1098,15370
"416",2021-02-19,788,505938,16.1,17.2,5895,120.2,"-32.1%",842,1041,14571
"417",2021-02-20,605,506543,12.3,16.7,5745,117.2,"-32.1%",821,1014,14200
"418",2021-02-21,577,507120,11.8,16.6,5681,115.9,"-30.5%",812,990,13859
"419",2021-02-22,1040,508160,21.2,16.7,5718,116.6,"-23.6%",817,943,13198
"420",2021-02-23,864,509024,17.6,17.1,5878,119.9,"-12.4%",840,899,12590
"421",2021-02-24,988,510012,20.2,16.8,5754,117.4,"-11.1%",822,873,12223
"422",2021-02-25,762,510774,15.5,16.4,5624,114.7,"-9.3%",803,844,11823
"423",2021-02-26,671,511445,13.7,16,5507,112.3,"-6.6%",787,814,11402
"424",2021-02-27,447,511892,9.1,15.6,5349,109.1,"-6.9%",764,792,11094
"425",2021-02-28,503,512395,10.3,15.4,5275,107.6,"-7.1%",754,783,10956
"426",2021-03-01,836,513231,17.1,14.8,5071,103.4,"-11.3%",724,771,10789
"427",2021-03-02,593,513824,12.1,14,4800,97.9,"-18.3%",686,763,10678
"428",2021-03-03,558,514382,11.4,12.7,4370,89.1,"-24.1%",624,723,10124
"429",2021-03-04,525,514907,10.7,12,4133,84.3,"-26.5%",590,697,9757
"430",2021-03-05,522,515429,10.6,11.6,3984,81.3,"-27.7%",569,678,9491
"431",2021-03-06,366,515795,7.5,11.4,3903,79.6,"-27%",558,661,9252
"432",2021-03-07,343,516138,7,10.9,3743,76.3,"-29%",535,644,9018
"433",2021-03-08,532,516670,10.9,10,3439,70.1,"-32.2%",491,608,8510
"434",2021-03-09,517,517187,10.5,9.8,3363,68.6,"-29.9%",480,583,8163
"435",2021-03-10,489,517676,10,9.6,3294,67.2,"-24.6%",471,547,7664
"436",2021-03-11,481,518157,9.8,9.5,3250,66.3,"-21.4%",464,527,7383
"437",2021-03-12,503,518660,10.3,9.4,3231,65.9,"-18.9%",462,515,7215
"438",2021-03-13,296,518956,6,9.2,3161,64.5,"-19%",452,505,7064
"439",2021-03-14,303,519259,6.2,9.1,3121,63.7,"-16.6%",446,490,6864
"440",2021-03-15,584,519843,11.9,9.2,3173,64.7,"-7.7%",453,472,6612
"441",2021-03-16,488,520331,10,9.2,3144,64.1,"-6.5%",449,465,6507
"442",2021-03-17,404,520735,8.2,8.9,3059,62.4,"-7.1%",437,454,6353
"443",2021-03-18,473,521208,9.6,8.9,3051,62.2,"-6.1%",436,450,6301
"444",2021-03-19,395,521603,8.1,8.6,2943,60,"-8.9%",420,441,6174
"445",2021-03-20,337,521940,6.9,8.7,2984,60.9,"-5.6%",426,439,6145
"446",2021-03-21,274,522214,5.6,8.6,2955,60.3,"-5.3%",422,434,6076
"447",2021-03-22,552,522766,11.3,8.5,2923,59.6,"-7.9%",418,435,6096
"448",2021-03-23,452,523218,9.2,8.4,2887,58.9,"-8.2%",412,431,6031
"449",2021-03-24,419,523637,8.5,8.5,2902,59.2,"-5.1%",415,426,5961
"450",2021-03-25,321,523958,6.5,8,2750,56.1,"-9.9%",393,414,5801
"451",2021-03-26,368,524326,7.5,7.9,2723,55.5,"-7.5%",389,405,5666
"452",2021-03-27,292,524618,6,7.8,2678,54.6,"-10.3%",383,404,5662
"453",2021-03-28,280,524898,5.7,7.8,2684,54.7,"-9.2%",383,403,5639
"454",2021-03-29,465,525363,9.5,7.6,2597,53,"-11.2%",371,394,5520
"455",2021-03-30,419,525782,8.5,7.5,2564,52.3,"-11.2%",366,389,5451
"456",2021-03-31,352,526134,7.2,7.3,2497,50.9,"-14%",357,386,5399
"457",2021-04-01,394,526528,8,7.5,2570,52.4,"-6.5%",367,380,5320
"458",2021-04-02,369,526897,7.5,7.5,2571,52.4,"-5.6%",367,378,5294
"459",2021-04-03,256,527153,5.2,7.4,2535,51.7,"-5.3%",362,372,5213
"460",2021-04-04,243,527396,5,7.3,2498,50.9,"-6.9%",357,370,5182
"461",2021-04-05,570,527966,11.6,7.6,2603,53.1,"0.2%",372,371,5200
"462",2021-04-06,473,528439,9.6,7.7,2657,54.2,"3.6%",380,373,5221
"463",2021-04-07,453,528892,9.2,8,2758,56.2,"10.5%",394,375,5255
"464",2021-04-08,422,529314,8.6,8.1,2786,56.8,"8.4%",398,383,5356
"465",2021-04-09,443,529757,9,8.3,2860,58.3,"11.2%",409,388,5431
"466",2021-04-10,325,530082,6.6,8.5,2929,59.7,"15.5%",418,390,5464
"467",2021-04-11,305,530387,6.2,8.7,2991,61,"19.7%",427,392,5489
"468",2021-04-12,607,530994,12.4,8.8,3028,61.8,"16.3%",433,402,5631
"469",2021-04-13,496,531490,10.1,8.9,3051,62.2,"14.8%",436,408,5708
"470",2021-04-14,478,531968,9.7,9,3076,62.7,"11.5%",439,417,5834
"471",2021-04-15,433,532401,8.8,9,3087,63,"10.8%",441,420,5873
"472",2021-04-16,431,532832,8.8,9,3075,62.7,"7.5%",439,424,5935
"473",2021-04-17,281,533113,5.7,8.8,3031,61.8,"3.5%",433,426,5960
"474",2021-04-18,328,533441,6.7,8.9,3054,62.3,"2.1%",436,432,6045
"475",2021-04-19,586,534027,12,8.8,3033,61.9,"0.2%",433,433,6061
"476",2021-04-20,466,534493,9.5,8.7,3003,61.2,"-1.6%",429,432,6054
"477",2021-04-21,456,534949,9.3,8.7,2981,60.8,"-3.1%",426,433,6057
"478",2021-04-22,394,535343,8,8.6,2942,60,"-4.7%",420,431,6029
"479",2021-04-23,403,535746,8.2,8.5,2914,59.4,"-5.2%",416,428,5989
"480",2021-04-24,283,536029,5.8,8.5,2916,59.5,"-3.8%",417,425,5947
"481",2021-04-25,286,536315,5.8,8.4,2874,58.6,"-5.9%",411,423,5928
"482",2021-04-26,517,536832,10.5,8.2,2805,57.2,"-7.5%",401,417,5838
"483",2021-04-27,450,537282,9.2,8.1,2789,56.9,"-7.1%",398,414,5792
"484",2021-04-28,489,537771,10,8.2,2822,57.6,"-5.3%",403,414,5803
"485",2021-04-29,413,538184,8.4,8.3,2841,57.9,"-3.4%",406,413,5783
"486",2021-04-30,371,538555,7.6,8.2,2809,57.3,"-3.6%",401,409,5723
"487",2021-05-01,299,538854,6.1,8.2,2825,57.6,"-3.1%",404,410,5741
"488",2021-05-02,292,539146,6,8.2,2831,57.7,"-1.5%",404,408,5705
"489",2021-05-03,512,539658,10.4,8.2,2826,57.6,"0.7%",404,402,5631
"490",2021-05-04,387,540045,7.9,8.1,2763,56.4,"-0.9%",395,397,5552
"491",2021-05-05,399,540444,8.1,7.8,2673,54.5,"-5.3%",382,392,5495
"492",2021-05-06,356,540800,7.3,7.6,2616,53.4,"-7.9%",374,390,5457
"493",2021-05-07,325,541125,6.6,7.5,2570,52.4,"-8.5%",367,384,5379
"494",2021-05-08,257,541382,5.2,7.4,2528,51.6,"-10.5%",361,382,5353
"495",2021-05-09,229,541611,4.7,7.2,2465,50.3,"-12.9%",352,378,5296
"496",2021-05-10,418,542029,8.5,6.9,2371,48.4,"-16.1%",339,371,5197
"497",2021-05-11,327,542356,6.7,6.7,2311,47.1,"-16.4%",330,362,5074
"498",2021-05-12,385,542741,7.9,6.7,2297,46.8,"-14.1%",328,355,4970
"499",2021-05-13,332,543073,6.8,6.6,2273,46.4,"-13.1%",325,349,4889
"500",2021-05-14,297,543370,6.1,6.5,2245,45.8,"-12.6%",321,344,4815
"501",2021-05-15,221,543591,4.5,6.4,2209,45.1,"-12.6%",316,338,4737
"502",2021-05-16,226,543817,4.6,6.4,2206,45,"-10.5%",315,334,4671
"503",2021-05-17,382,544199,7.8,6.3,2170,44.3,"-8.5%",310,324,4541
"504",2021-05-18,290,544489,5.9,6.2,2133,43.5,"-7.7%",305,317,4444
"505",2021-05-19,276,544765,5.6,5.9,2024,41.3,"-11.9%",289,309,4321
"506",2021-05-20,281,545046,5.7,5.7,1973,40.2,"-13.2%",282,303,4246
"507",2021-05-21,296,545342,6,5.7,1972,40.2,"-12.2%",282,301,4217
"508",2021-05-22,200,545542,4.1,5.7,1951,39.8,"-11.7%",279,297,4160
"509",2021-05-23,164,545706,3.3,5.5,1889,38.5,"-14.4%",270,292,4095
"510",2021-05-24,275,545981,5.6,5.2,1782,36.3,"-17.9%",255,282,3952
"511",2021-05-25,211,546192,4.3,5,1703,34.7,"-20.2%",243,274,3836
"512",2021-05-26,207,546399,4.2,4.8,1634,33.3,"-19.3%",233,261,3658
"513",2021-05-27,193,546592,3.9,4.5,1546,31.5,"-21.6%",221,251,3519
"514",2021-05-28,168,546760,3.4,4.1,1418,28.9,"-28.1%",203,242,3390
"515",2021-05-29,114,546874,2.3,3.9,1332,27.2,"-31.7%",190,234,3283
"516",2021-05-30,134,547008,2.7,3.8,1302,26.6,"-31.1%",186,228,3191
"517",2021-05-31,141,547149,2.9,3.4,1168,23.8,"-34.5%",167,211,2950
"518",2021-06-01,257,547406,5.2,3.5,1214,24.8,"-28.7%",173,208,2917
"519",2021-06-02,203,547609,4.1,3.5,1210,24.7,"-25.9%",173,203,2844
"520",2021-06-03,172,547781,3.5,3.5,1189,24.2,"-23.1%",170,195,2735
"521",2021-06-04,136,547917,2.8,3.4,1157,23.6,"-18.4%",165,184,2575
"522",2021-06-05,113,548030,2.3,3.4,1156,23.6,"-13.2%",165,178,2488
"523",2021-06-06,127,548157,2.6,3.3,1149,23.4,"-11.8%",164,175,2451
"524",2021-06-07,210,548367,4.3,3.5,1218,24.8,"4.3%",174,170,2386
"525",2021-06-08,155,548522,3.2,3.3,1116,22.8,"-8.1%",159,166,2330
"526",2021-06-09,178,548700,3.6,3.2,1091,22.3,"-9.8%",156,164,2301
"527",2021-06-10,143,548843,2.9,3.1,1062,21.7,"-10.7%",152,161,2251
"528",2021-06-11,154,548997,3.1,3.1,1080,22,"-6.7%",154,160,2237
"529",2021-06-12,107,549104,2.2,3.1,1074,21.9,"-7.1%",153,159,2230
"530",2021-06-13,125,549229,2.5,3.1,1072,21.9,"-6.7%",153,159,2221
"531",2021-06-14,194,549423,4,3.1,1056,21.5,"-13.3%",151,162,2274
"532",2021-06-15,140,549563,2.9,3,1041,21.2,"-6.7%",149,154,2157
"533",2021-06-16,192,549755,3.9,3.1,1055,21.5,"-3.3%",151,153,2146
"534",2021-06-17,163,549918,3.3,3.1,1075,21.9,"1.2%",154,153,2137
"535",2021-06-18,155,550073,3.2,3.1,1076,21.9,"-0.4%",154,154,2156
"536",2021-06-19,119,550192,2.4,3.2,1088,22.2,"1.3%",155,154,2162
"537",2021-06-20,146,550338,3,3.2,1109,22.6,"3.5%",158,156,2181
"538",2021-06-21,216,550554,4.4,3.3,1131,23.1,"7.1%",162,156,2187
"539",2021-06-22,210,550764,4.3,3.5,1201,24.5,"15.4%",172,160,2242
"540",2021-06-23,238,551002,4.9,3.6,1247,25.4,"18.2%",178,164,2302
"541",2021-06-24,214,551216,4.4,3.8,1298,26.5,"20.7%",185,170,2373
"542",2021-06-25,216,551432,4.4,4,1359,27.7,"26.3%",194,174,2435
"543",2021-06-26,201,551633,4.1,4.2,1441,29.4,"32.4%",206,181,2529
"544",2021-06-27,221,551854,4.5,4.4,1516,30.9,"36.7%",217,188,2625
"545",2021-06-28,317,552171,6.5,4.7,1617,33,"43%",231,196,2748
"546",2021-06-29,267,552438,5.4,4.9,1674,34.1,"39.4%",239,205,2875
"547",2021-06-30,277,552715,5.6,5,1713,34.9,"37.4%",245,211,2960
"548",2021-07-01,312,553027,6.4,5.3,1811,36.9,"39.5%",259,222,3109
"549",2021-07-02,296,553323,6,5.5,1891,38.6,"39.1%",270,232,3250
"550",2021-07-03,263,553586,5.4,5.7,1953,39.8,"35.5%",279,242,3394
"551",2021-07-04,238,553824,4.9,5.7,1970,40.2,"29.9%",281,249,3486
"552",2021-07-05,408,554232,8.3,6,2061,42,"27.5%",294,263,3678
"553",2021-07-06,500,554732,10.2,6.7,2294,46.8,"37%",328,283,3968
"554",2021-07-07,513,555245,10.5,7.4,2530,51.6,"47.7%",361,303,4243
"555",2021-07-08,549,555794,11.2,8.1,2767,56.4,"52.8%",395,327,4578
"556",2021-07-09,533,556327,10.9,8.8,3004,61.3,"58.9%",429,350,4895
"557",2021-07-10,433,556760,8.8,9.2,3174,64.7,"62.5%",453,366,5127
"558",2021-07-11,510,557270,10.4,10,3446,70.3,"74.9%",492,387,5416
"559",2021-07-12,894,558164,18.2,11.5,3932,80.2,"90.8%",562,428,5993
"560",2021-07-13,832,558996,17,12.4,4264,87,"85.9%",609,468,6558
"561",2021-07-14,974,559970,19.9,13.8,4725,96.4,"86.8%",675,518,7255
"562",2021-07-15,1032,561002,21,15.2,5208,106.2,"88.2%",744,570,7975
"563",2021-07-16,1079,562081,22,16.8,5754,117.4,"91.5%",822,626,8758
"564",2021-07-17,958,563039,19.5,18.3,6279,128.1,"97.8%",897,675,9453
"565",2021-07-18,1069,564108,21.8,19.9,6838,139.5,"98.4%",977,735,10284
"566",2021-07-19,1947,566055,39.7,23,7891,160.9,"100.7%",1127,844,11823
"567",2021-07-20,1845,567900,37.6,25.9,8904,181.6,"108.8%",1272,941,13168
"568",2021-07-21,1813,569713,37,28.4,9743,198.7,"106.2%",1392,1033,14468
"569",2021-07-22,2052,571765,41.9,31.4,10763,219.5,"106.7%",1538,1141,15971
"570",2021-07-23,2087,573852,42.6,34.3,11771,240.1,"104.6%",1682,1252,17525
"571",2021-07-24,1674,575526,34.1,36.4,12487,254.7,"98.9%",1784,1340,18766
"572",2021-07-25,1900,577426,38.8,38.8,13318,271.6,"94.8%",1903,1440,20156
"573",2021-07-26,3169,580595,64.6,42.4,14540,296.5,"84.3%",2077,1602,22431
"574",2021-07-27,3027,583622,61.7,45.8,15722,320.6,"76.6%",2246,1759,24626
"575",2021-07-28,3282,586904,66.9,50.1,17191,350.6,"76.4%",2456,1924,26934
"576",2021-07-29,3139,590043,64,53.3,18278,372.8,"69.8%",2611,2074,29041
"577",2021-07-30,3008,593051,61.3,55.9,19199,391.6,"63.1%",2743,2212,30970
"578",2021-07-31,2225,595276,45.4,57.5,19750,402.8,"58.2%",2821,2303,32237
"579",2021-08-01,2646,597922,54,59.7,20496,418,"53.9%",2928,2415,33814
"580",2021-08-02,4726,602648,96.4,64.3,22053,449.8,"51.7%",3150,2614,36593
"581",2021-08-03,4364,607012,89,68.1,23390,477,"48.8%",3341,2794,39112
"582",2021-08-04,4112,611124,83.9,70.6,24220,494,"40.9%",3460,2958,41411
"583",2021-08-05,4063,615187,82.9,73.3,25144,512.8,"37.6%",3592,3102,43422
"584",2021-08-06,3807,618994,77.6,75.6,25943,529.1,"35.1%",3706,3224,45142
"585",2021-08-07,2772,621766,56.5,77.2,26490,540.3,"34.1%",3784,3303,46240
"586",2021-08-08,2992,624758,61,78.2,26836,547.3,"30.9%",3834,3381,47332
"587",2021-08-09,5374,630132,109.6,80.1,27484,560.5,"24.6%",3926,3538,49537
"588",2021-08-10,5043,635175,102.9,82.1,28163,574.4,"20.4%",4023,3682,51553
"589",2021-08-11,4815,639990,98.2,84.1,28866,588.7,"19.2%",4124,3792,53086
"590",2021-08-12,4567,644557,93.1,85.6,29370,599,"16.8%",4196,3894,54514
"591",2021-08-13,4281,648838,87.3,87,29844,608.7,"15%",4263,3985,55787
"592",2021-08-14,3014,651852,61.5,87.7,30086,613.6,"13.6%",4298,4041,56576
"593",2021-08-15,3142,654994,64.1,88.1,30236,616.7,"12.7%",4319,4077,57072
"594",2021-08-16,6319,661313,128.9,90.8,31181,635.9,"13.5%",4454,4190,58665
"595",2021-08-17,5916,667229,120.7,93.4,32054,653.7,"13.8%",4579,4301,60217
"596",2021-08-18,5554,672783,113.3,95.5,32793,668.8,"13.6%",4685,4404,61659
"597",2021-08-19,5416,678199,110.5,98,33642,686.1,"14.5%",4806,4501,63012
"598",2021-08-20,5139,683338,104.8,100.5,34500,703.6,"15.6%",4929,4596,64344
"599",2021-08-21,3235,686573,66,101.2,34721,708.1,"15.4%",4960,4629,64807
"600",2021-08-22,3280,689853,66.9,101.6,34859,710.9,"15.3%",4980,4650,65095
"601",2021-08-23,7401,697254,150.9,104.7,35941,733,"15.3%",5134,4794,67122
"602",2021-08-24,6785,704039,138.4,107.2,36810,750.7,"14.8%",5259,4919,68864
"603",2021-08-25,6161,710200,125.7,109,37417,763.1,"14.1%",5345,5015,70210
"604",2021-08-26,5633,715833,114.9,109.6,37634,767.5,"11.9%",5376,5091,71276
"605",2021-08-27,5151,720984,105.1,109.7,37646,767.8,"9.1%",5378,5153,72146
"606",2021-08-28,3003,723987,61.2,109,37414,763.1,"7.8%",5345,5152,72135
"607",2021-08-29,2900,726887,59.1,107.9,37034,755.3,"6.2%",5291,5135,71893
"608",2021-08-30,6134,733021,125.1,104.2,35767,729.5,"-0.5%",5110,5122,71708
"609",2021-08-31,5710,738731,116.5,101.1,34692,707.5,"-5.8%",4956,5107,71502
"610",2021-09-01,5395,744126,110,98.8,33926,691.9,"-9.3%",4847,5096,71343
"611",2021-09-02,4666,748792,95.2,96,32959,672.2,"-12.4%",4708,5042,70593
"612",2021-09-03,4065,752857,82.9,92.9,31873,650,"-15.3%",4553,4966,69519
"613",2021-09-04,2315,755172,47.2,90.9,31185,636,"-16.6%",4455,4900,68599
"614",2021-09-05,2328,757500,47.5,89.2,30613,624.3,"-17.3%",4373,4832,67647
"615",2021-09-06,2522,760022,51.4,78.7,27001,550.7,"-24.5%",3857,4483,62768
"616",2021-09-07,5579,765601,113.8,78.3,26870,548,"-22.5%",3839,4397,61562
"617",2021-09-08,4302,769903,87.7,75.1,25777,525.7,"-24%",3682,4264,59703
"618",2021-09-09,3823,773726,78,72.6,24934,508.5,"-24.3%",3562,4135,57893
"619",2021-09-10,3216,776942,65.6,70.2,24085,491.2,"-24.4%",3441,3997,55958
"620",2021-09-11,1847,778789,37.7,68.8,23617,481.7,"-24.3%",3374,3914,54802
"621",2021-09-12,1821,780610,37.1,67.3,23110,471.3,"-24.5%",3301,3837,53723
"622",2021-09-13,3680,784290,75.1,70.7,24268,494.9,"-10.1%",3467,3662,51269
"623",2021-09-14,3075,787365,62.7,63.4,21764,443.9,"-19%",3109,3474,48634
"624",2021-09-15,2550,789915,52,58.3,20012,408.1,"-22.4%",2859,3271,45789
"625",2021-09-16,2336,792251,47.6,54,18525,377.8,"-25.7%",2646,3104,43459
"626",2021-09-17,2099,794350,42.8,50.7,17408,355,"-27.7%",2487,2964,41493
"627",2021-09-18,1359,795709,27.7,49.3,16920,345.1,"-28.4%",2417,2896,40537
"628",2021-09-19,1302,797011,26.6,47.8,16401,334.5,"-29%",2343,2822,39511
"629",2021-09-20,2694,799705,54.9,44.9,15415,314.4,"-36.5%",2202,2834,39683
"630",2021-09-21,2339,802044,47.7,42.8,14679,299.4,"-32.6%",2097,2603,36443
"631",2021-09-22,1955,803999,39.9,41,14084,287.2,"-29.6%",2012,2435,34096
"632",2021-09-23,1730,805729,35.3,39.3,13478,274.9,"-27.2%",1925,2286,32003
"633",2021-09-24,1581,807310,32.2,37.8,12960,264.3,"-25.6%",1851,2169,30368
"634",2021-09-25,1081,808391,22,36.9,12682,258.6,"-25%",1812,2114,29602
"635",2021-09-26,1041,809432,21.2,36.2,12421,253.3,"-24.3%",1774,2059,28822
"636",2021-09-27,2028,811460,41.4,34.2,11755,239.7,"-23.7%",1679,1941,27170
"637",2021-09-28,1528,812988,31.2,31.9,10944,223.2,"-25.4%",1563,1830,25623
"638",2021-09-29,1373,814361,28,30.2,10362,211.3,"-26.4%",1480,1746,24446
"639",2021-09-30,1252,815613,25.5,28.8,9884,201.6,"-26.7%",1412,1669,23362
"640",2021-10-01,1269,816882,25.9,27.9,9572,195.2,"-26.1%",1367,1609,22532
"641",2021-10-02,818,817700,16.7,27.1,9309,189.9,"-26.6%",1330,1571,21991
"642",2021-10-03,783,818483,16,26.4,9051,184.6,"-27.1%",1293,1534,21472
"643",2021-10-04,1536,820019,31.3,24.9,8559,174.6,"-27.2%",1223,1451,20314
"644",2021-10-05,1212,821231,24.7,24,8243,168.1,"-24.7%",1178,1370,19187
"645",2021-10-06,1140,822371,23.3,23.3,8010,163.4,"-22.7%",1144,1312,18372
"646",2021-10-07,1011,823382,20.6,22.6,7769,158.4,"-21.4%",1110,1261,17653
"647",2021-10-08,878,824260,17.9,21.5,7378,150.5,"-22.9%",1054,1211,16950
"648",2021-10-09,593,824853,12.1,20.8,7153,145.9,"-23.2%",1022,1176,16462
"649",2021-10-10,601,825454,12.3,20.3,6971,142.2,"-23%",996,1144,16022
"650",2021-10-11,1044,826498,21.3,18.9,6479,132.1,"-24.3%",926,1074,15038
"651",2021-10-12,930,827428,19,18.1,6197,126.4,"-24.8%",885,1031,14440
"652",2021-10-13,838,828266,17.1,17.2,5895,120.2,"-26.4%",842,993,13905
"653",2021-10-14,790,829056,16.1,16.5,5674,115.7,"-27%",811,960,13443
"654",2021-10-15,690,829746,14.1,16,5486,111.9,"-25.6%",784,919,12864
"655",2021-10-16,419,830165,8.5,15.5,5312,108.3,"-25.7%",759,890,12465
"656",2021-10-17,437,830602,8.9,15,5148,105,"-26.2%",735,866,12119
"657",2021-10-18,828,831430,16.9,14.4,4932,100.6,"-23.9%",705,815,11411
"658",2021-10-19,628,832058,12.8,13.5,4630,94.4,"-25.3%",661,773,10827
"659",2021-10-20,654,832712,13.3,13,4446,90.7,"-24.6%",635,739,10341
"660",2021-10-21,589,833301,12,12.4,4245,86.6,"-25.2%",606,708,9919
"661",2021-10-22,489,833790,10,11.8,4044,82.5,"-26.3%",578,681,9530
"662",2021-10-23,318,834108,6.5,11.5,3943,80.4,"-25.8%",563,661,9255
"663",2021-10-24,351,834459,7.2,11.2,3857,78.7,"-25.1%",551,643,9005
"664",2021-10-25,672,835131,13.7,10.8,3701,75.5,"-25%",529,617,8633
"665",2021-10-26,567,835698,11.6,10.6,3640,74.2,"-21.4%",520,591,8270
"666",2021-10-27,481,836179,9.8,10.1,3467,70.7,"-22%",495,565,7913
"667",2021-10-28,454,836633,9.3,9.7,3332,68,"-21.5%",476,541,7577
"668",2021-10-29,379,837012,7.7,9.4,3222,65.7,"-20.3%",460,519,7266
"669",2021-10-30,303,837315,6.2,9.3,3207,65.4,"-18.7%",458,511,7150
"670",2021-10-31,309,837624,6.3,9.2,3165,64.5,"-17.9%",452,502,7022
"671",2021-11-01,583,838207,11.9,9,3076,62.7,"-16.9%",439,484,6777
"672",2021-11-02,513,838720,10.5,8.8,3022,61.6,"-17%",432,476,6662
"673",2021-11-03,480,839200,9.8,8.8,3021,61.6,"-12.9%",432,463,6488
"674",2021-11-04,466,839666,9.5,8.8,3033,61.9,"-9%",433,455,6365
"675",2021-11-05,455,840121,9.3,9.1,3109,63.4,"-3.5%",444,452,6331
"676",2021-11-06,324,840445,6.6,9.1,3130,63.8,"-2.4%",447,453,6337
"677",2021-11-07,342,840787,7,9.2,3163,64.5,"-0.1%",452,452,6328
"678",2021-11-08,609,841396,12.4,9.3,3189,65,"3.7%",456,448,6265
"679",2021-11-09,554,841950,11.3,9.4,3230,65.9,"6.9%",461,447,6252
"680",2021-11-10,515,842465,10.5,9.5,3265,66.6,"8.1%",466,449,6286
"681",2021-11-11,401,842866,8.2,9.3,3200,65.3,"5.5%",457,445,6233
"682",2021-11-12,443,843309,9,9.3,3188,65,"2.5%",455,450,6297
"683",2021-11-13,274,843583,5.6,9.1,3138,64,"0.3%",448,448,6268
"684",2021-11-14,295,843878,6,9,3091,63,"-2.3%",442,447,6254
"685",2021-11-15,583,844461,11.9,8.9,3065,62.5,"-3.9%",438,447,6254
"686",2021-11-16,484,844945,9.9,8.7,2995,61.1,"-7.3%",428,445,6225
"687",2021-11-17,478,845423,9.7,8.6,2958,60.3,"-9.4%",423,444,6223
"688",2021-11-18,498,845921,10.2,8.9,3055,62.3,"-4.5%",436,447,6255
"689",2021-11-19,425,846346,8.7,8.8,3037,61.9,"-4.7%",434,445,6225
"690",2021-11-20,317,846663,6.5,9,3080,62.8,"-1.8%",440,444,6218
"691",2021-11-21,272,846935,5.5,8.9,3057,62.3,"-1.1%",437,439,6148
"692",2021-11-22,537,847472,11,8.8,3011,61.4,"-1.8%",430,434,6076
"693",2021-11-23,442,847914,9,8.7,2969,60.6,"-0.9%",424,426,5964
"694",2021-11-24,417,848331,8.5,8.5,2908,59.3,"-1.7%",415,419,5866
"695",2021-11-25,191,848522,3.9,7.6,2601,53,"-14.9%",372,404,5656
"696",2021-11-26,491,849013,10,7.8,2667,54.4,"-12.2%",381,407,5704
"697",2021-11-27,353,849366,7.2,7.9,2703,55.1,"-12.2%",386,413,5783
"698",2021-11-28,438,849804,8.9,8.4,2869,58.5,"-6.1%",410,423,5926
"699",2021-11-29,827,850631,16.9,9.2,3159,64.4,"4.9%",451,441,6170
"700",2021-11-30,668,851299,13.6,9.9,3385,69,"14%",484,454,6354
"701",2021-12-01,683,851982,13.9,10.6,3651,74.5,"25.6%",522,468,6559
"702",2021-12-02,627,852609,12.8,11.9,4087,83.4,"57.1%",584,478,6688
"703",2021-12-03,569,853178,11.6,12.1,4165,84.9,"56.2%",595,488,6832
"704",2021-12-04,430,853608,8.8,12.4,4242,86.5,"56.9%",606,496,6945
"705",2021-12-05,424,854032,8.6,12.3,4228,86.2,"47.4%",604,507,7097
"706",2021-12-06,813,854845,16.6,12.3,4214,85.9,"33.4%",602,527,7373
"707",2021-12-07,651,855496,13.3,12.2,4197,85.6,"24%",600,542,7582
"708",2021-12-08,625,856121,12.7,12.1,4139,84.4,"13.4%",591,556,7790
"709",2021-12-09,549,856670,11.2,11.8,4061,82.8,"-0.6%",580,582,8148
"710",2021-12-10,610,857280,12.4,12,4102,83.7,"-1.5%",586,590,8267
"711",2021-12-11,437,857717,8.9,12,4109,83.8,"-3.1%",587,596,8351
"712",2021-12-12,400,858117,8.2,11.9,4085,83.3,"-3.4%",584,594,8313
"713",2021-12-13,891,859008,18.2,12.1,4163,84.9,"-1.2%",595,598,8377
"714",2021-12-14,761,859769,15.5,12.4,4273,87.1,"1.8%",610,605,8470
"715",2021-12-15,826,860595,16.8,13,4474,91.2,"8.1%",639,615,8613
"716",2021-12-16,793,861388,16.2,13.7,4718,96.2,"16.2%",674,627,8779
"717",2021-12-17,871,862259,17.8,14.5,4979,101.5,"21.4%",711,649,9081
"718",2021-12-18,797,863056,16.3,15.6,5339,108.9,"29.9%",763,675,9448
"719",2021-12-19,837,863893,17.1,16.8,5776,117.8,"41.4%",825,704,9861
"720",2021-12-20,1900,865793,38.8,19.8,6785,138.4,"63%",969,782,10948
"721",2021-12-21,2259,868052,46.1,24.1,8283,168.9,"93.8%",1183,897,12556
"722",2021-12-22,2810,870862,57.3,29.9,10267,209.4,"129.5%",1467,1053,14741
"723",2021-12-23,3058,873920,62.4,36.5,12532,255.6,"165.6%",1790,1232,17250
"724",2021-12-24,2495,876415,50.9,41.2,14156,288.7,"184.3%",2022,1367,19135
"725",2021-12-25,1469,877884,30,43.2,14828,302.4,"177.7%",2118,1440,20167
"726",2021-12-26,4204,882088,85.7,53,18195,371.1,"215%",2599,1712,23971
"727",2021-12-27,8339,890427,170.1,71.8,24634,502.4,"263.1%",3519,2244,31419
"728",2021-12-28,9723,900150,198.3,93.5,32098,654.6,"287.5%",4585,2884,40381
"729",2021-12-29,10296,910446,210,115.3,39584,807.3,"285.5%",5655,3561,49851
"730",2021-12-30,9563,920009,195,134.3,46089,940,"267.8%",6584,4187,58621
"731",2021-12-31,6532,926541,133.2,146,50126,1022.3,"254.1%",7161,4592,64282
"732",2022-01-01,4852,931393,99,155.9,53509,1091.3,"260.9%",7644,4881,68337
"733",2022-01-02,6928,938321,141.3,163.8,56233,1146.9,"209.1%",8033,5316,74428
"734",2022-01-03,14082,952403,287.2,180.6,61976,1264,"151.6%",8854,6186,86610
"735",2022-01-04,14791,967194,301.7,195.3,67044,1367.4,"108.9%",9578,7082,99142
"736",2022-01-05,13997,981191,285.5,206.1,70745,1442.8,"78.7%",10106,7881,110329
"737",2022-01-06,12120,993311,247.2,213.6,73302,1495,"59%",10472,8528,119391
"738",2022-01-07,11328,1004639,231,227.5,78098,1592.8,"55.8%",11157,9159,128224
"739",2022-01-08,7058,1011697,143.9,234,80304,1637.8,"50.1%",11472,9558,133813
"740",2022-01-09,7420,1019117,151.3,235.4,80796,1647.8,"43.7%",11542,9788,137029
"741",2022-01-10,17952,1037069,366.1,246.7,84666,1726.8,"36.6%",12095,10474,146642
"742",2022-01-11,16601,1053670,338.6,252,86476,1763.7,"29%",12354,10966,153520
"743",2022-01-12,16551,1070221,337.6,259.4,89030,1815.8,"25.8%",12719,11412,159775
"744",2022-01-13,15170,1085391,309.4,268.3,92080,1878,"25.6%",13154,11813,165382
"745",2022-01-14,14118,1099509,287.9,276.4,94870,1934.9,"21.5%",13553,12355,172968
"746",2022-01-15,8159,1107668,166.4,279.6,95971,1957.3,"19.5%",13710,12591,176275
"747",2022-01-16,7553,1115221,154,280,96104,1960,"18.9%",13729,12636,176900
"748",2022-01-17,16855,1132076,343.8,276.8,95007,1937.7,"12.2%",13572,12834,179673
"749",2022-01-18,18565,1150641,378.6,282.5,96971,1977.7,"12.1%",13853,13103,183447
"750",2022-01-19,16175,1166816,329.9,281.4,96595,1970,"8.5%",13799,13259,185625
"751",2022-01-20,12825,1179641,261.6,274.6,94250,1922.2,"2.4%",13464,13309,186330
"752",2022-01-21,9958,1189599,203.1,262.5,90090,1837.4,"-5%",12870,13211,184960
"753",2022-01-22,5491,1195090,112,254.7,87422,1783,"-8.9%",12489,13100,183393
"754",2022-01-23,5375,1200465,109.6,248.4,85244,1738.5,"-11.3%",12178,12953,181348
"755",2022-01-24,12054,1212519,245.8,234.4,80443,1640.6,"-15.3%",11492,12532,175450
"756",2022-01-25,9734,1222253,198.5,208.6,71612,1460.5,"-26.2%",10230,12042,168583
"757",2022-01-26,8333,1230586,170,185.8,63770,1300.6,"-34%",9110,11455,160365
"758",2022-01-27,6853,1237439,139.8,168.4,57798,1178.8,"-38.7%",8257,10861,152048
"759",2022-01-28,5429,1242868,110.7,155.2,53269,1086.4,"-40.9%",7610,10240,143359
"760",2022-01-29,2845,1245713,58,147.5,50623,1032.5,"-42.1%",7232,9860,138045
"761",2022-01-30,2910,1248623,59.3,140.3,48158,982.2,"-43.5%",6880,9529,133402
"762",2022-01-31,6285,1254908,128.2,123.5,42389,864.5,"-47.3%",6056,8774,122832
"763",2022-02-01,4920,1259828,100.3,109.5,37575,766.3,"-47.5%",5368,7799,109187
"764",2022-02-02,4057,1263885,82.7,97,33299,679.1,"-47.8%",4757,6934,97069
"765",2022-02-03,3457,1267342,70.5,87.1,29903,609.9,"-48.3%",4272,6264,87701
"766",2022-02-04,2640,1269982,53.8,79,27114,553,"-49.1%",3873,5742,80383
"767",2022-02-05,1444,1271426,29.5,74.9,25713,524.4,"-49.2%",3673,5453,76336
"768",2022-02-06,1382,1272808,28.2,70.5,24185,493.3,"-49.8%",3455,5167,72343
"769",2022-02-07,2968,1275776,60.5,60.8,20868,425.6,"-50.8%",2981,4518,63257
"770",2022-02-08,2261,1278037,46.1,53.1,18209,371.4,"-51.5%",2601,3985,55784
"771",2022-02-09,1880,1279917,38.3,46.7,16032,327,"-51.9%",2290,3524,49331
"772",2022-02-10,1571,1281488,32,41.2,14146,288.5,"-52.7%",2021,3146,44049
"773",2022-02-11,1326,1282814,27,37.4,12832,261.7,"-52.7%",1833,2853,39946
"774",2022-02-12,734,1283548,15,35.3,12122,247.2,"-52.9%",1732,2702,37835
"775",2022-02-13,749,1284297,15.3,33.5,11489,234.3,"-52.5%",1641,2548,35674
"776",2022-02-14,1554,1285851,31.7,29.4,10075,205.5,"-51.7%",1439,2210,30943
"777",2022-02-15,1129,1286980,23,26.1,8943,182.4,"-50.9%",1278,1939,27152
"778",2022-02-16,965,1287945,19.7,23.4,8028,163.7,"-49.9%",1147,1719,24060
"779",2022-02-17,869,1288814,17.7,21.3,7326,149.4,"-48.2%",1047,1534,21472
"780",2022-02-18,707,1289521,14.4,19.5,6707,136.8,"-47.7%",958,1396,19539
"781",2022-02-19,427,1289948,8.7,18.6,6400,130.5,"-47.2%",914,1323,18522
"782",2022-02-20,379,1290327,7.7,17.6,6030,123,"-47.5%",861,1251,17519
"783",2022-02-21,713,1291040,14.5,15.1,5189,105.8,"-48.5%",741,1090,15264
"784",2022-02-22,579,1291619,11.8,13.5,4639,94.6,"-48.1%",663,970,13582
"785",2022-02-23,531,1292150,10.8,12.3,4205,85.8,"-47.6%",601,874,12233
"786",2022-02-24,506,1292656,10.3,11.2,3842,78.4,"-47.6%",549,798,11168
"787",2022-02-25,370,1293026,7.5,10.2,3505,71.5,"-47.7%",501,729,10212
"788",2022-02-26,226,1293252,4.6,9.6,3304,67.4,"-48.4%",472,693,9704
"789",2022-02-27,190,1293442,3.9,9.1,3115,63.5,"-48.3%",445,653,9145
"790",2022-02-28,432,1293874,8.8,8.3,2834,57.8,"-45.4%",405,573,8023
"791",2022-03-01,313,1294187,6.4,7.5,2568,52.4,"-44.6%",367,515,7207
"792",2022-03-02,277,1294464,5.6,6.7,2314,47.2,"-45%",331,466,6519
"793",2022-03-03,279,1294743,5.7,6.1,2087,42.6,"-45.7%",298,424,5929
"794",2022-03-04,232,1294975,4.7,5.7,1949,39.7,"-44.4%",278,390,5454
"795",2022-03-05,132,1295107,2.7,5.4,1855,37.8,"-43.9%",265,368,5159
"796",2022-03-06,150,1295257,3.1,5.3,1815,37,"-41.7%",259,352,4930
"797",2022-03-07,276,1295533,5.6,4.8,1659,33.8,"-41.5%",237,321,4493
"798",2022-03-08,203,1295736,4.1,4.5,1549,31.6,"-39.7%",221,294,4117
"799",2022-03-09,187,1295923,3.8,4.3,1459,29.8,"-36.9%",208,270,3773
"800",2022-03-10,170,1296093,3.5,3.9,1350,27.5,"-35.3%",193,246,3437
"801",2022-03-11,143,1296236,2.9,3.7,1261,25.7,"-35.3%",180,229,3210
"802",2022-03-12,66,1296302,1.3,3.5,1195,24.4,"-35.6%",171,218,3050
"803",2022-03-13,79,1296381,1.6,3.3,1124,22.9,"-38.1%",161,210,2939
"804",2022-03-14,163,1296544,3.3,2.9,1011,20.6,"-39.1%",144,191,2670
"805",2022-03-15,159,1296703,3.2,2.8,967,19.7,"-37.6%",138,180,2516
"806",2022-03-16,135,1296838,2.8,2.7,915,18.7,"-37.3%",131,170,2374
"807",2022-03-17,133,1296971,2.7,2.6,878,17.9,"-35%",125,159,2228
"808",2022-03-18,111,1297082,2.3,2.5,846,17.3,"-32.9%",121,150,2107
"809",2022-03-19,72,1297154,1.5,2.5,852,17.4,"-28.7%",122,146,2047
"810",2022-03-20,82,1297236,1.7,2.5,855,17.4,"-23.9%",122,141,1979
"811",2022-03-21,159,1297395,3.2,2.5,851,17.4,"-15.8%",122,133,1862
"812",2022-03-22,110,1297505,2.2,2.3,802,16.4,"-17.1%",115,126,1769
"813",2022-03-23,118,1297623,2.4,2.3,785,16,"-14.2%",112,121,1700
"814",2022-03-24,115,1297738,2.3,2.2,767,15.6,"-12.6%",110,118,1645
"815",2022-03-25,106,1297844,2.2,2.2,762,15.5,"-9.9%",109,115,1608
"816",2022-03-26,89,1297933,1.8,2.3,779,15.9,"-8.6%",111,116,1631
"817",2022-03-27,55,1297988,1.1,2.2,752,15.3,"-12%",107,115,1607
"818",2022-03-28,177,1298165,3.6,2.2,770,15.7,"-9.5%",110,116,1621
"819",2022-03-29,121,1298286,2.5,2.3,781,15.9,"-2.6%",112,113,1583
"820",2022-03-30,99,1298385,2,2.2,762,15.5,"-2.9%",109,110,1547
"821",2022-03-31,101,1298486,2.1,2.2,748,15.3,"-2.5%",107,108,1515
"822",2022-04-01,96,1298582,2,2.2,738,15.1,"-3.1%",105,107,1500
"823",2022-04-02,84,1298666,1.7,2.1,733,14.9,"-5.9%",105,108,1512
"824",2022-04-03,78,1298744,1.6,2.2,756,15.4,"0.5%",108,108,1508
"825",2022-04-04,131,1298875,2.7,2.1,710,14.5,"-7.8%",101,106,1480
"826",2022-04-05,112,1298987,2.3,2,701,14.3,"-10.2%",100,106,1482
"827",2022-04-06,126,1299113,2.6,2.1,728,14.8,"-4.5%",104,106,1490
"828",2022-04-07,130,1299243,2.7,2.2,757,15.4,"1.2%",108,108,1505
"829",2022-04-08,116,1299359,2.4,2.3,777,15.8,"5.3%",111,108,1515
"830",2022-04-09,87,1299446,1.8,2.3,780,15.9,"6.4%",111,108,1513
"831",2022-04-10,88,1299534,1.8,2.3,790,16.1,"4.5%",113,110,1546
"832",2022-04-11,169,1299703,3.4,2.4,828,16.9,"16.6%",118,110,1538
"833",2022-04-12,141,1299844,2.9,2.5,857,17.5,"22.3%",122,111,1558
"834",2022-04-13,147,1299991,3,2.6,878,17.9,"20.6%",125,115,1606
"835",2022-04-14,155,1300146,3.2,2.6,903,18.4,"19.3%",129,119,1660
"836",2022-04-15,123,1300269,2.5,2.7,910,18.6,"17.1%",130,120,1687
"837",2022-04-16,110,1300379,2.2,2.7,933,19,"19.6%",133,122,1713
"838",2022-04-17,57,1300436,1.2,2.6,902,18.4,"14.2%",129,121,1692
"839",2022-04-18,202,1300638,4.1,2.7,935,19.1,"12.9%",134,126,1763
"840",2022-04-19,180,1300818,3.7,2.8,974,19.9,"13.7%",139,131,1831
"841",2022-04-20,169,1300987,3.4,2.9,996,20.3,"13.4%",142,134,1874
"842",2022-04-21,192,1301179,3.9,3,1033,21.1,"14.4%",148,138,1936
"843",2022-04-22,141,1301320,2.9,3.1,1051,21.4,"15.5%",150,140,1961
"844",2022-04-23,92,1301412,1.9,3,1033,21.1,"10.7%",148,140,1966
"845",2022-04-24,113,1301525,2.3,3.2,1089,22.2,"20.7%",156,142,1991
"846",2022-04-25,240,1301765,4.9,3.3,1127,23,"20.5%",161,147,2062
"847",2022-04-26,194,1301959,4,3.3,1141,23.3,"17.1%",163,151,2115
"848",2022-04-27,249,1302208,5.1,3.6,1221,24.9,"22.6%",174,158,2217
"849",2022-04-28,213,1302421,4.3,3.6,1242,25.3,"20.2%",177,162,2275
"850",2022-04-29,192,1302613,3.9,3.8,1293,26.4,"23%",185,167,2344
"851",2022-04-30,134,1302747,2.7,3.9,1335,27.2,"29.2%",191,169,2368
"852",2022-05-01,183,1302930,3.7,4.1,1405,28.7,"29%",201,178,2494
"853",2022-05-02,305,1303235,6.2,4.3,1470,30,"30.4%",210,186,2597
"854",2022-05-03,334,1303569,6.8,4.7,1610,32.8,"41.1%",230,196,2751
"855",2022-05-04,287,1303856,5.9,4.8,1648,33.6,"35%",235,205,2869
"856",2022-05-05,320,1304176,6.5,5.1,1755,35.8,"41.3%",251,214,2997
"857",2022-05-06,293,1304469,6,5.4,1856,37.9,"43.5%",265,225,3149
"858",2022-05-07,206,1304675,4.2,5.6,1928,39.3,"44.4%",275,233,3263
"859",2022-05-08,251,1304926,5.1,5.8,1996,40.7,"42.1%",285,243,3401
"860",2022-05-09,460,1305386,9.4,6.3,2151,43.9,"46.3%",307,259,3621
"861",2022-05-10,467,1305853,9.5,6.7,2284,46.6,"41.9%",326,278,3894
"862",2022-05-11,462,1306315,9.4,7.2,2459,50.2,"49.2%",351,293,4107
"863",2022-05-12,470,1306785,9.6,7.6,2609,53.2,"48.7%",373,312,4364
"864",2022-05-13,436,1307221,8.9,8,2752,56.1,"48.3%",393,329,4608
"865",2022-05-14,316,1307537,6.4,8.3,2862,58.4,"48.4%",409,342,4790
"866",2022-05-15,355,1307892,7.2,8.6,2966,60.5,"48.6%",424,354,4962
"867",2022-05-16,650,1308542,13.3,9.2,3156,64.4,"46.7%",451,379,5307
"868",2022-05-17,616,1309158,12.6,9.6,3305,67.4,"44.7%",472,399,5589
"869",2022-05-18,622,1309780,12.7,10.1,3465,70.7,"40.9%",495,423,5924
"870",2022-05-19,582,1310362,11.9,10.4,3577,73,"37.1%",511,442,6186
"871",2022-05-20,566,1310928,11.5,10.8,3707,75.6,"34.7%",530,461,6459
"872",2022-05-21,444,1311372,9.1,11.2,3835,78.2,"34%",548,478,6697
"873",2022-05-22,471,1311843,9.6,11.5,3951,80.6,"33.2%",564,494,6917
"874",2022-05-23,889,1312732,18.1,12.2,4190,85.5,"32.8%",599,525,7346
"875",2022-05-24,863,1313595,17.6,12.9,4437,90.5,"34.3%",634,553,7742
"876",2022-05-25,843,1314438,17.2,13.6,4658,95,"34.4%",665,580,8123
"877",2022-05-26,798,1315236,16.3,14.2,4874,99.4,"36.3%",696,604,8451
"878",2022-05-27,798,1316034,16.3,14.9,5106,104.1,"37.7%",729,630,8813
"879",2022-05-28,566,1316600,11.5,15.2,5228,106.6,"36.3%",747,647,9063
"880",2022-05-29,586,1317186,12,15.6,5343,109,"35.2%",763,664,9294
"881",2022-05-30,680,1317866,13.9,15,5134,104.7,"22.5%",733,666,9324
"882",2022-05-31,1408,1319274,28.7,16.5,5679,115.8,"28%",811,723,10116
"883",2022-06-01,1278,1320552,26.1,17.8,6114,124.7,"31.3%",873,769,10772
"884",2022-06-02,1112,1321664,22.7,18.7,6428,131.1,"31.9%",918,807,11302
"885",2022-06-03,996,1322660,20.3,19.3,6626,135.1,"29.8%",947,838,11732
"886",2022-06-04,771,1323431,15.7,19.9,6831,139.3,"30.7%",976,861,12059
"887",2022-06-05,774,1324205,15.8,20.5,7019,143.2,"31.4%",1003,883,12362
"888",2022-06-06,1480,1325685,30.2,22.8,7819,159.5,"52.3%",1117,925,12953
"889",2022-06-07,1171,1326856,23.9,22.1,7582,154.6,"33.5%",1083,947,13261
"890",2022-06-08,1241,1328097,25.3,22,7545,153.9,"23.4%",1078,976,13659
"891",2022-06-09,1379,1329476,28.1,22.8,7812,159.3,"21.5%",1116,1017,14240
"892",2022-06-10,1276,1330752,26,23.6,8092,165,"22.1%",1156,1051,14718
"893",2022-06-11,942,1331694,19.2,24.1,8263,168.5,"21%",1180,1078,15094
"894",2022-06-12,972,1332666,19.8,24.7,8461,172.6,"20.5%",1209,1106,15480
"895",2022-06-13,1875,1334541,38.2,25.8,8856,180.6,"13.3%",1265,1191,16675
"896",2022-06-14,1705,1336246,34.8,27.4,9390,191.5,"23.8%",1341,1212,16972
"897",2022-06-15,1720,1337966,35.1,28.8,9869,201.3,"30.8%",1410,1244,17414
"898",2022-06-16,1718,1339684,35,29.7,10208,208.2,"30.7%",1458,1287,18020
"899",2022-06-17,1439,1341123,29.3,30.2,10371,211.5,"28.2%",1482,1319,18463
"900",2022-06-18,1158,1342281,23.6,30.8,10587,215.9,"28.1%",1512,1346,18850
"901",2022-06-19,1166,1343447,23.8,31.4,10781,219.9,"27.4%",1540,1374,19242
"902",2022-06-20,2154,1345601,43.9,32.2,11060,225.6,"24.9%",1580,1423,19916
"903",2022-06-21,2017,1347618,41.1,33.1,11372,231.9,"21.1%",1625,1483,20762
"904",2022-06-22,2058,1349676,42,34.1,11710,238.8,"18.7%",1673,1541,21579
"905",2022-06-23,1967,1351643,40.1,34.8,11959,243.9,"17.2%",1708,1583,22167
"906",2022-06-24,1704,1353347,34.8,35.6,12224,249.3,"17.9%",1746,1614,22595
"907",2022-06-25,1362,1354709,27.8,36.2,12428,253.5,"17.4%",1775,1644,23015
"908",2022-06-26,1425,1356134,29.1,37,12687,258.8,"17.7%",1812,1676,23468
"909",2022-06-27,2589,1358723,52.8,38.2,13122,267.6,"18.6%",1875,1727,24182
"910",2022-06-28,2466,1361189,50.3,39.5,13571,276.8,"19.3%",1939,1782,24943
"911",2022-06-29,2263,1363452,46.2,40.1,13776,281,"17.6%",1968,1820,25486
"912",2022-06-30,2163,1365615,44.1,40.7,13972,285,"16.8%",1996,1852,25931
"913",2022-07-01,2093,1367708,42.7,41.8,14361,292.9,"17.5%",2052,1899,26585
"914",2022-07-02,1462,1369170,29.8,42.1,14461,294.9,"16.4%",2066,1921,26889
"915",2022-07-03,1462,1370632,29.8,42.2,14498,295.7,"14.3%",2071,1942,27185
"916",2022-07-04,1407,1372039,28.7,38.8,13316,271.6,"1.5%",1902,1888,26438
"917",2022-07-05,3244,1375283,66.2,41.1,14094,287.4,"3.9%",2013,1976,27665
"918",2022-07-06,2951,1378234,60.2,43.1,14782,301.5,"7.3%",2112,2040,28558
"919",2022-07-07,2797,1381031,57,44.9,15416,314.4,"10.3%",2202,2099,29388
"920",2022-07-08,2443,1383474,49.8,45.9,15766,321.5,"9.8%",2252,2152,30127
"921",2022-07-09,1775,1385249,36.2,46.8,16079,327.9,"11.2%",2297,2181,30540
"922",2022-07-10,1899,1387148,38.7,48.1,16516,336.8,"13.9%",2359,2215,31014
"923",2022-07-11,3461,1390609,70.6,54.1,18570,378.7,"39.5%",2653,2278,31886
"924",2022-07-12,2920,1393529,59.6,53.2,18246,372.1,"29.5%",2607,2310,32340
"925",2022-07-13,2791,1396320,56.9,52.7,18086,368.9,"22.4%",2584,2348,32868
"926",2022-07-14,2644,1398964,53.9,52.2,17933,365.7,"16.3%",2562,2382,33349
"927",2022-07-15,2456,1401420,50.1,52.3,17946,366,"13.8%",2564,2408,33712
"928",2022-07-16,1791,1403211,36.5,52.3,17962,366.3,"11.7%",2566,2432,34041
"929",2022-07-17,1924,1405135,39.2,52.4,17987,366.8,"8.9%",2570,2464,34503
"930",2022-07-18,3489,1408624,71.2,52.5,18015,367.4,"-3%",2574,2613,36585
"931",2022-07-19,3084,1411708,62.9,53,18179,370.8,"-0.4%",2597,2602,36425
"932",2022-07-20,3044,1414752,62.1,53.7,18432,375.9,"1.9%",2633,2608,36518
"933",2022-07-21,2667,1417419,54.4,53.8,18455,376.4,"2.9%",2636,2599,36388
"934",2022-07-22,2458,1419877,50.1,53.8,18457,376.4,"2.8%",2637,2600,36403
"935",2022-07-23,1860,1421737,37.9,54,18526,377.8,"3.1%",2647,2606,36488
"936",2022-07-24,1841,1423578,37.5,53.7,18443,376.1,"2.5%",2635,2602,36430
"937",2022-07-25,3301,1426879,67.3,53.2,18255,372.3,"1.3%",2608,2591,36270
"938",2022-07-26,2735,1429614,55.8,52.2,17906,365.2,"-1.5%",2558,2578,36085
"939",2022-07-27,2548,1432162,52,50.7,17410,355.1,"-5.5%",2487,2560,35842
"940",2022-07-28,2250,1434412,45.9,49.5,16993,346.6,"-7.9%",2428,2532,35448
"941",2022-07-29,2052,1436464,41.9,48.3,16587,338.3,"-10.1%",2370,2503,35044
"942",2022-07-30,1519,1437983,31,47.3,16246,331.3,"-12.3%",2321,2484,34772
"943",2022-07-31,1554,1439537,31.7,46.5,15959,325.5,"-13.5%",2280,2457,34402
"944",2022-08-01,2833,1442370,57.8,45.1,15491,315.9,"-15.1%",2213,2410,33746
"945",2022-08-02,2402,1444772,49,44.2,15158,309.1,"-15.3%",2165,2362,33064
"946",2022-08-03,2145,1446917,43.7,43,14755,300.9,"-15.2%",2108,2298,32165
"947",2022-08-04,2015,1448932,41.1,42.3,14520,296.1,"-14.6%",2074,2251,31513
"948",2022-08-05,1827,1450759,37.3,41.6,14295,291.5,"-13.8%",2042,2206,30882
"949",2022-08-06,1370,1452129,27.9,41.2,14146,288.5,"-12.9%",2021,2171,30392
"950",2022-08-07,1489,1453618,30.4,41,14081,287.2,"-11.8%",2012,2146,30040
"951",2022-08-08,2532,1456150,51.6,40.1,13780,281,"-11%",1969,2091,29271
"952",2022-08-09,2166,1458316,44.2,39.5,13544,276.2,"-10.6%",1935,2050,28702
"953",2022-08-10,2078,1460394,42.4,39.3,13477,274.9,"-8.7%",1925,2017,28232
"954",2022-08-11,2005,1462399,40.9,39.2,13467,274.7,"-7.3%",1924,1999,27987
"955",2022-08-12,1835,1464234,37.4,39.3,13475,274.8,"-5.7%",1925,1984,27770
"956",2022-08-13,1401,1465635,28.6,39.4,13506,275.5,"-4.5%",1929,1975,27652
"957",2022-08-14,1581,1467216,32.2,39.6,13598,277.3,"-3.4%",1943,1977,27679
"958",2022-08-15,2754,1469970,56.2,40.3,13820,281.9,"0.3%",1974,1971,27600
"959",2022-08-16,2513,1472483,51.3,41.3,14167,288.9,"4.6%",2024,1979,27711
"960",2022-08-17,2156,1474639,44,41.5,14245,290.5,"5.7%",2035,1980,27722
"961",2022-08-18,2208,1476847,45,42.1,14448,294.7,"7.3%",2064,1994,27915
"962",2022-08-19,1764,1478611,36,41.9,14377,293.2,"6.7%",2054,1989,27852
"963",2022-08-20,1467,1480078,29.9,42.1,14443,294.6,"6.9%",2063,1996,27949
"964",2022-08-21,1635,1481713,33.3,42.2,14497,295.7,"6.6%",2071,2007,28095
"965",2022-08-22,2987,1484700,60.9,42.9,14730,300.4,"6.6%",2104,2039,28550
"966",2022-08-23,2597,1487297,53,43.2,14814,302.1,"4.6%",2116,2070,28981
"967",2022-08-24,2442,1489739,49.8,44,15100,308,"6%",2157,2096,29345
"968",2022-08-25,2209,1491948,45.1,44,15101,308,"4.5%",2157,2111,29549
"969",2022-08-26,2120,1494068,43.2,45,15457,315.2,"7.5%",2208,2131,29834
"970",2022-08-27,1359,1495427,27.7,44.7,15349,313,"6.3%",2193,2128,29792
"971",2022-08-28,1417,1496844,28.9,44.1,15131,308.6,"4.4%",2162,2116,29628
"972",2022-08-29,2751,1499595,56.1,43.4,14895,303.8,"1.1%",2128,2116,29625
"973",2022-08-30,2303,1501898,47,42.5,14601,297.8,"-1.4%",2086,2101,29415
"974",2022-08-31,1758,1503656,35.9,40.5,13917,283.8,"-7.8%",1988,2073,29017
"975",2022-09-01,1585,1505241,32.3,38.7,13293,271.1,"-12%",1899,2028,28394
"976",2022-09-02,1316,1506557,26.8,36.4,12489,254.7,"-19.2%",1784,1996,27946
"977",2022-09-03,842,1507399,17.2,34.9,11972,244.2,"-22%",1710,1952,27321
"978",2022-09-04,936,1508335,19.1,33.5,11491,234.4,"-24.1%",1642,1902,26622
"979",2022-09-05,943,1509278,19.2,28.2,9683,197.5,"-35%",1383,1756,24578
"980",2022-09-06,1730,1511008,35.3,26.5,9110,185.8,"-37.6%",1301,1694,23711
"981",2022-09-07,1351,1512359,27.6,25.4,8703,177.5,"-37.5%",1243,1616,22620
"982",2022-09-08,1136,1513495,23.2,24,8254,168.3,"-37.9%",1179,1539,21547
"983",2022-09-09,981,1514476,20,23.1,7919,161.5,"-36.6%",1131,1458,20408
"984",2022-09-10,591,1515067,12.1,22.3,7668,156.4,"-36%",1095,1403,19640
"985",2022-09-11,589,1515656,12,21.3,7321,149.3,"-36.3%",1046,1344,18812
"986",2022-09-12,1076,1516732,21.9,21.7,7454,152,"-23%",1065,1224,17137
"987",2022-09-13,903,1517635,18.4,19.3,6627,135.2,"-27.3%",947,1124,15737
"988",2022-09-14,765,1518400,15.6,17.6,6041,123.2,"-30.6%",863,1053,14744
"989",2022-09-15,673,1519073,13.7,16.3,5578,113.8,"-32.4%",797,988,13832
"990",2022-09-16,582,1519655,11.9,15.1,5179,105.6,"-34.6%",740,936,13098
"991",2022-09-17,378,1520033,7.7,14.5,4966,101.3,"-35.2%",709,902,12634
"992",2022-09-18,391,1520424,8,13.9,4768,97.2,"-34.9%",681,864,12089
"993",2022-09-19,791,1521215,16.1,13.1,4483,91.4,"-39.9%",640,853,11937
"994",2022-09-20,633,1521848,12.9,12.3,4213,85.9,"-36.4%",602,774,10840
"995",2022-09-21,576,1522424,11.7,11.7,4024,82.1,"-33.4%",575,719,10065
"996",2022-09-22,509,1522933,10.4,11.2,3860,78.7,"-30.8%",551,674,9438
"997",2022-09-23,507,1523440,10.3,11,3785,77.2,"-26.9%",541,640,8964
"998",2022-09-24,286,1523726,5.8,10.8,3693,75.3,"-25.6%",528,618,8659
"999",2022-09-25,296,1524022,6,10.5,3598,73.4,"-24.5%",514,598,8366
"1000",2022-09-26,514,1524536,10.5,9.7,3321,67.7,"-25.9%",474,557,7804
"1001",2022-09-27,484,1525020,9.9,9.2,3172,64.7,"-24.7%",453,528,7385
"1002",2022-09-28,409,1525429,8.3,8.8,3005,61.3,"-25.3%",429,502,7029
"1003",2022-09-29,403,1525832,8.2,8.4,2899,59.1,"-24.9%",414,483,6759
"1004",2022-09-30,357,1526189,7.3,8,2749,56.1,"-27.4%",393,467,6534
"1005",2022-10-01,265,1526454,5.4,7.9,2728,55.6,"-26.1%",390,459,6421
"1006",2022-10-02,309,1526763,6.3,8,2741,55.9,"-23.8%",392,453,6339
"1007",2022-10-03,495,1527258,10.1,7.9,2722,55.5,"-18%",389,432,6043
"1008",2022-10-04,394,1527652,8,7.7,2632,53.7,"-17%",376,415,5804
"1009",2022-10-05,411,1528063,8.4,7.7,2634,53.7,"-12.3%",376,403,5639
"1010",2022-10-06,386,1528449,7.9,7.6,2617,53.4,"-9.7%",374,394,5516
"1011",2022-10-07,358,1528807,7.3,7.6,2618,53.4,"-4.8%",374,383,5367
"1012",2022-10-08,220,1529027,4.5,7.5,2573,52.5,"-5.7%",368,379,5301
"1013",2022-10-09,224,1529251,4.6,7.2,2488,50.7,"-9.2%",355,374,5229
"1014",2022-10-10,425,1529676,8.7,7,2418,49.3,"-11.2%",345,367,5140
"1015",2022-10-11,396,1530072,8.1,7.1,2420,49.4,"-8.1%",346,361,5052
"1016",2022-10-12,350,1530422,7.1,6.9,2359,48.1,"-10.4%",337,357,4993
"1017",2022-10-13,390,1530812,8,6.9,2363,48.2,"-9.7%",338,356,4980
"1018",2022-10-14,347,1531159,7.1,6.9,2352,48,"-10.2%",336,355,4970
"1019",2022-10-15,229,1531388,4.7,6.9,2361,48.2,"-8.2%",337,352,4934
"1020",2022-10-16,280,1531668,5.7,7,2417,49.3,"-2.9%",345,350,4905
"1021",2022-10-17,460,1532128,9.4,7.1,2452,50,"1.4%",350,348,4870
"1022",2022-10-18,365,1532493,7.4,7.1,2421,49.4,"0%",346,346,4841
"1023",2022-10-19,380,1532873,7.8,7.1,2451,50,"3.9%",350,344,4810
"1024",2022-10-20,354,1533227,7.2,7,2415,49.3,"2.2%",345,341,4778
"1025",2022-10-21,356,1533583,7.3,7.1,2424,49.4,"3.1%",346,341,4776
"1026",2022-10-22,278,1533861,5.7,7.2,2473,50.4,"4.7%",353,345,4834
"1027",2022-10-23,341,1534202,7,7.4,2534,51.7,"4.8%",362,354,4951
"1028",2022-10-24,542,1534744,11.1,7.6,2616,53.4,"6.7%",374,362,5068
"1029",2022-10-25,532,1535276,10.9,8.1,2783,56.8,"15%",398,372,5204
"1030",2022-10-26,690,1535966,14.1,9,3093,63.1,"26.2%",442,396,5544
"1031",2022-10-27,575,1536541,11.7,9.7,3314,67.6,"37.2%",473,409,5729
"1032",2022-10-28,434,1536975,8.9,9.9,3392,69.2,"39.9%",485,415,5816
"1033",2022-10-29,255,1537230,5.2,9.8,3369,68.7,"36.2%",481,417,5842
"1034",2022-10-30,287,1537517,5.9,9.7,3315,67.6,"30.8%",474,418,5849
"1035",2022-10-31,547,1538064,11.2,9.7,3320,67.7,"26.9%",474,424,5936
"1036",2022-11-01,534,1538598,10.9,9.7,3322,67.8,"19.4%",475,436,6105
"1037",2022-11-02,499,1539097,10.2,9.1,3131,63.9,"1.2%",447,445,6224
"1038",2022-11-03,420,1539517,8.6,8.7,2976,60.7,"-10.2%",425,449,6290
"1039",2022-11-04,377,1539894,7.7,8.5,2919,59.5,"-13.9%",417,451,6311
"1040",2022-11-05,229,1540123,4.7,8.4,2893,59,"-14.1%",413,447,6262
"1041",2022-11-06,260,1540383,5.3,8.4,2866,58.5,"-13.5%",409,442,6181
"1042",2022-11-07,565,1540948,11.5,8.4,2884,58.8,"-13.1%",412,443,6204
"1043",2022-11-08,452,1541400,9.2,8.2,2802,57.1,"-15.7%",400,437,6124
"1044",2022-11-09,460,1541860,9.4,8.1,2763,56.4,"-11.8%",395,421,5894
"1045",2022-11-10,341,1542201,7,7.8,2684,54.7,"-9.8%",383,404,5660
"1046",2022-11-11,292,1542493,6,7.6,2599,53,"-11%",371,394,5518
"1047",2022-11-12,256,1542749,5.2,7.7,2626,53.6,"-9.2%",375,394,5519
"1048",2022-11-13,244,1542993,5,7.6,2610,53.2,"-8.9%",373,391,5476
"1049",2022-11-14,418,1543411,8.5,7.2,2463,50.2,"-14.6%",352,382,5347
"1050",2022-11-15,374,1543785,7.6,6.9,2385,48.6,"-14.9%",341,370,5187
"1051",2022-11-16,408,1544193,8.3,6.8,2333,47.6,"-15.6%",333,364,5096
"1052",2022-11-17,402,1544595,8.2,7,2394,48.8,"-10.8%",342,363,5078
"1053",2022-11-18,406,1545001,8.3,7.3,2508,51.2,"-3.5%",358,365,5107
"1054",2022-11-19,281,1545282,5.7,7.4,2533,51.7,"-3.5%",362,368,5159
"1055",2022-11-20,305,1545587,6.2,7.6,2594,52.9,"-0.6%",371,372,5204
"1056",2022-11-21,621,1546208,12.7,8.1,2797,57,"13.6%",400,376,5260
"1057",2022-11-22,598,1546806,12.2,8.8,3021,61.6,"26.7%",432,386,5406
"1058",2022-11-23,591,1547397,12.1,9.3,3204,65.3,"37.3%",458,396,5537
"1059",2022-11-24,241,1547638,4.9,8.9,3043,62.1,"27.1%",435,388,5437
"1060",2022-11-25,557,1548195,11.4,9.3,3194,65.1,"27.4%",456,407,5702
"1061",2022-11-26,492,1548687,10,9.9,3405,69.4,"34.4%",486,424,5938
"1062",2022-11-27,552,1549239,11.3,10.6,3652,74.5,"40.8%",522,446,6246
"1063",2022-11-28,1243,1550482,25.4,12.5,4274,87.2,"52.8%",611,505,7071
"1064",2022-11-29,1002,1551484,20.4,13.6,4678,95.4,"54.8%",668,550,7699
"1065",2022-11-30,925,1552409,18.9,14.6,5012,102.2,"56.4%",716,587,8216
"1066",2022-12-01,766,1553175,15.6,16.1,5537,112.9,"82%",791,613,8580
"1067",2022-12-02,814,1553989,16.6,16.9,5794,118.2,"81.4%",828,642,8988
"1068",2022-12-03,520,1554509,10.6,17,5822,118.7,"71%",832,659,9227
"1069",2022-12-04,536,1555045,10.9,16.9,5806,118.4,"59%",829,676,9458
"1070",2022-12-05,1112,1556157,22.7,16.5,5675,115.7,"32.8%",811,711,9949
"1071",2022-12-06,1090,1557247,22.2,16.8,5763,117.5,"23.2%",823,746,10441
"1072",2022-12-07,1061,1558308,21.6,17.2,5899,120.3,"17.7%",843,779,10911
"1073",2022-12-08,957,1559265,19.5,17.7,6090,124.2,"10%",870,830,11627
"1074",2022-12-09,901,1560166,18.4,18,6177,126,"6.6%",882,855,11971
"1075",2022-12-10,623,1560789,12.7,18.3,6280,128.1,"7.9%",897,864,12102
"1076",2022-12-11,702,1561491,14.3,18.8,6446,131.5,"11%",921,875,12252
"1077",2022-12-12,1298,1562789,26.5,19.3,6632,135.3,"16.9%",947,879,12307
"1078",2022-12-13,1092,1563881,22.3,19.3,6634,135.3,"15.1%",948,886,12397
"1079",2022-12-14,1084,1564965,22.1,19.4,6657,135.8,"12.8%",951,897,12556
"1080",2022-12-15,1205,1566170,24.6,20.1,6905,140.8,"13.4%",986,928,12995
"1081",2022-12-16,922,1567092,18.8,20.2,6926,141.3,"12.1%",989,936,13103
"1082",2022-12-17,754,1567846,15.4,20.6,7057,143.9,"12.4%",1008,953,13337
"1083",2022-12-18,692,1568538,14.1,20.5,7047,143.7,"9.3%",1007,964,13493
"1084",2022-12-19,1504,1570042,30.7,21.1,7253,147.9,"9.4%",1036,992,13885
"1085",2022-12-20,1367,1571409,27.9,21.9,7528,153.5,"13.5%",1075,1012,14162
"1086",2022-12-21,1413,1572822,28.8,22.9,7857,160.2,"18%",1122,1037,14514
"1087",2022-12-22,1340,1574162,27.3,23.3,7992,163,"15.7%",1142,1064,14897
"1088",2022-12-23,1015,1575177,20.7,23.6,8085,164.9,"16.7%",1155,1072,15011
"1089",2022-12-24,827,1576004,16.9,23.8,8158,166.4,"15.6%",1165,1087,15215
"1090",2022-12-25,453,1576457,9.2,23.1,7919,161.5,"12.4%",1131,1069,14966
"1091",2022-12-26,1501,1577958,30.6,23.1,7916,161.4,"9.1%",1131,1084,15169
"1092",2022-12-27,1955,1579913,39.9,24.8,8504,173.4,"13%",1215,1145,16032
"1093",2022-12-28,1860,1581773,37.9,26.1,8951,182.6,"13.9%",1279,1201,16808
"1094",2022-12-29,1736,1583509,35.4,27.2,9347,190.6,"17%",1335,1238,17339
"1095",2022-12-30,1481,1584990,30.2,28.6,9813,200.1,"21.4%",1402,1278,17898
"1096",2022-12-31,995,1585985,20.3,29.1,9981,203.6,"22.3%",1426,1296,18139
"1097",2023-01-01,826,1586811,16.8,30.2,10354,211.2,"30.7%",1479,1305,18273
"1098",2023-01-02,1683,1588494,34.3,30.7,10536,214.9,"33.1%",1505,1318,18452
"1099",2023-01-03,1897,1590391,38.7,30.5,10478,213.7,"23.2%",1497,1356,18982
"1100",2023-01-04,1640,1592031,33.4,29.9,10258,209.2,"14.6%",1465,1372,19209
"1101",2023-01-05,1454,1593485,29.7,29.1,9976,203.5,"6.7%",1425,1380,19323
"1102",2023-01-06,1141,1594626,23.3,28.1,9636,196.5,"-1.8%",1377,1389,19449
"1103",2023-01-07,712,1595338,14.5,27.3,9353,190.8,"-6.3%",1336,1381,19334
"1104",2023-01-08,717,1596055,14.6,26.9,9244,188.5,"-10.7%",1321,1400,19598
"1105",2023-01-09,1382,1597437,28.2,26.1,8943,182.4,"-15.1%",1278,1391,19479
"1106",2023-01-10,1260,1598697,25.7,24.2,8306,169.4,"-20.7%",1187,1342,18784
"1107",2023-01-11,1153,1599850,23.5,22.8,7819,159.5,"-23.8%",1117,1291,18077
"1108",2023-01-12,1061,1600911,21.6,21.6,7426,151.5,"-25.6%",1061,1243,17402
"1109",2023-01-13,904,1601815,18.4,20.9,7189,146.6,"-25.4%",1027,1202,16825
"1110",2023-01-14,606,1602421,12.4,20.6,7083,144.5,"-24.3%",1012,1174,16436
"1111",2023-01-15,582,1603003,11.9,20.2,6948,141.7,"-24.8%",993,1157,16192
"1112",2023-01-16,983,1603986,20,19.1,6549,133.6,"-26.8%",936,1107,15492
"1113",2023-01-17,1346,1605332,27.5,19.3,6635,135.3,"-20.1%",948,1067,14941
"1114",2023-01-18,1182,1606514,24.1,19.4,6664,135.9,"-14.8%",952,1034,14483
"1115",2023-01-19,1006,1607520,20.5,19.3,6609,134.8,"-11%",944,1002,14035
"1116",2023-01-20,997,1608517,20.3,19.5,6702,136.7,"-6.8%",957,992,13891
"1117",2023-01-21,625,1609142,12.7,19.6,6721,137.1,"-5.1%",960,986,13804
"1118",2023-01-22,618,1609760,12.6,19.7,6757,137.8,"-2.7%",965,979,13705
"1119",2023-01-23,1332,1611092,27.2,20.7,7106,144.9,"8.5%",1015,975,13655
"1120",2023-01-24,1156,1612248,23.6,20.2,6916,141.1,"4.2%",988,968,13551
"1121",2023-01-25,1094,1613342,22.3,19.9,6828,139.3,"2.5%",975,964,13492
"1122",2023-01-26,941,1614283,19.2,19.7,6763,137.9,"2.3%",966,955,13372
"1123",2023-01-27,907,1615190,18.5,19.4,6673,136.1,"-0.4%",953,955,13375
"1124",2023-01-28,593,1615783,12.1,19.3,6641,135.4,"-1.2%",949,954,13362
"1125",2023-01-29,543,1616326,11.1,19.1,6566,133.9,"-2.8%",938,952,13323
"1126",2023-01-30,1100,1617426,22.4,18.5,6334,129.2,"-10.9%",905,960,13440
"1127",2023-01-31,424,1617850,8.6,16.3,5602,114.3,"-19%",800,894,12518
