"","Date","Cumulative cases","Cumulative deaths"
"1",2020-01-01,0,0
"2",2020-01-02,0,0
"3",2020-01-03,0,0
"4",2020-01-04,0,0
"5",2020-01-05,2,0
"6",2020-01-06,3,0
"7",2020-01-07,3,0
"8",2020-01-08,3,0
"9",2020-01-09,3,0
"10",2020-01-10,5,0
"11",2020-01-11,6,0
"12",2020-01-12,8,0
"13",2020-01-13,10,0
"14",2020-01-14,11,0
"15",2020-01-15,13,0
"16",2020-01-16,13,0
"17",2020-01-17,13,0
"18",2020-01-18,15,0
"19",2020-01-19,16,0
"20",2020-01-20,16,0
"21",2020-01-21,16,0
"22",2020-01-22,16,0
"23",2020-01-23,16,0
"24",2020-01-24,16,0
"25",2020-01-25,16,0
"26",2020-01-26,17,0
"27",2020-01-27,17,0
"28",2020-01-28,18,0
"29",2020-01-29,18,0
"30",2020-01-30,18,0
"31",2020-01-31,18,0
"32",2020-02-01,20,0
"33",2020-02-02,20,0
"34",2020-02-03,21,0
"35",2020-02-04,21,0
"36",2020-02-05,21,0
"37",2020-02-06,21,0
"38",2020-02-07,21,0
"39",2020-02-08,22,0
"40",2020-02-09,22,0
"41",2020-02-10,23,0
"42",2020-02-11,23,0
"43",2020-02-12,23,0
"44",2020-02-13,24,0
"45",2020-02-14,25,0
"46",2020-02-15,27,0
"47",2020-02-16,27,0
"48",2020-02-17,31,0
"49",2020-02-18,31,0
"50",2020-02-19,31,0
"51",2020-02-20,32,0
"52",2020-02-21,34,0
"53",2020-02-22,34,0
"54",2020-02-23,35,0
"55",2020-02-24,39,0
"56",2020-02-25,40,0
"57",2020-02-26,42,0
"58",2020-02-27,48,1
"59",2020-02-28,52,1
"60",2020-02-29,55,1
"61",2020-03-01,69,1
"62",2020-03-02,76,1
"63",2020-03-03,86,1
"64",2020-03-04,95,1
"65",2020-03-05,102,1
"66",2020-03-06,110,1
"67",2020-03-07,124,1
"68",2020-03-08,138,1
"69",2020-03-09,164,1
"70",2020-03-10,188,1
"71",2020-03-11,217,1
"72",2020-03-12,254,1
"73",2020-03-13,317,1
"74",2020-03-14,393,1
"75",2020-03-15,460,2
"76",2020-03-16,572,2
"77",2020-03-17,696,3
"78",2020-03-18,833,3
"79",2020-03-19,954,4
"80",2020-03-20,1109,4
"81",2020-03-21,1228,4
"82",2020-03-22,1349,4
"83",2020-03-23,1566,5
"84",2020-03-24,1721,6
"85",2020-03-25,1895,10
"86",2020-03-26,2071,12
"87",2020-03-27,2299,22
"88",2020-03-28,2440,27
"89",2020-03-29,2569,32
"90",2020-03-30,2816,41
"91",2020-03-31,3025,49
"92",2020-04-01,3221,56
"93",2020-04-02,3443,59
"94",2020-04-03,3648,67
"95",2020-04-04,3794,71
"96",2020-04-05,3950,84
"97",2020-04-06,4248,95
"98",2020-04-07,4484,108
"99",2020-04-08,4689,118
"100",2020-04-09,4901,129
"101",2020-04-10,5080,141
"102",2020-04-11,5195,150
"103",2020-04-12,5307,160
"104",2020-04-13,5569,168
"105",2020-04-14,5745,180
"106",2020-04-15,5910,192
"107",2020-04-16,6122,204
"108",2020-04-17,6328,222
"109",2020-04-18,6519,239
"110",2020-04-19,6644,248
"111",2020-04-20,6937,256
"112",2020-04-21,7195,265
"113",2020-04-22,7439,283
"114",2020-04-23,7643,295
"115",2020-04-24,7851,309
"116",2020-04-25,8065,322
"117",2020-04-26,8238,337
"118",2020-04-27,8568,349
"119",2020-04-28,8880,361
"120",2020-04-29,9142,372
"121",2020-04-30,9438,386
"122",2020-05-01,9785,404
"123",2020-05-02,9919,416
"124",2020-05-03,10088,436
"125",2020-05-04,10414,455
"126",2020-05-05,10726,480
"127",2020-05-06,11038,491
"128",2020-05-07,11321,500
"129",2020-05-08,11608,519
"130",2020-05-09,11776,535
"131",2020-05-10,12008,546
"132",2020-05-11,12425,561
"133",2020-05-12,12816,575
"134",2020-05-13,13241,592
"135",2020-05-14,13657,614
"136",2020-05-15,14084,627
"137",2020-05-16,14376,636
"138",2020-05-17,14631,648
"139",2020-05-18,15141,665
"140",2020-05-19,15655,681
"141",2020-05-20,16193,701
"142",2020-05-21,16709,716
"143",2020-05-22,17105,728
"144",2020-05-23,17425,734
"145",2020-05-24,17707,752
"146",2020-05-25,18069,764
"147",2020-05-26,18646,782
"148",2020-05-27,19279,802
"149",2020-05-28,19792,821
"150",2020-05-29,20297,841
"151",2020-05-30,20685,856
"152",2020-05-31,21039,866
"153",2020-06-01,21786,882
"154",2020-06-02,22351,903
"155",2020-06-03,22954,919
"156",2020-06-04,23470,931
"157",2020-06-05,24072,945
"158",2020-06-06,24475,958
"159",2020-06-07,24838,976
"160",2020-06-08,25624,991
"161",2020-06-09,26341,1007
"162",2020-06-10,27132,1022
"163",2020-06-11,27882,1041
"164",2020-06-12,28568,1054
"165",2020-06-13,29010,1062
"166",2020-06-14,29421,1076
"167",2020-06-15,30380,1093
"168",2020-06-16,31194,1115
"169",2020-06-17,32109,1122
"170",2020-06-18,32985,1129
"171",2020-06-19,33910,1150
"172",2020-06-20,34569,1170
"173",2020-06-21,35170,1187
"174",2020-06-22,36430,1199
"175",2020-06-23,37555,1220
"176",2020-06-24,38716,1243
"177",2020-06-25,39869,1254
"178",2020-06-26,41036,1267
"179",2020-06-27,41804,1288
"180",2020-06-28,42649,1303
"181",2020-06-29,44331,1321
"182",2020-06-30,45873,1344
"183",2020-07-01,47611,1362
"184",2020-07-02,49346,1389
"185",2020-07-03,50564,1418
"186",2020-07-04,51197,1437
"187",2020-07-05,52095,1456
"188",2020-07-06,54772,1473
"189",2020-07-07,57390,1492
"190",2020-07-08,59922,1522
"191",2020-07-09,62272,1540
"192",2020-07-10,64707,1560
"193",2020-07-11,65738,1580
"194",2020-07-12,66647,1605
"195",2020-07-13,69278,1634
"196",2020-07-14,71717,1669
"197",2020-07-15,74040,1698
"198",2020-07-16,76291,1730
"199",2020-07-17,78279,1754
"200",2020-07-18,79380,1790
"201",2020-07-19,80303,1832
"202",2020-07-20,82950,1862
"203",2020-07-21,85189,1900
"204",2020-07-22,87237,1940
"205",2020-07-23,89129,1977
"206",2020-07-24,90657,2018
"207",2020-07-25,91589,2057
"208",2020-07-26,92383,2100
"209",2020-07-27,94599,2144
"210",2020-07-28,96658,2168
"211",2020-07-29,98651,2208
"212",2020-07-30,100247,2254
"213",2020-07-31,101589,2307
"214",2020-08-01,102545,2352
"215",2020-08-02,103387,2394
"216",2020-08-03,105400,2424
"217",2020-08-04,107068,2471
"218",2020-08-05,108642,2509
"219",2020-08-06,110166,2557
"220",2020-08-07,111487,2605
"221",2020-08-08,112260,2648
"222",2020-08-09,112907,2686
"223",2020-08-10,114526,2729
"224",2020-08-11,115874,2769
"225",2020-08-12,117078,2799
"226",2020-08-13,118178,2834
"227",2020-08-14,119247,2867
"228",2020-08-15,119897,2903
"229",2020-08-16,120494,2933
"230",2020-08-17,121693,2960
"231",2020-08-18,122734,2992
"232",2020-08-19,123783,3032
"233",2020-08-20,124818,3061
"234",2020-08-21,125938,3099
"235",2020-08-22,126679,3128
"236",2020-08-23,127517,3156
"237",2020-08-24,129227,3186
"238",2020-08-25,130653,3215
"239",2020-08-26,132084,3238
"240",2020-08-27,133478,3263
"241",2020-08-28,134743,3293
"242",2020-08-29,135393,3327
"243",2020-08-30,136115,3341
"244",2020-08-31,137535,3365
"245",2020-09-01,138935,3396
"246",2020-09-02,140241,3420
"247",2020-09-03,141319,3448
"248",2020-09-04,142323,3474
"249",2020-09-05,142908,3500
"250",2020-09-06,143488,3520
"251",2020-09-07,144198,3546
"252",2020-09-08,145563,3564
"253",2020-09-09,146682,3592
"254",2020-09-10,147678,3618
"255",2020-09-11,148606,3638
"256",2020-09-12,149232,3661
"257",2020-09-13,149826,3692
"258",2020-09-14,150921,3709
"259",2020-09-15,151911,3735
"260",2020-09-16,152822,3763
"261",2020-09-17,153651,3782
"262",2020-09-18,154501,3798
"263",2020-09-19,155066,3808
"264",2020-09-20,155649,3824
"265",2020-09-21,156781,3845
"266",2020-09-22,157687,3862
"267",2020-09-23,158496,3882
"268",2020-09-24,159297,3895
"269",2020-09-25,160156,3903
"270",2020-09-26,160752,3916
"271",2020-09-27,161344,3932
"272",2020-09-28,162486,3946
"273",2020-09-29,163304,3967
"274",2020-09-30,164212,3983
"275",2020-10-01,165048,4002
"276",2020-10-02,165918,4020
"277",2020-10-03,166564,4037
"278",2020-10-04,167240,4058
"279",2020-10-05,168518,4086
"280",2020-10-06,169578,4107
"281",2020-10-07,170723,4127
"282",2020-10-08,171784,4145
"283",2020-10-09,172889,4164
"284",2020-10-10,173668,4186
"285",2020-10-11,174413,4203
"286",2020-10-12,175803,4218
"287",2020-10-13,177092,4239
"288",2020-10-14,178231,4257
"289",2020-10-15,179417,4276
"290",2020-10-16,180540,4298
"291",2020-10-17,181286,4315
"292",2020-10-18,182100,4337
"293",2020-10-19,183651,4359
"294",2020-10-20,184988,4375
"295",2020-10-21,186317,4381
"296",2020-10-22,187699,4398
"297",2020-10-23,188950,4419
"298",2020-10-24,189750,4441
"299",2020-10-25,190655,4460
"300",2020-10-26,192496,4478
"301",2020-10-27,194192,4501
"302",2020-10-28,195672,4521
"303",2020-10-29,196976,4547
"304",2020-10-30,198194,4562
"305",2020-10-31,199013,4579
"306",2020-11-01,199951,4598
"307",2020-11-02,201711,4621
"308",2020-11-03,203185,4638
"309",2020-11-04,204816,4662
"310",2020-11-05,206639,4692
"311",2020-11-06,208325,4717
"312",2020-11-07,209517,4734
"313",2020-11-08,210754,4757
"314",2020-11-09,213672,4781
"315",2020-11-10,216144,4804
"316",2020-11-11,218550,4828
"317",2020-11-12,220917,4860
"318",2020-11-13,223017,4885
"319",2020-11-14,224450,4916
"320",2020-11-15,225846,4941
"321",2020-11-16,229042,4965
"322",2020-11-17,231673,4989
"323",2020-11-18,234237,5009
"324",2020-11-19,236762,5033
"325",2020-11-20,239050,5064
"326",2020-11-21,240566,5097
"327",2020-11-22,242167,5124
"328",2020-11-23,245591,5151
"329",2020-11-24,248563,5174
"330",2020-11-25,251374,5211
"331",2020-11-26,252106,5234
"332",2020-11-27,254969,5268
"333",2020-11-28,257147,5304
"334",2020-11-29,259507,5346
"335",2020-11-30,264499,5382
"336",2020-12-01,268552,5412
"337",2020-12-02,272340,5453
"338",2020-12-03,276128,5494
"339",2020-12-04,279543,5533
"340",2020-12-05,281728,5568
"341",2020-12-06,283953,5626
"342",2020-12-07,288991,5674
"343",2020-12-08,293091,5729
"344",2020-12-09,297190,5787
"345",2020-12-10,301468,5841
"346",2020-12-11,305389,5895
"347",2020-12-12,308026,5961
"348",2020-12-13,310675,6000
"349",2020-12-14,316767,6064
"350",2020-12-15,321747,6121
"351",2020-12-16,326327,6193
"352",2020-12-17,330699,6244
"353",2020-12-18,334575,6304
"354",2020-12-19,337154,6365
"355",2020-12-20,339692,6428
"356",2020-12-21,345578,6495
"357",2020-12-22,350452,6561
"358",2020-12-23,354885,6641
"359",2020-12-24,357414,6702
"360",2020-12-25,358381,6758
"361",2020-12-26,361859,6829
"362",2020-12-27,365008,6903
"363",2020-12-28,371875,6972
"364",2020-12-29,377735,7051
"365",2020-12-30,383407,7119
"366",2020-12-31,387779,7190
"367",2021-01-01,390113,7273
"368",2021-01-02,393589,7353
"369",2021-01-03,396931,7429
"370",2021-01-04,403674,7524
"371",2021-01-05,409141,7594
"372",2021-01-06,413815,7674
"373",2021-01-07,418182,7753
"374",2021-01-08,422072,7824
"375",2021-01-09,424441,7907
"376",2021-01-10,426495,7993
"377",2021-01-11,430792,8081
"378",2021-01-12,434306,8159
"379",2021-01-13,437637,8246
"380",2021-01-14,440904,8342
"381",2021-01-15,443968,8417
"382",2021-01-16,445851,8486
"383",2021-01-17,447656,8556
"384",2021-01-18,451123,8643
"385",2021-01-19,454477,8724
"386",2021-01-20,457482,8810
"387",2021-01-21,460387,8899
"388",2021-01-22,462982,8986
"389",2021-01-23,464612,9061
"390",2021-01-24,466265,9133
"391",2021-01-25,469651,9199
"392",2021-01-26,472577,9275
"393",2021-01-27,475129,9336
"394",2021-01-28,477472,9419
"395",2021-01-29,479432,9497
"396",2021-01-30,480683,9564
"397",2021-01-31,481918,9602
"398",2021-02-01,484379,9655
"399",2021-02-02,486371,9708
"400",2021-02-03,488113,9766
"401",2021-02-04,489760,9817
"402",2021-02-05,491346,9868
"403",2021-02-06,492322,9910
"404",2021-02-07,493241,9946
"405",2021-02-08,494940,9983
"406",2021-02-09,496412,10030
"407",2021-02-10,497768,10080
"408",2021-02-11,498930,10117
"409",2021-02-12,500022,10151
"410",2021-02-13,500777,10177
"411",2021-02-14,501419,10209
"412",2021-02-15,502420,10238
"413",2021-02-16,503124,10268
"414",2021-02-17,504237,10300
"415",2021-02-18,505129,10329
"416",2021-02-19,505917,10364
"417",2021-02-20,506522,10396
"418",2021-02-21,507100,10430
"419",2021-02-22,508140,10451
"420",2021-02-23,509004,10474
"421",2021-02-24,509991,10498
"422",2021-02-25,510753,10520
"423",2021-02-26,511425,10550
"424",2021-02-27,511872,10569
"425",2021-02-28,512375,10582
"426",2021-03-01,513211,10599
"427",2021-03-02,513807,10613
"428",2021-03-03,514365,10624
"429",2021-03-04,514892,10643
"430",2021-03-05,515414,10662
"431",2021-03-06,515780,10680
"432",2021-03-07,516123,10695
"433",2021-03-08,516655,10712
"434",2021-03-09,517172,10728
"435",2021-03-10,517659,10745
"436",2021-03-11,518141,10756
"437",2021-03-12,518645,10766
"438",2021-03-13,518941,10784
"439",2021-03-14,519244,10803
"440",2021-03-15,519828,10813
"441",2021-03-16,520316,10825
"442",2021-03-17,520720,10844
"443",2021-03-18,521193,10850
"444",2021-03-19,521588,10857
"445",2021-03-20,521925,10868
"446",2021-03-21,522199,10883
"447",2021-03-22,522751,10891
"448",2021-03-23,523203,10901
"449",2021-03-24,523622,10908
"450",2021-03-25,523943,10928
"451",2021-03-26,524311,10937
"452",2021-03-27,524603,10947
"453",2021-03-28,524883,10957
"454",2021-03-29,525347,10966
"455",2021-03-30,525767,10977
"456",2021-03-31,526119,10982
"457",2021-04-01,526513,10993
"458",2021-04-02,526882,11000
"459",2021-04-03,527138,11013
"460",2021-04-04,527381,11022
"461",2021-04-05,527951,11029
"462",2021-04-06,528424,11037
"463",2021-04-07,528877,11049
"464",2021-04-08,529299,11052
"465",2021-04-09,529742,11064
"466",2021-04-10,530067,11068
"467",2021-04-11,530372,11075
"468",2021-04-12,530979,11081
"469",2021-04-13,531475,11092
"470",2021-04-14,531953,11098
"471",2021-04-15,532386,11099
"472",2021-04-16,532816,11104
"473",2021-04-17,533097,11111
"474",2021-04-18,533425,11117
"475",2021-04-19,534011,11119
"476",2021-04-20,534477,11126
"477",2021-04-21,534933,11132
"478",2021-04-22,535327,11137
"479",2021-04-23,535730,11143
"480",2021-04-24,536013,11156
"481",2021-04-25,536299,11164
"482",2021-04-26,536815,11171
"483",2021-04-27,537265,11177
"484",2021-04-28,537754,11182
"485",2021-04-29,538167,11192
"486",2021-04-30,538538,11197
"487",2021-05-01,538837,11203
"488",2021-05-02,539129,11209
"489",2021-05-03,539641,11215
"490",2021-05-04,540028,11226
"491",2021-05-05,540427,11234
"492",2021-05-06,540783,11244
"493",2021-05-07,541107,11260
"494",2021-05-08,541363,11266
"495",2021-05-09,541592,11277
"496",2021-05-10,542010,11282
"497",2021-05-11,542337,11294
"498",2021-05-12,542721,11299
"499",2021-05-13,543061,11303
"500",2021-05-14,543358,11310
"501",2021-05-15,543579,11316
"502",2021-05-16,543805,11327
"503",2021-05-17,544187,11332
"504",2021-05-18,544477,11338
"505",2021-05-19,544753,11346
"506",2021-05-20,545035,11355
"507",2021-05-21,545331,11361
"508",2021-05-22,545531,11366
"509",2021-05-23,545695,11366
"510",2021-05-24,545970,11373
"511",2021-05-25,546181,11381
"512",2021-05-26,546388,11384
"513",2021-05-27,546581,11391
"514",2021-05-28,546748,11393
"515",2021-05-29,546862,11398
"516",2021-05-30,546996,11404
"517",2021-05-31,547137,11408
"518",2021-06-01,547394,11413
"519",2021-06-02,547597,11421
"520",2021-06-03,547769,11425
"521",2021-06-04,547905,11431
"522",2021-06-05,548018,11434
"523",2021-06-06,548145,11441
"524",2021-06-07,548355,11448
"525",2021-06-08,548510,11455
"526",2021-06-09,548688,11457
"527",2021-06-10,548831,11460
"528",2021-06-11,548985,11462
"529",2021-06-12,549092,11468
"530",2021-06-13,549217,11472
"531",2021-06-14,549411,11473
"532",2021-06-15,549551,11476
"533",2021-06-16,549743,11482
"534",2021-06-17,549906,11486
"535",2021-06-18,550061,11488
"536",2021-06-19,550180,11491
"537",2021-06-20,550326,11494
"538",2021-06-21,550542,11499
"539",2021-06-22,550751,11504
"540",2021-06-23,550989,11509
"541",2021-06-24,551203,11514
"542",2021-06-25,551420,11521
"543",2021-06-26,551621,11526
"544",2021-06-27,551842,11531
"545",2021-06-28,552159,11535
"546",2021-06-29,552426,11538
"547",2021-06-30,552703,11538
"548",2021-07-01,553015,11540
"549",2021-07-02,553312,11544
"550",2021-07-03,553575,11549
"551",2021-07-04,553813,11557
"552",2021-07-05,554221,11562
"553",2021-07-06,554721,11566
"554",2021-07-07,555234,11571
"555",2021-07-08,555783,11575
"556",2021-07-09,556316,11580
"557",2021-07-10,556749,11585
"558",2021-07-11,557259,11588
"559",2021-07-12,558153,11592
"560",2021-07-13,558985,11599
"561",2021-07-14,559959,11607
"562",2021-07-15,560991,11615
"563",2021-07-16,562070,11621
"564",2021-07-17,563027,11624
"565",2021-07-18,564095,11631
"566",2021-07-19,566042,11644
"567",2021-07-20,567886,11650
"568",2021-07-21,569698,11662
"569",2021-07-22,571751,11671
"570",2021-07-23,573838,11676
"571",2021-07-24,575513,11684
"572",2021-07-25,577410,11698
"573",2021-07-26,580579,11709
"574",2021-07-27,583604,11727
"575",2021-07-28,586886,11738
"576",2021-07-29,590027,11756
"577",2021-07-30,593034,11769
"578",2021-07-31,595259,11790
"579",2021-08-01,597904,11811
"580",2021-08-02,602629,11844
"581",2021-08-03,606992,11872
"582",2021-08-04,611105,11899
"583",2021-08-05,615167,11933
"584",2021-08-06,618973,11963
"585",2021-08-07,621743,12001
"586",2021-08-08,624738,12044
"587",2021-08-09,630111,12089
"588",2021-08-10,635153,12124
"589",2021-08-11,639968,12173
"590",2021-08-12,644534,12209
"591",2021-08-13,648815,12269
"592",2021-08-14,651830,12333
"593",2021-08-15,654971,12376
"594",2021-08-16,661289,12434
"595",2021-08-17,667203,12485
"596",2021-08-18,672756,12563
"597",2021-08-19,678171,12621
"598",2021-08-20,683310,12684
"599",2021-08-21,686546,12740
"600",2021-08-22,689828,12796
"601",2021-08-23,697229,12854
"602",2021-08-24,704015,12933
"603",2021-08-25,710172,12993
"604",2021-08-26,715802,13064
"605",2021-08-27,720954,13125
"606",2021-08-28,723958,13195
"607",2021-08-29,726858,13270
"608",2021-08-30,732992,13329
"609",2021-08-31,738702,13402
"610",2021-09-01,744099,13475
"611",2021-09-02,748763,13540
"612",2021-09-03,752828,13609
"613",2021-09-04,755143,13683
"614",2021-09-05,757471,13756
"615",2021-09-06,759992,13849
"616",2021-09-07,765569,13922
"617",2021-09-08,769872,13994
"618",2021-09-09,773694,14064
"619",2021-09-10,776911,14143
"620",2021-09-11,778757,14217
"621",2021-09-12,780578,14272
"622",2021-09-13,784256,14336
"623",2021-09-14,787333,14403
"624",2021-09-15,789883,14476
"625",2021-09-16,792219,14545
"626",2021-09-17,794319,14610
"627",2021-09-18,795678,14675
"628",2021-09-19,796980,14748
"629",2021-09-20,799673,14806
"630",2021-09-21,802012,14865
"631",2021-09-22,803968,14922
"632",2021-09-23,805698,14970
"633",2021-09-24,807280,15028
"634",2021-09-25,808362,15077
"635",2021-09-26,809402,15129
"636",2021-09-27,811430,15180
"637",2021-09-28,812958,15238
"638",2021-09-29,814331,15293
"639",2021-09-30,815583,15331
"640",2021-10-01,816852,15383
"641",2021-10-02,817670,15432
"642",2021-10-03,818454,15471
"643",2021-10-04,819989,15503
"644",2021-10-05,821202,15550
"645",2021-10-06,822342,15582
"646",2021-10-07,823352,15617
"647",2021-10-08,824230,15644
"648",2021-10-09,824823,15689
"649",2021-10-10,825424,15721
"650",2021-10-11,826467,15752
"651",2021-10-12,827398,15784
"652",2021-10-13,828237,15823
"653",2021-10-14,829027,15854
"654",2021-10-15,829717,15876
"655",2021-10-16,830136,15903
"656",2021-10-17,830573,15923
"657",2021-10-18,831400,15949
"658",2021-10-19,832029,15973
"659",2021-10-20,832683,15998
"660",2021-10-21,833272,16013
"661",2021-10-22,833761,16029
"662",2021-10-23,834079,16048
"663",2021-10-24,834430,16062
"664",2021-10-25,835102,16078
"665",2021-10-26,835671,16099
"666",2021-10-27,836152,16110
"667",2021-10-28,836606,16126
"668",2021-10-29,836985,16134
"669",2021-10-30,837288,16147
"670",2021-10-31,837597,16157
"671",2021-11-01,838180,16162
"672",2021-11-02,838693,16174
"673",2021-11-03,839172,16185
"674",2021-11-04,839637,16199
"675",2021-11-05,840093,16211
"676",2021-11-06,840417,16229
"677",2021-11-07,840759,16245
"678",2021-11-08,841368,16254
"679",2021-11-09,841922,16266
"680",2021-11-10,842437,16281
"681",2021-11-11,842838,16290
"682",2021-11-12,843282,16302
"683",2021-11-13,843556,16314
"684",2021-11-14,843851,16321
"685",2021-11-15,844434,16324
"686",2021-11-16,844918,16333
"687",2021-11-17,845396,16339
"688",2021-11-18,845893,16346
"689",2021-11-19,846319,16355
"690",2021-11-20,846636,16363
"691",2021-11-21,846908,16371
"692",2021-11-22,847445,16378
"693",2021-11-23,847887,16387
"694",2021-11-24,848303,16397
"695",2021-11-25,848494,16403
"696",2021-11-26,848984,16408
"697",2021-11-27,849337,16425
"698",2021-11-28,849775,16433
"699",2021-11-29,850601,16442
"700",2021-11-30,851269,16449
"701",2021-12-01,851952,16458
"702",2021-12-02,852579,16467
"703",2021-12-03,853148,16479
"704",2021-12-04,853578,16488
"705",2021-12-05,854002,16494
"706",2021-12-06,854815,16497
"707",2021-12-07,855466,16511
"708",2021-12-08,856091,16524
"709",2021-12-09,856640,16530
"710",2021-12-10,857250,16535
"711",2021-12-11,857687,16543
"712",2021-12-12,858087,16556
"713",2021-12-13,858979,16564
"714",2021-12-14,859740,16571
"715",2021-12-15,860566,16580
"716",2021-12-16,861359,16588
"717",2021-12-17,862231,16598
"718",2021-12-18,863028,16610
"719",2021-12-19,863865,16621
"720",2021-12-20,865764,16632
"721",2021-12-21,868022,16640
"722",2021-12-22,870830,16649
"723",2021-12-23,873890,16659
"724",2021-12-24,876384,16676
"725",2021-12-25,877853,16682
"726",2021-12-26,882057,16694
"727",2021-12-27,890389,16703
"728",2021-12-28,900112,16719
"729",2021-12-29,910408,16732
"730",2021-12-30,919968,16744
"731",2021-12-31,926498,16755
"732",2022-01-01,931351,16765
"733",2022-01-02,938279,16782
"734",2022-01-03,952359,16793
"735",2022-01-04,967150,16812
"736",2022-01-05,981146,16838
"737",2022-01-06,993261,16865
"738",2022-01-07,1004589,16884
"739",2022-01-08,1011647,16911
"740",2022-01-09,1019068,16935
"741",2022-01-10,1037014,16955
"742",2022-01-11,1053615,16995
"743",2022-01-12,1070159,17030
"744",2022-01-13,1085326,17067
"745",2022-01-14,1099442,17098
"746",2022-01-15,1107604,17151
"747",2022-01-16,1115158,17196
"748",2022-01-17,1132007,17232
"749",2022-01-18,1150577,17273
"750",2022-01-19,1166755,17310
"751",2022-01-20,1179580,17354
"752",2022-01-21,1189538,17392
"753",2022-01-22,1195028,17433
"754",2022-01-23,1200407,17487
"755",2022-01-24,1212460,17528
"756",2022-01-25,1222197,17606
"757",2022-01-26,1230533,17659
"758",2022-01-27,1237386,17723
"759",2022-01-28,1242819,17777
"760",2022-01-29,1245665,17846
"761",2022-01-30,1248575,17899
"762",2022-01-31,1254863,17957
"763",2022-02-01,1259784,18018
"764",2022-02-02,1263840,18070
"765",2022-02-03,1267298,18129
"766",2022-02-04,1269938,18177
"767",2022-02-05,1271382,18240
"768",2022-02-06,1272765,18289
"769",2022-02-07,1275734,18360
"770",2022-02-08,1277997,18412
"771",2022-02-09,1279879,18462
"772",2022-02-10,1281450,18514
"773",2022-02-11,1282777,18572
"774",2022-02-12,1283511,18620
"775",2022-02-13,1284260,18662
"776",2022-02-14,1285813,18708
"777",2022-02-15,1286942,18752
"778",2022-02-16,1287908,18802
"779",2022-02-17,1288776,18839
"780",2022-02-18,1289483,18884
"781",2022-02-19,1289910,18922
"782",2022-02-20,1290289,18964
"783",2022-02-21,1291003,18998
"784",2022-02-22,1291584,19042
"785",2022-02-23,1292116,19072
"786",2022-02-24,1292623,19105
"787",2022-02-25,1292992,19127
"788",2022-02-26,1293218,19152
"789",2022-02-27,1293408,19170
"790",2022-02-28,1293842,19193
"791",2022-03-01,1294154,19215
"792",2022-03-02,1294431,19238
"793",2022-03-03,1294710,19256
"794",2022-03-04,1294942,19282
"795",2022-03-05,1295074,19310
"796",2022-03-06,1295224,19328
"797",2022-03-07,1295500,19342
"798",2022-03-08,1295703,19362
"799",2022-03-09,1295890,19379
"800",2022-03-10,1296060,19394
"801",2022-03-11,1296203,19408
"802",2022-03-12,1296269,19416
"803",2022-03-13,1296348,19424
"804",2022-03-14,1296511,19437
"805",2022-03-15,1296670,19447
"806",2022-03-16,1296806,19461
"807",2022-03-17,1296939,19471
"808",2022-03-18,1297050,19482
"809",2022-03-19,1297122,19492
"810",2022-03-20,1297204,19501
"811",2022-03-21,1297363,19510
"812",2022-03-22,1297473,19516
"813",2022-03-23,1297591,19524
"814",2022-03-24,1297706,19528
"815",2022-03-25,1297812,19539
"816",2022-03-26,1297901,19548
"817",2022-03-27,1297956,19555
"818",2022-03-28,1298133,19566
"819",2022-03-29,1298254,19570
"820",2022-03-30,1298353,19575
"821",2022-03-31,1298454,19578
"822",2022-04-01,1298550,19580
"823",2022-04-02,1298634,19584
"824",2022-04-03,1298712,19586
"825",2022-04-04,1298843,19591
"826",2022-04-05,1298955,19596
"827",2022-04-06,1299081,19606
"828",2022-04-07,1299210,19609
"829",2022-04-08,1299326,19613
"830",2022-04-09,1299415,19614
"831",2022-04-10,1299503,19617
"832",2022-04-11,1299672,19620
"833",2022-04-12,1299813,19622
"834",2022-04-13,1299960,19626
"835",2022-04-14,1300115,19629
"836",2022-04-15,1300238,19630
"837",2022-04-16,1300348,19632
"838",2022-04-17,1300405,19635
"839",2022-04-18,1300606,19639
"840",2022-04-19,1300786,19641
"841",2022-04-20,1300956,19645
"842",2022-04-21,1301147,19647
"843",2022-04-22,1301288,19649
"844",2022-04-23,1301380,19652
"845",2022-04-24,1301493,19655
"846",2022-04-25,1301734,19657
"847",2022-04-26,1301928,19658
"848",2022-04-27,1302177,19658
"849",2022-04-28,1302390,19660
"850",2022-04-29,1302582,19662
"851",2022-04-30,1302716,19667
"852",2022-05-01,1302899,19672
"853",2022-05-02,1303206,19673
"854",2022-05-03,1303543,19676
"855",2022-05-04,1303835,19680
"856",2022-05-05,1304160,19682
"857",2022-05-06,1304457,19684
"858",2022-05-07,1304667,19685
"859",2022-05-08,1304917,19685
"860",2022-05-09,1305384,19689
"861",2022-05-10,1305859,19690
"862",2022-05-11,1306327,19691
"863",2022-05-12,1306806,19693
"864",2022-05-13,1307246,19696
"865",2022-05-14,1307569,19697
"866",2022-05-15,1307927,19700
"867",2022-05-16,1308583,19702
"868",2022-05-17,1309206,19704
"869",2022-05-18,1309836,19708
"870",2022-05-19,1310423,19709
"871",2022-05-20,1310997,19710
"872",2022-05-21,1311447,19713
"873",2022-05-22,1311920,19715
"874",2022-05-23,1312812,19716
"875",2022-05-24,1313685,19717
"876",2022-05-25,1314538,19719
"877",2022-05-26,1315344,19721
"878",2022-05-27,1316152,19721
"879",2022-05-28,1316726,19723
"880",2022-05-29,1317312,19725
"881",2022-05-30,1317993,19728
"882",2022-05-31,1319417,19731
"883",2022-06-01,1320697,19732
"884",2022-06-02,1321820,19733
"885",2022-06-03,1322830,19738
"886",2022-06-04,1323610,19741
"887",2022-06-05,1324385,19742
"888",2022-06-06,1325880,19743
"889",2022-06-07,1327064,19748
"890",2022-06-08,1328315,19753
"891",2022-06-09,1329716,19757
"892",2022-06-10,1331002,19761
"893",2022-06-11,1331954,19769
"894",2022-06-12,1332932,19771
"895",2022-06-13,1334826,19773
"896",2022-06-14,1336552,19778
"897",2022-06-15,1338285,19779
"898",2022-06-16,1340010,19782
"899",2022-06-17,1341468,19785
"900",2022-06-18,1342638,19792
"901",2022-06-19,1343811,19795
"902",2022-06-20,1345989,19798
"903",2022-06-21,1348019,19800
"904",2022-06-22,1350096,19804
"905",2022-06-23,1352072,19807
"906",2022-06-24,1353794,19810
"907",2022-06-25,1355175,19814
"908",2022-06-26,1356614,19817
"909",2022-06-27,1359223,19822
"910",2022-06-28,1361714,19828
"911",2022-06-29,1364004,19835
"912",2022-06-30,1366180,19842
"913",2022-07-01,1368288,19848
"914",2022-07-02,1369770,19854
"915",2022-07-03,1371230,19858
"916",2022-07-04,1372634,19863
"917",2022-07-05,1375904,19874
"918",2022-07-06,1378889,19880
"919",2022-07-07,1381710,19886
"920",2022-07-08,1384172,19894
"921",2022-07-09,1385962,19899
"922",2022-07-10,1387861,19905
"923",2022-07-11,1391350,19914
"924",2022-07-12,1394295,19921
"925",2022-07-13,1397110,19928
"926",2022-07-14,1399781,19937
"927",2022-07-15,1402261,19946
"928",2022-07-16,1404063,19962
"929",2022-07-17,1405998,19969
"930",2022-07-18,1409515,19973
"931",2022-07-19,1412616,19984
"932",2022-07-20,1415687,19989
"933",2022-07-21,1418376,19996
"934",2022-07-22,1420868,20008
"935",2022-07-23,1422748,20018
"936",2022-07-24,1424587,20027
"937",2022-07-25,1427908,20042
"938",2022-07-26,1430658,20048
"939",2022-07-27,1433235,20060
"940",2022-07-28,1435500,20067
"941",2022-07-29,1437573,20074
"942",2022-07-30,1439108,20078
"943",2022-07-31,1440671,20085
"944",2022-08-01,1443531,20092
"945",2022-08-02,1445950,20102
"946",2022-08-03,1448122,20116
"947",2022-08-04,1450153,20130
"948",2022-08-05,1452003,20134
"949",2022-08-06,1453388,20149
"950",2022-08-07,1454881,20161
"951",2022-08-08,1457436,20166
"952",2022-08-09,1459635,20175
"953",2022-08-10,1461725,20190
"954",2022-08-11,1463745,20200
"955",2022-08-12,1465594,20211
"956",2022-08-13,1467008,20220
"957",2022-08-14,1468593,20230
"958",2022-08-15,1471361,20239
"959",2022-08-16,1473898,20244
"960",2022-08-17,1476070,20254
"961",2022-08-18,1478289,20263
"962",2022-08-19,1480068,20270
"963",2022-08-20,1481543,20277
"964",2022-08-21,1483181,20284
"965",2022-08-22,1486188,20290
"966",2022-08-23,1488820,20299
"967",2022-08-24,1491312,20302
"968",2022-08-25,1493506,20316
"969",2022-08-26,1495648,20320
"970",2022-08-27,1497018,20327
"971",2022-08-28,1498441,20333
"972",2022-08-29,1501203,20339
"973",2022-08-30,1503524,20346
"974",2022-08-31,1505308,20351
"975",2022-09-01,1506912,20360
"976",2022-09-02,1508253,20370
"977",2022-09-03,1509112,20377
"978",2022-09-04,1510054,20386
"979",2022-09-05,1510994,20391
"980",2022-09-06,1512742,20401
"981",2022-09-07,1514124,20407
"982",2022-09-08,1515272,20414
"983",2022-09-09,1516274,20425
"984",2022-09-10,1516866,20433
"985",2022-09-11,1517457,20442
"986",2022-09-12,1518546,20446
"987",2022-09-13,1519461,20453
"988",2022-09-14,1520240,20462
"989",2022-09-15,1520927,20466
"990",2022-09-16,1521515,20473
"991",2022-09-17,1521897,20476
"992",2022-09-18,1522292,20483
"993",2022-09-19,1523091,20491
"994",2022-09-20,1523728,20497
"995",2022-09-21,1524312,20504
"996",2022-09-22,1524831,20511
"997",2022-09-23,1525346,20514
"998",2022-09-24,1525639,20518
"999",2022-09-25,1525935,20518
"1000",2022-09-26,1526456,20523
"1001",2022-09-27,1526944,20534
"1002",2022-09-28,1527362,20538
"1003",2022-09-29,1527779,20539
"1004",2022-09-30,1528146,20541
"1005",2022-10-01,1528417,20547
"1006",2022-10-02,1528728,20553
"1007",2022-10-03,1529228,20555
"1008",2022-10-04,1529631,20559
"1009",2022-10-05,1530051,20559
"1010",2022-10-06,1530444,20560
"1011",2022-10-07,1530809,20564
"1012",2022-10-08,1531032,20568
"1013",2022-10-09,1531257,20568
"1014",2022-10-10,1531687,20569
"1015",2022-10-11,1532091,20574
"1016",2022-10-12,1532446,20577
"1017",2022-10-13,1532849,20579
"1018",2022-10-14,1533208,20583
"1019",2022-10-15,1533438,20587
"1020",2022-10-16,1533725,20591
"1021",2022-10-17,1534192,20595
"1022",2022-10-18,1534561,20598
"1023",2022-10-19,1534944,20599
"1024",2022-10-20,1535311,20601
"1025",2022-10-21,1535672,20602
"1026",2022-10-22,1535953,20605
"1027",2022-10-23,1536299,20610
"1028",2022-10-24,1536857,20613
"1029",2022-10-25,1537409,20615
"1030",2022-10-26,1538110,20618
"1031",2022-10-27,1538701,20621
"1032",2022-10-28,1539149,20626
"1033",2022-10-29,1539412,20630
"1034",2022-10-30,1539704,20634
"1035",2022-10-31,1540278,20636
"1036",2022-11-01,1540833,20637
"1037",2022-11-02,1541347,20639
"1038",2022-11-03,1541779,20641
"1039",2022-11-04,1542172,20645
"1040",2022-11-05,1542404,20648
"1041",2022-11-06,1542667,20652
"1042",2022-11-07,1543247,20654
"1043",2022-11-08,1543704,20656
"1044",2022-11-09,1544175,20659
"1045",2022-11-10,1544525,20660
"1046",2022-11-11,1544829,20661
"1047",2022-11-12,1545089,20663
"1048",2022-11-13,1545335,20669
"1049",2022-11-14,1545769,20674
"1050",2022-11-15,1546152,20675
"1051",2022-11-16,1546571,20676
"1052",2022-11-17,1546984,20676
"1053",2022-11-18,1547400,20685
"1054",2022-11-19,1547689,20688
"1055",2022-11-20,1548004,20691
"1056",2022-11-21,1548637,20696
"1057",2022-11-22,1549246,20699
"1058",2022-11-23,1549850,20703
"1059",2022-11-24,1550092,20705
"1060",2022-11-25,1550671,20706
"1061",2022-11-26,1551177,20711
"1062",2022-11-27,1551742,20715
"1063",2022-11-28,1553011,20720
"1064",2022-11-29,1554035,20724
"1065",2022-11-30,1554982,20727
"1066",2022-12-01,1555766,20729
"1067",2022-12-02,1556606,20732
"1068",2022-12-03,1557135,20734
"1069",2022-12-04,1557681,20736
"1070",2022-12-05,1558805,20740
"1071",2022-12-06,1559910,20745
"1072",2022-12-07,1560988,20753
"1073",2022-12-08,1561970,20758
"1074",2022-12-09,1562890,20765
"1075",2022-12-10,1563520,20770
"1076",2022-12-11,1564229,20778
"1077",2022-12-12,1565540,20783
"1078",2022-12-13,1566657,20792
"1079",2022-12-14,1567768,20796
"1080",2022-12-15,1568991,20800
"1081",2022-12-16,1569949,20807
"1082",2022-12-17,1570719,20813
"1083",2022-12-18,1571419,20819
"1084",2022-12-19,1572966,20823
"1085",2022-12-20,1574363,20826
"1086",2022-12-21,1575801,20828
"1087",2022-12-22,1577184,20832
"1088",2022-12-23,1578241,20836
"1089",2022-12-24,1579079,20842
"1090",2022-12-25,1579532,20846
"1091",2022-12-26,1581100,20859
"1092",2022-12-27,1583085,20864
"1093",2022-12-28,1584987,20871
"1094",2022-12-29,1586749,20875
"1095",2022-12-30,1588270,20882
"1096",2022-12-31,1589268,20884
"1097",2023-01-01,1590096,20892
"1098",2023-01-02,1591798,20901
"1099",2023-01-03,1593707,20906
"1100",2023-01-04,1595383,20909
"1101",2023-01-05,1596853,20915
"1102",2023-01-06,1597999,20919
"1103",2023-01-07,1598712,20928
"1104",2023-01-08,1599430,20932
"1105",2023-01-09,1600831,20937
"1106",2023-01-10,1602099,20943
"1107",2023-01-11,1603269,20952
"1108",2023-01-12,1604349,20963
"1109",2023-01-13,1605265,20964
"1110",2023-01-14,1605870,20965
"1111",2023-01-15,1606452,20967
"1112",2023-01-16,1607442,20973
"1113",2023-01-17,1608807,20979
"1114",2023-01-18,1610007,20984
"1115",2023-01-19,1611029,20987
"1116",2023-01-20,1612052,20987
"1117",2023-01-21,1612685,20990
"1118",2023-01-22,1613308,20993
"1119",2023-01-23,1614673,20997
"1120",2023-01-24,1615863,20997
"1121",2023-01-25,1616995,20999
"1122",2023-01-26,1617983,21003
"1123",2023-01-27,1618979,21004
"1124",2023-01-28,1619626,21007
"1125",2023-01-29,1620302,21011
"1126",2023-01-30,1621737,21011
"1127",2023-01-31,1622859,21013
"1128",2023-02-01,1624143,21014
"1129",2023-02-02,1625156,21016
"1130",2023-02-03,1625918,21016
"1131",2023-02-04,1626504,21018
"1132",2023-02-05,1627096,21020
"1133",2023-02-06,1628295,21020
"1134",2023-02-07,1629367,21021
"1135",2023-02-08,1630500,21022
"1136",2023-02-09,1631477,21023
"1137",2023-02-10,1632307,21023
"1138",2023-02-11,1632827,21024
"1139",2023-02-12,1633379,21024
"1140",2023-02-13,1634361,21025
"1141",2023-02-14,1635174,21027
"1142",2023-02-15,1635959,21028
"1143",2023-02-16,1636630,21028
"1144",2023-02-17,1637233,21028
"1145",2023-02-18,1637674,21028
"1146",2023-02-19,1638114,21028
"1147",2023-02-20,1638792,21029
"1148",2023-02-21,1639512,21029
"1149",2023-02-22,1640150,21029
"1150",2023-02-23,1640701,21029
"1151",2023-02-24,1641144,21031
"1152",2023-02-25,1641458,21031
"1153",2023-02-26,1641745,21031
"1154",2023-02-27,1642256,21031
"1155",2023-02-28,1642652,21031
"1156",2023-03-01,1643103,21031
"1157",2023-03-02,1643456,21032
"1158",2023-03-03,1643736,21032
"1159",2023-03-04,1643945,21032
"1160",2023-03-05,1644133,21032
"1161",2023-03-06,1644432,21032
"1162",2023-03-07,1644533,21032
