"","Date","Deaths per day","Cumulative deaths","Deaths in the last 7 days","7-day average of daily deaths","14-day average of daily deaths"
"1",2020-01-01,0,0,0,NA,NA
"2",2020-01-02,0,0,0,NA,NA
"3",2020-01-03,0,0,0,NA,NA
"4",2020-01-04,0,0,0,NA,NA
"5",2020-01-05,0,0,0,NA,NA
"6",2020-01-06,0,0,0,NA,NA
"7",2020-01-07,0,0,0,0,NA
"8",2020-01-08,0,0,0,0,NA
"9",2020-01-09,0,0,0,0,NA
"10",2020-01-10,0,0,0,0,NA
"11",2020-01-11,0,0,0,0,NA
"12",2020-01-12,0,0,0,0,NA
"13",2020-01-13,0,0,0,0,NA
"14",2020-01-14,0,0,0,0,0
"15",2020-01-15,0,0,0,0,0
"16",2020-01-16,0,0,0,0,0
"17",2020-01-17,0,0,0,0,0
"18",2020-01-18,0,0,0,0,0
"19",2020-01-19,0,0,0,0,0
"20",2020-01-20,0,0,0,0,0
"21",2020-01-21,0,0,0,0,0
"22",2020-01-22,0,0,0,0,0
"23",2020-01-23,0,0,0,0,0
"24",2020-01-24,0,0,0,0,0
"25",2020-01-25,0,0,0,0,0
"26",2020-01-26,0,0,0,0,0
"27",2020-01-27,0,0,0,0,0
"28",2020-01-28,0,0,0,0,0
"29",2020-01-29,0,0,0,0,0
"30",2020-01-30,0,0,0,0,0
"31",2020-01-31,0,0,0,0,0
"32",2020-02-01,0,0,0,0,0
"33",2020-02-02,0,0,0,0,0
"34",2020-02-03,0,0,0,0,0
"35",2020-02-04,0,0,0,0,0
"36",2020-02-05,0,0,0,0,0
"37",2020-02-06,0,0,0,0,0
"38",2020-02-07,0,0,0,0,0
"39",2020-02-08,0,0,0,0,0
"40",2020-02-09,0,0,0,0,0
"41",2020-02-10,0,0,0,0,0
"42",2020-02-11,0,0,0,0,0
"43",2020-02-12,0,0,0,0,0
"44",2020-02-13,0,0,0,0,0
"45",2020-02-14,0,0,0,0,0
"46",2020-02-15,0,0,0,0,0
"47",2020-02-16,0,0,0,0,0
"48",2020-02-17,0,0,0,0,0
"49",2020-02-18,0,0,0,0,0
"50",2020-02-19,0,0,0,0,0
"51",2020-02-20,0,0,0,0,0
"52",2020-02-21,0,0,0,0,0
"53",2020-02-22,0,0,0,0,0
"54",2020-02-23,0,0,0,0,0
"55",2020-02-24,0,0,0,0,0
"56",2020-02-25,0,0,0,0,0
"57",2020-02-26,0,0,0,0,0
"58",2020-02-27,0,0,0,0,0
"59",2020-02-28,0,0,0,0,0
"60",2020-02-29,0,0,0,0,0
"61",2020-03-01,0,0,0,0,0
"62",2020-03-02,0,0,0,0,0
"63",2020-03-03,0,0,0,0,0
"64",2020-03-04,0,0,0,0,0
"65",2020-03-05,0,0,0,0,0
"66",2020-03-06,0,0,0,0,0
"67",2020-03-07,0,0,0,0,0
"68",2020-03-08,0,0,0,0,0
"69",2020-03-09,0,0,0,0,0
"70",2020-03-10,0,0,0,0,0
"71",2020-03-11,0,0,0,0,0
"72",2020-03-12,0,0,0,0,0
"73",2020-03-13,0,0,0,0,0
"74",2020-03-14,0,0,0,0,0
"75",2020-03-15,0,0,0,0,0
"76",2020-03-16,0,0,0,0,0
"77",2020-03-17,0,0,0,0,0
"78",2020-03-18,1,1,1,0,0
"79",2020-03-19,3,4,4,1,0
"80",2020-03-20,1,5,5,1,0
"81",2020-03-21,2,7,7,1,0
"82",2020-03-22,3,10,10,1,1
"83",2020-03-23,2,12,12,2,1
"84",2020-03-24,5,17,17,2,1
"85",2020-03-25,14,31,30,4,2
"86",2020-03-26,7,38,34,5,3
"87",2020-03-27,1,39,34,5,3
"88",2020-03-28,5,44,37,5,3
"89",2020-03-29,9,53,43,6,4
"90",2020-03-30,9,62,50,7,4
"91",2020-03-31,6,68,51,7,5
"92",2020-04-01,11,79,48,7,6
"93",2020-04-02,16,95,57,8,6
"94",2020-04-03,20,115,76,11,8
"95",2020-04-04,12,127,83,12,9
"96",2020-04-05,7,134,81,12,9
"97",2020-04-06,6,140,78,11,9
"98",2020-04-07,16,156,88,13,10
"99",2020-04-08,26,182,103,15,11
"100",2020-04-09,28,210,115,16,12
"101",2020-04-10,8,218,103,15,13
"102",2020-04-11,25,243,116,17,14
"103",2020-04-12,19,262,128,18,15
"104",2020-04-13,14,276,136,19,15
"105",2020-04-14,15,291,135,19,16
"106",2020-04-15,21,312,130,19,17
"107",2020-04-16,16,328,118,17,17
"108",2020-04-17,11,339,121,17,16
"109",2020-04-18,21,360,117,17,17
"110",2020-04-19,19,379,117,17,18
"111",2020-04-20,18,397,121,17,18
"112",2020-04-21,26,423,132,19,19
"113",2020-04-22,31,454,142,20,19
"114",2020-04-23,16,470,142,20,19
"115",2020-04-24,24,494,155,22,20
"116",2020-04-25,30,524,164,23,20
"117",2020-04-26,9,533,154,22,19
"118",2020-04-27,12,545,148,21,19
"119",2020-04-28,8,553,130,19,19
"120",2020-04-29,15,568,114,16,18
"121",2020-04-30,11,579,109,16,18
"122",2020-05-01,15,594,100,14,18
"123",2020-05-02,11,605,81,12,18
"124",2020-05-03,18,623,90,13,17
"125",2020-05-04,8,631,86,12,17
"126",2020-05-05,17,648,95,14,16
"127",2020-05-06,17,665,97,14,15
"128",2020-05-07,18,683,104,15,15
"129",2020-05-08,21,704,110,16,15
"130",2020-05-09,21,725,120,17,14
"131",2020-05-10,25,750,127,18,16
"132",2020-05-11,14,764,133,19,16
"133",2020-05-12,19,783,135,19,16
"134",2020-05-13,15,798,133,19,16
"135",2020-05-14,15,813,130,19,17
"136",2020-05-15,15,828,124,18,17
"137",2020-05-16,11,839,114,16,17
"138",2020-05-17,13,852,102,15,16
"139",2020-05-18,10,862,98,14,16
"140",2020-05-19,27,889,106,15,17
"141",2020-05-20,23,912,114,16,18
"142",2020-05-21,11,923,110,16,17
"143",2020-05-22,19,942,114,16,17
"144",2020-05-23,14,956,117,17,16
"145",2020-05-24,9,965,113,16,15
"146",2020-05-25,13,978,116,17,15
"147",2020-05-26,17,995,106,15,15
"148",2020-05-27,14,1009,97,14,15
"149",2020-05-28,12,1021,98,14,15
"150",2020-05-29,15,1036,94,13,15
"151",2020-05-30,9,1045,89,13,15
"152",2020-05-31,11,1056,91,13,15
"153",2020-06-01,10,1066,88,13,15
"154",2020-06-02,9,1075,80,11,13
"155",2020-06-03,6,1081,72,10,12
"156",2020-06-04,14,1095,74,11,12
"157",2020-06-05,14,1109,73,10,12
"158",2020-06-06,11,1120,75,11,12
"159",2020-06-07,12,1132,76,11,12
"160",2020-06-08,9,1141,75,11,12
"161",2020-06-09,16,1157,82,12,12
"162",2020-06-10,25,1182,101,14,12
"163",2020-06-11,10,1192,97,14,12
"164",2020-06-12,27,1219,110,16,13
"165",2020-06-13,32,1251,131,19,15
"166",2020-06-14,19,1270,138,20,15
"167",2020-06-15,13,1283,142,20,16
"168",2020-06-16,13,1296,139,20,16
"169",2020-06-17,29,1325,143,20,17
"170",2020-06-18,20,1345,153,22,18
"171",2020-06-19,9,1354,135,19,18
"172",2020-06-20,13,1367,116,17,18
"173",2020-06-21,5,1372,102,15,17
"174",2020-06-22,18,1390,107,15,18
"175",2020-06-23,25,1415,119,17,18
"176",2020-06-24,25,1440,115,16,18
"177",2020-06-25,19,1459,114,16,19
"178",2020-06-26,20,1479,125,18,19
"179",2020-06-27,7,1486,119,17,17
"180",2020-06-28,32,1518,146,21,18
"181",2020-06-29,15,1533,143,20,18
"182",2020-06-30,30,1563,148,21,19
"183",2020-07-01,28,1591,151,22,19
"184",2020-07-02,31,1622,163,23,20
"185",2020-07-03,24,1646,167,24,21
"186",2020-07-04,15,1661,175,25,21
"187",2020-07-05,14,1675,157,22,22
"188",2020-07-06,28,1703,170,24,22
"189",2020-07-07,26,1729,166,24,22
"190",2020-07-08,43,1772,181,26,24
"191",2020-07-09,42,1814,192,27,25
"192",2020-07-10,25,1839,193,28,26
"193",2020-07-11,38,1877,216,31,28
"194",2020-07-12,50,1927,252,36,29
"195",2020-07-13,26,1953,250,36,30
"196",2020-07-14,50,2003,274,39,31
"197",2020-07-15,41,2044,272,39,32
"198",2020-07-16,50,2094,280,40,34
"199",2020-07-17,47,2141,302,43,35
"200",2020-07-18,37,2178,301,43,37
"201",2020-07-19,39,2217,290,41,39
"202",2020-07-20,43,2260,307,44,40
"203",2020-07-21,33,2293,290,41,40
"204",2020-07-22,43,2336,292,42,40
"205",2020-07-23,55,2391,297,42,41
"206",2020-07-24,48,2439,298,43,43
"207",2020-07-25,44,2483,305,44,43
"208",2020-07-26,33,2516,299,43,42
"209",2020-07-27,45,2561,301,43,43
"210",2020-07-28,59,2620,327,47,44
"211",2020-07-29,39,2659,323,46,44
"212",2020-07-30,38,2697,306,44,43
"213",2020-07-31,32,2729,290,41,42
"214",2020-08-01,36,2765,282,40,42
"215",2020-08-02,33,2798,282,40,42
"216",2020-08-03,36,2834,273,39,41
"217",2020-08-04,32,2866,246,35,41
"218",2020-08-05,37,2903,244,35,40
"219",2020-08-06,25,2928,231,33,38
"220",2020-08-07,29,2957,228,33,37
"221",2020-08-08,23,2980,215,31,36
"222",2020-08-09,21,3001,203,29,35
"223",2020-08-10,40,3041,207,30,34
"224",2020-08-11,41,3082,216,31,33
"225",2020-08-12,20,3102,199,28,32
"226",2020-08-13,8,3110,182,26,30
"227",2020-08-14,28,3138,181,26,29
"228",2020-08-15,16,3154,174,25,28
"229",2020-08-16,19,3173,172,25,27
"230",2020-08-17,46,3219,178,25,28
"231",2020-08-18,36,3255,173,25,28
"232",2020-08-19,24,3279,177,25,27
"233",2020-08-20,26,3305,195,28,27
"234",2020-08-21,46,3351,213,30,28
"235",2020-08-22,13,3364,210,30,27
"236",2020-08-23,16,3380,207,30,27
"237",2020-08-24,24,3404,185,26,26
"238",2020-08-25,40,3444,189,27,26
"239",2020-08-26,23,3467,188,27,26
"240",2020-08-27,26,3493,188,27,27
"241",2020-08-28,34,3527,176,25,28
"242",2020-08-29,26,3553,189,27,28
"243",2020-08-30,15,3568,188,27,28
"244",2020-08-31,22,3590,186,27,26
"245",2020-09-01,21,3611,167,24,25
"246",2020-09-02,27,3638,171,24,26
"247",2020-09-03,18,3656,163,23,25
"248",2020-09-04,26,3682,155,22,24
"249",2020-09-05,13,3695,142,20,24
"250",2020-09-06,6,3701,133,19,23
"251",2020-09-07,11,3712,122,17,22
"252",2020-09-08,18,3730,119,17,20
"253",2020-09-09,22,3752,114,16,20
"254",2020-09-10,25,3777,121,17,20
"255",2020-09-11,14,3791,109,16,19
"256",2020-09-12,20,3811,116,17,18
"257",2020-09-13,15,3826,125,18,18
"258",2020-09-14,11,3837,125,18,18
"259",2020-09-15,21,3858,128,18,18
"260",2020-09-16,13,3871,119,17,17
"261",2020-09-17,22,3893,116,17,17
"262",2020-09-18,25,3918,127,18,17
"263",2020-09-19,5,3923,112,16,16
"264",2020-09-20,13,3936,110,16,17
"265",2020-09-21,13,3949,112,16,17
"266",2020-09-22,10,3959,101,14,16
"267",2020-09-23,23,3982,111,16,16
"268",2020-09-24,27,4009,116,17,17
"269",2020-09-25,14,4023,105,15,17
"270",2020-09-26,20,4043,120,17,17
"271",2020-09-27,9,4052,116,17,16
"272",2020-09-28,13,4065,116,17,16
"273",2020-09-29,9,4074,115,16,15
"274",2020-09-30,25,4099,117,17,16
"275",2020-10-01,22,4121,112,16,16
"276",2020-10-02,18,4139,116,17,16
"277",2020-10-03,16,4155,112,16,17
"278",2020-10-04,10,4165,113,16,16
"279",2020-10-05,21,4186,121,17,17
"280",2020-10-06,16,4202,128,18,17
"281",2020-10-07,13,4215,116,17,17
"282",2020-10-08,27,4242,121,17,17
"283",2020-10-09,27,4269,130,19,18
"284",2020-10-10,13,4282,127,18,17
"285",2020-10-11,12,4294,129,18,17
"286",2020-10-12,22,4316,130,19,18
"287",2020-10-13,21,4337,135,19,19
"288",2020-10-14,24,4361,146,21,19
"289",2020-10-15,29,4390,148,21,19
"290",2020-10-16,18,4408,139,20,19
"291",2020-10-17,14,4422,140,20,19
"292",2020-10-18,16,4438,144,21,20
"293",2020-10-19,19,4457,141,20,19
"294",2020-10-20,22,4479,142,20,20
"295",2020-10-21,19,4498,137,20,20
"296",2020-10-22,29,4527,137,20,20
"297",2020-10-23,19,4546,138,20,20
"298",2020-10-24,22,4568,146,21,20
"299",2020-10-25,20,4588,150,21,21
"300",2020-10-26,16,4604,147,21,21
"301",2020-10-27,26,4630,151,22,21
"302",2020-10-28,30,4660,162,23,21
"303",2020-10-29,19,4679,152,22,21
"304",2020-10-30,26,4705,159,23,21
"305",2020-10-31,15,4720,152,22,21
"306",2020-11-01,18,4738,150,21,21
"307",2020-11-02,16,4754,150,21,21
"308",2020-11-03,30,4784,154,22,22
"309",2020-11-04,23,4807,147,21,22
"310",2020-11-05,32,4839,160,23,22
"311",2020-11-06,32,4871,166,24,23
"312",2020-11-07,26,4897,177,25,24
"313",2020-11-08,15,4912,174,25,23
"314",2020-11-09,30,4942,188,27,24
"315",2020-11-10,32,4974,190,27,25
"316",2020-11-11,39,5013,206,29,25
"317",2020-11-12,51,5064,225,32,28
"318",2020-11-13,37,5101,230,33,28
"319",2020-11-14,23,5124,227,32,29
"320",2020-11-15,23,5147,235,34,29
"321",2020-11-16,27,5174,232,33,30
"322",2020-11-17,42,5216,242,35,31
"323",2020-11-18,45,5261,248,35,32
"324",2020-11-19,43,5304,240,34,33
"325",2020-11-20,41,5345,244,35,34
"326",2020-11-21,26,5371,247,35,34
"327",2020-11-22,31,5402,255,36,35
"328",2020-11-23,34,5436,262,37,35
"329",2020-11-24,61,5497,281,40,37
"330",2020-11-25,39,5536,275,39,37
"331",2020-11-26,34,5570,266,38,36
"332",2020-11-27,41,5611,266,38,36
"333",2020-11-28,58,5669,298,43,39
"334",2020-11-29,57,5726,324,46,41
"335",2020-11-30,75,5801,365,52,45
"336",2020-12-01,91,5892,395,56,48
"337",2020-12-02,73,5965,429,61,50
"338",2020-12-03,76,6041,471,67,53
"339",2020-12-04,52,6093,482,69,53
"340",2020-12-05,47,6140,471,67,55
"341",2020-12-06,21,6161,435,62,54
"342",2020-12-07,86,6247,446,64,58
"343",2020-12-08,64,6311,419,60,58
"344",2020-12-09,86,6397,432,62,62
"345",2020-12-10,63,6460,419,60,64
"346",2020-12-11,49,6509,416,59,64
"347",2020-12-12,52,6561,421,60,64
"348",2020-12-13,47,6608,447,64,63
"349",2020-12-14,98,6706,459,66,65
"350",2020-12-15,97,6803,492,70,65
"351",2020-12-16,65,6868,471,67,64
"352",2020-12-17,102,6970,510,73,66
"353",2020-12-18,104,7074,565,81,70
"354",2020-12-19,43,7117,556,79,70
"355",2020-12-20,57,7174,566,81,72
"356",2020-12-21,70,7244,538,77,71
"357",2020-12-22,114,7358,555,79,75
"358",2020-12-23,103,7461,593,85,76
"359",2020-12-24,58,7519,549,78,76
"360",2020-12-25,30,7549,475,68,74
"361",2020-12-26,70,7619,502,72,76
"362",2020-12-27,54,7673,499,71,76
"363",2020-12-28,71,7744,500,71,74
"364",2020-12-29,134,7878,520,74,77
"365",2020-12-30,88,7966,505,72,78
"366",2020-12-31,79,8045,526,75,77
"367",2021-01-01,64,8109,560,80,74
"368",2021-01-02,50,8159,540,77,74
"369",2021-01-03,38,8197,524,75,73
"370",2021-01-04,174,8371,627,90,80
"371",2021-01-05,110,8481,603,86,80
"372",2021-01-06,105,8586,620,89,80
"373",2021-01-07,122,8708,663,95,85
"374",2021-01-08,96,8804,695,99,90
"375",2021-01-09,61,8865,706,101,89
"376",2021-01-10,46,8911,714,102,88
"377",2021-01-11,129,9040,669,96,93
"378",2021-01-12,106,9146,665,95,91
"379",2021-01-13,129,9275,689,98,94
"380",2021-01-14,79,9354,646,92,94
"381",2021-01-15,81,9435,631,90,95
"382",2021-01-16,40,9475,610,87,94
"383",2021-01-17,36,9511,600,86,94
"384",2021-01-18,67,9578,538,77,86
"385",2021-01-19,81,9659,513,73,84
"386",2021-01-20,66,9725,450,64,81
"387",2021-01-21,84,9809,455,65,79
"388",2021-01-22,71,9880,445,64,77
"389",2021-01-23,26,9906,431,62,74
"390",2021-01-24,38,9944,433,62,74
"391",2021-01-25,73,10017,439,63,70
"392",2021-01-26,73,10090,431,62,67
"393",2021-01-27,66,10156,431,62,63
"394",2021-01-28,53,10209,400,57,61
"395",2021-01-29,47,10256,376,54,59
"396",2021-01-30,25,10281,375,54,58
"397",2021-01-31,14,10295,351,50,56
"398",2021-02-01,54,10349,332,47,55
"399",2021-02-02,70,10419,329,47,54
"400",2021-02-03,41,10460,304,43,52
"401",2021-02-04,40,10500,291,42,49
"402",2021-02-05,39,10539,283,40,47
"403",2021-02-06,14,10553,272,39,46
"404",2021-02-07,17,10570,275,39,45
"405",2021-02-08,37,10607,258,37,42
"406",2021-02-09,67,10674,255,36,42
"407",2021-02-10,31,10705,245,35,39
"408",2021-02-11,41,10746,246,35,38
"409",2021-02-12,15,10761,222,32,36
"410",2021-02-13,9,10770,217,31,35
"411",2021-02-14,7,10777,207,30,34
"412",2021-02-15,21,10798,191,27,32
"413",2021-02-16,18,10816,142,20,28
"414",2021-02-17,22,10838,133,19,27
"415",2021-02-18,14,10852,106,15,25
"416",2021-02-19,7,10859,98,14,23
"417",2021-02-20,9,10868,98,14,22
"418",2021-02-21,7,10875,98,14,22
"419",2021-02-22,23,10898,100,14,21
"420",2021-02-23,24,10922,106,15,18
"421",2021-02-24,21,10943,105,15,17
"422",2021-02-25,14,10957,105,15,15
"423",2021-02-26,16,10973,114,16,15
"424",2021-02-27,5,10978,110,16,15
"425",2021-02-28,9,10987,112,16,15
"426",2021-03-01,17,11004,106,15,15
"427",2021-03-02,16,11020,98,14,15
"428",2021-03-03,10,11030,87,12,14
"429",2021-03-04,11,11041,84,12,14
"430",2021-03-05,12,11053,80,11,14
"431",2021-03-06,9,11062,84,12,14
"432",2021-03-07,3,11065,78,11,14
"433",2021-03-08,11,11076,72,10,13
"434",2021-03-09,11,11087,67,10,12
"435",2021-03-10,16,11103,73,10,11
"436",2021-03-11,6,11109,68,10,11
"437",2021-03-12,13,11122,69,10,11
"438",2021-03-13,9,11131,69,10,11
"439",2021-03-14,9,11140,75,11,11
"440",2021-03-15,4,11144,68,10,10
"441",2021-03-16,10,11154,67,10,10
"442",2021-03-17,12,11166,63,9,10
"443",2021-03-18,14,11180,71,10,10
"444",2021-03-19,3,11183,61,9,9
"445",2021-03-20,8,11191,60,9,9
"446",2021-03-21,3,11194,54,8,9
"447",2021-03-22,8,11202,58,8,9
"448",2021-03-23,13,11215,61,9,9
"449",2021-03-24,7,11222,56,8,8
"450",2021-03-25,6,11228,48,7,8
"451",2021-03-26,11,11239,56,8,8
"452",2021-03-27,4,11243,52,7,8
"453",2021-03-28,3,11246,52,7,8
"454",2021-03-29,6,11252,50,7,8
"455",2021-03-30,8,11260,45,6,8
"456",2021-03-31,4,11264,42,6,7
"457",2021-04-01,9,11273,45,6,7
"458",2021-04-02,3,11276,37,5,7
"459",2021-04-03,1,11277,34,5,6
"460",2021-04-04,6,11283,37,5,6
"461",2021-04-05,8,11291,39,6,6
"462",2021-04-06,8,11299,39,6,6
"463",2021-04-07,6,11305,41,6,6
"464",2021-04-08,6,11311,38,5,6
"465",2021-04-09,6,11317,41,6,6
"466",2021-04-10,4,11321,44,6,6
"467",2021-04-11,3,11324,41,6,6
"468",2021-04-12,6,11330,39,6,6
"469",2021-04-13,3,11333,34,5,5
"470",2021-04-14,7,11340,35,5,5
"471",2021-04-15,3,11343,32,5,5
"472",2021-04-16,11,11354,37,5,6
"473",2021-04-17,2,11356,35,5,6
"474",2021-04-18,4,11360,36,5,6
"475",2021-04-19,8,11368,38,5,6
"476",2021-04-20,10,11378,45,6,6
"477",2021-04-21,12,11390,50,7,6
"478",2021-04-22,9,11399,56,8,6
"479",2021-04-23,4,11403,49,7,6
"480",2021-04-24,2,11405,49,7,6
"481",2021-04-25,6,11411,51,7,6
"482",2021-04-26,7,11418,50,7,6
"483",2021-04-27,6,11424,46,7,6
"484",2021-04-28,5,11429,39,6,6
"485",2021-04-29,9,11438,39,6,7
"486",2021-04-30,5,11443,40,6,6
"487",2021-05-01,4,11447,42,6,6
"488",2021-05-02,8,11455,44,6,7
"489",2021-05-03,5,11460,42,6,7
"490",2021-05-04,6,11466,42,6,6
"491",2021-05-05,7,11473,44,6,6
"492",2021-05-06,9,11482,44,6,6
"493",2021-05-07,10,11492,49,7,6
"494",2021-05-08,4,11496,49,7,6
"495",2021-05-09,2,11498,43,6,6
"496",2021-05-10,6,11504,44,6,6
"497",2021-05-11,9,11513,47,7,6
"498",2021-05-12,4,11517,44,6,6
"499",2021-05-13,14,11531,49,7,7
"500",2021-05-14,5,11536,44,6,7
"501",2021-05-15,4,11540,44,6,7
"502",2021-05-16,4,11544,46,7,6
"503",2021-05-17,3,11547,43,6,6
"504",2021-05-18,4,11551,38,5,6
"505",2021-05-19,1,11552,35,5,6
"506",2021-05-20,6,11558,27,4,5
"507",2021-05-21,12,11570,34,5,6
"508",2021-05-22,3,11573,33,5,6
"509",2021-05-23,1,11574,30,4,5
"510",2021-05-24,9,11583,36,5,6
"511",2021-05-25,3,11586,35,5,5
"512",2021-05-26,3,11589,37,5,5
"513",2021-05-27,5,11594,36,5,4
"514",2021-05-28,6,11600,30,4,5
"515",2021-05-29,0,11600,27,4,4
"516",2021-05-30,0,11600,26,4,4
"517",2021-05-31,2,11602,19,3,4
"518",2021-06-01,2,11604,18,3,4
"519",2021-06-02,2,11606,17,2,4
"520",2021-06-03,3,11609,15,2,4
"521",2021-06-04,7,11616,16,2,3
"522",2021-06-05,3,11619,19,3,3
"523",2021-06-06,3,11622,22,3,3
"524",2021-06-07,4,11626,24,3,3
"525",2021-06-08,5,11631,27,4,3
"526",2021-06-09,3,11634,28,4,3
"527",2021-06-10,4,11638,29,4,3
"528",2021-06-11,6,11644,28,4,3
"529",2021-06-12,2,11646,27,4,3
"530",2021-06-13,1,11647,25,4,3
"531",2021-06-14,3,11650,24,3,3
"532",2021-06-15,2,11652,21,3,3
"533",2021-06-16,1,11653,19,3,3
"534",2021-06-17,5,11658,20,3,4
"535",2021-06-18,4,11662,18,3,3
"536",2021-06-19,3,11665,19,3,3
"537",2021-06-20,4,11669,22,3,3
"538",2021-06-21,7,11676,26,4,4
"539",2021-06-22,4,11680,28,4,4
"540",2021-06-23,3,11683,30,4,4
"541",2021-06-24,6,11689,31,4,4
"542",2021-06-25,4,11693,31,4,4
"543",2021-06-26,6,11699,34,5,4
"544",2021-06-27,3,11702,33,5,4
"545",2021-06-28,4,11706,30,4,4
"546",2021-06-29,2,11708,28,4,4
"547",2021-06-30,5,11713,30,4,4
"548",2021-07-01,5,11718,29,4,4
"549",2021-07-02,5,11723,30,4,4
"550",2021-07-03,1,11724,25,4,4
"551",2021-07-04,3,11727,25,4,4
"552",2021-07-05,9,11736,30,4,4
"553",2021-07-06,10,11746,38,5,5
"554",2021-07-07,13,11759,46,7,5
"555",2021-07-08,10,11769,51,7,6
"556",2021-07-09,13,11782,59,8,6
"557",2021-07-10,6,11788,64,9,6
"558",2021-07-11,1,11789,62,9,6
"559",2021-07-12,18,11807,71,10,7
"560",2021-07-13,8,11815,69,10,8
"561",2021-07-14,13,11828,69,10,8
"562",2021-07-15,23,11851,82,12,10
"563",2021-07-16,20,11871,89,13,11
"564",2021-07-17,14,11885,97,14,12
"565",2021-07-18,13,11898,109,16,12
"566",2021-07-19,22,11920,113,16,13
"567",2021-07-20,28,11948,133,19,14
"568",2021-07-21,24,11972,144,21,15
"569",2021-07-22,24,11996,145,21,16
"570",2021-07-23,31,12027,156,22,18
"571",2021-07-24,33,12060,175,25,19
"572",2021-07-25,37,12097,199,28,22
"573",2021-07-26,42,12139,219,31,24
"574",2021-07-27,50,12189,241,34,27
"575",2021-07-28,42,12231,259,37,29
"576",2021-07-29,49,12280,284,41,31
"577",2021-07-30,51,12331,304,43,33
"578",2021-07-31,27,12358,298,43,34
"579",2021-08-01,36,12394,297,42,35
"580",2021-08-02,64,12458,319,46,38
"581",2021-08-03,48,12506,317,45,40
"582",2021-08-04,62,12568,337,48,43
"583",2021-08-05,62,12630,350,50,45
"584",2021-08-06,81,12711,380,54,49
"585",2021-08-07,4,12715,357,51,47
"586",2021-08-08,90,12805,411,59,51
"587",2021-08-09,94,12899,441,63,54
"588",2021-08-10,94,12993,487,70,57
"589",2021-08-11,78,13071,503,72,60
"590",2021-08-12,80,13151,521,74,62
"591",2021-08-13,57,13208,497,71,63
"592",2021-08-14,52,13260,545,78,64
"593",2021-08-15,44,13304,499,71,65
"594",2021-08-16,78,13382,483,69,66
"595",2021-08-17,87,13469,476,68,69
"596",2021-08-18,63,13532,461,66,69
"597",2021-08-19,52,13584,433,62,68
"598",2021-08-20,81,13665,457,65,68
"599",2021-08-21,57,13722,462,66,72
"600",2021-08-22,43,13765,461,66,69
"601",2021-08-23,58,13823,441,63,66
"602",2021-08-24,67,13890,421,60,64
"603",2021-08-25,52,13942,410,59,62
"604",2021-08-26,67,14009,425,61,61
"605",2021-08-27,93,14102,437,62,64
"606",2021-08-28,47,14149,427,61,64
"607",2021-08-29,48,14197,432,62,64
"608",2021-08-30,90,14287,464,66,65
"609",2021-08-31,68,14355,465,66,63
"610",2021-09-01,88,14443,501,72,65
"611",2021-09-02,90,14533,524,75,68
"612",2021-09-03,71,14604,502,72,67
"613",2021-09-04,41,14645,496,71,66
"614",2021-09-05,50,14695,498,71,66
"615",2021-09-06,57,14752,465,66,66
"616",2021-09-07,63,14815,460,66,66
"617",2021-09-08,73,14888,445,64,68
"618",2021-09-09,79,14967,434,62,68
"619",2021-09-10,70,15037,433,62,67
"620",2021-09-11,27,15064,419,60,65
"621",2021-09-12,51,15115,420,60,66
"622",2021-09-13,58,15173,421,60,63
"623",2021-09-14,62,15235,420,60,63
"624",2021-09-15,63,15298,410,59,61
"625",2021-09-16,79,15377,410,59,60
"626",2021-09-17,55,15432,395,56,59
"627",2021-09-18,26,15458,394,56,58
"628",2021-09-19,19,15477,362,52,56
"629",2021-09-20,74,15551,378,54,57
"630",2021-09-21,78,15629,394,56,58
"631",2021-09-22,58,15687,389,56,57
"632",2021-09-23,52,15739,362,52,55
"633",2021-09-24,48,15787,355,51,54
"634",2021-09-25,17,15804,346,49,53
"635",2021-09-26,22,15826,349,50,51
"636",2021-09-27,50,15876,325,46,50
"637",2021-09-28,25,15901,272,39,48
"638",2021-09-29,40,15941,254,36,46
"639",2021-09-30,42,15983,244,35,43
"640",2021-10-01,16,15999,212,30,40
"641",2021-10-02,13,16012,208,30,40
"642",2021-10-03,11,16023,197,28,39
"643",2021-10-04,33,16056,180,26,36
"644",2021-10-05,33,16089,188,27,33
"645",2021-10-06,29,16118,177,25,31
"646",2021-10-07,9,16127,144,21,28
"647",2021-10-08,22,16149,150,21,26
"648",2021-10-09,11,16160,148,21,25
"649",2021-10-10,13,16173,150,21,25
"650",2021-10-11,24,16197,141,20,23
"651",2021-10-12,29,16226,137,20,23
"652",2021-10-13,27,16253,135,19,22
"653",2021-10-14,19,16272,145,21,21
"654",2021-10-15,21,16293,144,21,21
"655",2021-10-16,8,16301,141,20,21
"656",2021-10-17,7,16308,135,19,20
"657",2021-10-18,9,16317,120,17,19
"658",2021-10-19,18,16335,109,16,18
"659",2021-10-20,11,16346,93,13,16
"660",2021-10-21,15,16361,89,13,17
"661",2021-10-22,10,16371,78,11,16
"662",2021-10-23,3,16374,73,10,15
"663",2021-10-24,6,16380,72,10,15
"664",2021-10-25,8,16388,71,10,14
"665",2021-10-26,12,16400,65,9,12
"666",2021-10-27,19,16419,73,10,12
"667",2021-10-28,14,16433,72,10,12
"668",2021-10-29,14,16447,76,11,11
"669",2021-10-30,7,16454,80,11,11
"670",2021-10-31,4,16458,78,11,11
"671",2021-11-01,13,16471,83,12,11
"672",2021-11-02,14,16485,85,12,11
"673",2021-11-03,9,16494,75,11,11
"674",2021-11-04,10,16504,71,10,10
"675",2021-11-05,13,16517,70,10,10
"676",2021-11-06,6,16523,69,10,11
"677",2021-11-07,4,16527,69,10,10
"678",2021-11-08,9,16536,65,9,11
"679",2021-11-09,5,16541,56,8,10
"680",2021-11-10,17,16558,64,9,10
"681",2021-11-11,6,16564,60,9,9
"682",2021-11-12,15,16579,62,9,9
"683",2021-11-13,0,16579,56,8,9
"684",2021-11-14,1,16580,53,8,9
"685",2021-11-15,6,16586,50,7,8
"686",2021-11-16,8,16594,53,8,8
"687",2021-11-17,12,16606,48,7,8
"688",2021-11-18,11,16617,53,8,8
"689",2021-11-19,10,16627,48,7,8
"690",2021-11-20,4,16631,52,7,8
"691",2021-11-21,5,16636,56,8,8
"692",2021-11-22,11,16647,61,9,8
"693",2021-11-23,10,16657,63,9,8
"694",2021-11-24,7,16664,58,8,8
"695",2021-11-25,2,16666,49,7,7
"696",2021-11-26,7,16673,46,7,7
"697",2021-11-27,3,16676,45,6,7
"698",2021-11-28,6,16682,46,7,7
"699",2021-11-29,13,16695,48,7,8
"700",2021-11-30,7,16702,45,6,8
"701",2021-12-01,14,16716,52,7,8
"702",2021-12-02,9,16725,59,8,8
"703",2021-12-03,8,16733,60,9,8
"704",2021-12-04,12,16745,69,10,8
"705",2021-12-05,9,16754,72,10,8
"706",2021-12-06,12,16766,71,10,8
"707",2021-12-07,16,16782,80,11,9
"708",2021-12-08,11,16793,77,11,9
"709",2021-12-09,9,16802,77,11,10
"710",2021-12-10,15,16817,84,12,10
"711",2021-12-11,6,16823,78,11,10
"712",2021-12-12,6,16829,75,11,10
"713",2021-12-13,15,16844,78,11,11
"714",2021-12-14,11,16855,73,10,11
"715",2021-12-15,6,16861,68,10,10
"716",2021-12-16,12,16873,71,10,11
"717",2021-12-17,9,16882,65,9,11
"718",2021-12-18,6,16888,65,9,10
"719",2021-12-19,7,16895,66,9,10
"720",2021-12-20,12,16907,63,9,10
"721",2021-12-21,12,16919,64,9,10
"722",2021-12-22,12,16931,70,10,10
"723",2021-12-23,14,16945,72,10,10
"724",2021-12-24,10,16955,73,10,10
"725",2021-12-25,5,16960,72,10,10
"726",2021-12-26,11,16971,76,11,10
"727",2021-12-27,25,16996,89,13,11
"728",2021-12-28,19,17015,96,14,11
"729",2021-12-29,29,17044,113,16,13
"730",2021-12-30,38,17082,137,20,15
"731",2021-12-31,26,17108,153,22,16
"732",2022-01-01,28,17136,176,25,18
"733",2022-01-02,28,17164,193,28,19
"734",2022-01-03,48,17212,216,31,22
"735",2022-01-04,47,17259,244,35,24
"736",2022-01-05,42,17301,257,37,26
"737",2022-01-06,62,17363,281,40,30
"738",2022-01-07,38,17401,293,42,32
"739",2022-01-08,35,17436,300,43,34
"740",2022-01-09,28,17464,300,43,35
"741",2022-01-10,55,17519,307,44,37
"742",2022-01-11,52,17571,312,45,40
"743",2022-01-12,43,17614,313,45,41
"744",2022-01-13,53,17667,304,43,42
"745",2022-01-14,59,17726,325,46,44
"746",2022-01-15,43,17769,333,48,45
"747",2022-01-16,32,17801,337,48,46
"748",2022-01-17,46,17847,328,47,45
"749",2022-01-18,77,17924,353,50,48
"750",2022-01-19,63,17987,373,53,49
"751",2022-01-20,81,18068,401,57,50
"752",2022-01-21,62,18130,404,58,52
"753",2022-01-22,39,18169,400,57,52
"754",2022-01-23,28,18197,396,57,52
"755",2022-01-24,81,18278,431,62,54
"756",2022-01-25,75,18353,429,61,56
"757",2022-01-26,77,18430,443,63,58
"758",2022-01-27,103,18533,465,66,62
"759",2022-01-28,108,18641,511,73,65
"760",2022-01-29,44,18685,516,74,65
"761",2022-01-30,47,18732,535,76,66
"762",2022-01-31,66,18798,520,74,68
"763",2022-02-01,68,18866,513,73,67
"764",2022-02-02,54,18920,490,70,67
"765",2022-02-03,62,18982,449,64,65
"766",2022-02-04,24,19006,365,52,63
"767",2022-02-05,0,19006,321,46,60
"768",2022-02-06,59,19065,333,48,62
"769",2022-02-07,33,19098,300,43,59
"770",2022-02-08,48,19146,280,40,57
"771",2022-02-09,32,19178,258,37,53
"772",2022-02-10,20,19198,216,31,48
"773",2022-02-11,30,19228,222,32,42
"774",2022-02-12,11,19239,233,33,40
"775",2022-02-13,12,19251,186,27,37
"776",2022-02-14,38,19289,191,27,35
"777",2022-02-15,36,19325,179,26,33
"778",2022-02-16,28,19353,175,25,31
"779",2022-02-17,30,19383,185,26,29
"780",2022-02-18,21,19404,176,25,28
"781",2022-02-19,6,19410,171,24,29
"782",2022-02-20,9,19419,168,24,25
"783",2022-02-21,9,19428,139,20,24
"784",2022-02-22,24,19452,127,18,22
"785",2022-02-23,30,19482,129,18,22
"786",2022-02-24,14,19496,113,16,21
"787",2022-02-25,12,19508,104,15,20
"788",2022-02-26,4,19512,102,15,20
"789",2022-02-27,6,19518,99,14,19
"790",2022-02-28,19,19537,109,16,18
"791",2022-03-01,16,19553,101,14,16
"792",2022-03-02,16,19569,87,12,15
"793",2022-03-03,11,19580,84,12,14
"794",2022-03-04,13,19593,85,12,14
"795",2022-03-05,5,19598,86,12,13
"796",2022-03-06,0,19598,80,11,13
"797",2022-03-07,13,19611,74,11,13
"798",2022-03-08,8,19619,66,9,12
"799",2022-03-09,11,19630,61,9,11
"800",2022-03-10,8,19638,58,8,10
"801",2022-03-11,13,19651,58,8,10
"802",2022-03-12,2,19653,55,8,10
"803",2022-03-13,1,19654,56,8,10
"804",2022-03-14,9,19663,52,7,9
"805",2022-03-15,1,19664,45,6,8
"806",2022-03-16,11,19675,45,6,8
"807",2022-03-17,7,19682,44,6,7
"808",2022-03-18,9,19691,40,6,7
"809",2022-03-19,0,19691,38,5,7
"810",2022-03-20,1,19692,38,5,7
"811",2022-03-21,10,19702,39,6,6
"812",2022-03-22,4,19706,42,6,6
"813",2022-03-23,2,19708,33,5,6
"814",2022-03-24,8,19716,34,5,6
"815",2022-03-25,3,19719,28,4,5
"816",2022-03-26,0,19719,28,4,5
"817",2022-03-27,0,19719,27,4,5
"818",2022-03-28,7,19726,24,3,4
"819",2022-03-29,3,19729,23,3,5
"820",2022-03-30,2,19731,23,3,4
"821",2022-03-31,0,19731,15,2,4
"822",2022-04-01,0,19731,12,2,3
"823",2022-04-02,0,19731,12,2,3
"824",2022-04-03,0,19731,12,2,3
"825",2022-04-04,2,19733,7,1,2
"826",2022-04-05,10,19743,14,2,3
"827",2022-04-06,1,19744,13,2,3
"828",2022-04-07,2,19746,15,2,2
"829",2022-04-08,2,19748,17,2,2
"830",2022-04-09,0,19748,17,2,2
"831",2022-04-10,0,19748,17,2,2
"832",2022-04-11,8,19756,23,3,2
"833",2022-04-12,4,19760,17,2,2
"834",2022-04-13,2,19762,18,3,2
"835",2022-04-14,1,19763,17,2,2
"836",2022-04-15,1,19764,16,2,2
"837",2022-04-16,0,19764,16,2,2
"838",2022-04-17,0,19764,16,2,2
"839",2022-04-18,2,19766,10,1,2
"840",2022-04-19,1,19767,7,1,2
"841",2022-04-20,2,19769,7,1,2
"842",2022-04-21,2,19771,8,1,2
"843",2022-04-22,1,19772,8,1,2
"844",2022-04-23,0,19772,8,1,2
"845",2022-04-24,0,19772,8,1,2
"846",2022-04-25,0,19772,6,1,1
"847",2022-04-26,0,19772,5,1,1
"848",2022-04-27,1,19773,4,1,1
"849",2022-04-28,1,19774,3,0,1
"850",2022-04-29,0,19774,2,0,1
"851",2022-04-30,0,19774,2,0,1
"852",2022-05-01,1,19775,3,0,1
"853",2022-05-02,1,19776,4,1,1
"854",2022-05-03,2,19778,6,1,1
"855",2022-05-04,2,19780,7,1,1
"856",2022-05-05,3,19783,9,1,1
"857",2022-05-06,2,19785,11,2,1
"858",2022-05-07,0,19785,11,2,1
"859",2022-05-08,1,19786,11,2,1
"860",2022-05-09,1,19787,11,2,1
"861",2022-05-10,0,19787,9,1,1
"862",2022-05-11,6,19793,13,2,1
"863",2022-05-12,2,19795,12,2,2
"864",2022-05-13,1,19796,11,2,2
"865",2022-05-14,1,19797,12,2,2
"866",2022-05-15,1,19798,12,2,2
"867",2022-05-16,1,19799,12,2,2
"868",2022-05-17,1,19800,13,2,2
"869",2022-05-18,2,19802,9,1,2
"870",2022-05-19,3,19805,10,1,2
"871",2022-05-20,1,19806,10,1,2
"872",2022-05-21,0,19806,9,1,2
"873",2022-05-22,2,19808,10,1,2
"874",2022-05-23,2,19810,11,2,2
"875",2022-05-24,0,19810,10,1,2
"876",2022-05-25,1,19811,9,1,1
"877",2022-05-26,2,19813,8,1,1
"878",2022-05-27,3,19816,10,1,1
"879",2022-05-28,1,19817,11,2,1
"880",2022-05-29,3,19820,12,2,2
"881",2022-05-30,1,19821,11,2,2
"882",2022-05-31,2,19823,13,2,2
"883",2022-06-01,5,19828,17,2,2
"884",2022-06-02,2,19830,17,2,2
"885",2022-06-03,5,19835,19,3,2
"886",2022-06-04,3,19838,21,3,2
"887",2022-06-05,5,19843,23,3,2
"888",2022-06-06,4,19847,26,4,3
"889",2022-06-07,4,19851,28,4,3
"890",2022-06-08,6,19857,29,4,3
"891",2022-06-09,6,19863,33,5,4
"892",2022-06-10,3,19866,31,4,4
"893",2022-06-11,2,19868,30,4,4
"894",2022-06-12,2,19870,27,4,4
"895",2022-06-13,5,19875,28,4,4
"896",2022-06-14,3,19878,27,4,4
"897",2022-06-15,1,19879,22,3,4
"898",2022-06-16,6,19885,22,3,4
"899",2022-06-17,5,19890,24,3,4
"900",2022-06-18,1,19891,23,3,4
"901",2022-06-19,2,19893,23,3,4
"902",2022-06-20,1,19894,19,3,3
"903",2022-06-21,14,19908,30,4,4
"904",2022-06-22,6,19914,35,5,4
"905",2022-06-23,3,19917,32,5,4
"906",2022-06-24,10,19927,37,5,4
"907",2022-06-25,0,19927,36,5,4
"908",2022-06-26,0,19927,34,5,4
"909",2022-06-27,10,19937,43,6,4
"910",2022-06-28,8,19945,37,5,5
"911",2022-06-29,7,19952,38,5,5
"912",2022-06-30,9,19961,44,6,5
"913",2022-07-01,9,19970,43,6,6
"914",2022-07-02,1,19971,44,6,6
"915",2022-07-03,5,19976,49,7,6
"916",2022-07-04,0,19976,39,6,6
"917",2022-07-05,20,19996,51,7,6
"918",2022-07-06,10,20006,54,8,7
"919",2022-07-07,11,20017,56,8,7
"920",2022-07-08,10,20027,57,8,7
"921",2022-07-09,4,20031,60,9,7
"922",2022-07-10,0,20031,55,8,7
"923",2022-07-11,16,20047,71,10,8
"924",2022-07-12,10,20057,61,9,8
"925",2022-07-13,8,20065,59,8,8
"926",2022-07-14,7,20072,55,8,8
"927",2022-07-15,9,20081,54,8,8
"928",2022-07-16,9,20090,59,8,8
"929",2022-07-17,7,20097,66,9,9
"930",2022-07-18,8,20105,58,8,9
"931",2022-07-19,7,20112,55,8,8
"932",2022-07-20,10,20122,57,8,8
"933",2022-07-21,9,20131,59,8,8
"934",2022-07-22,16,20147,66,9,9
"935",2022-07-23,5,20152,62,9,9
"936",2022-07-24,3,20155,58,8,9
"937",2022-07-25,5,20160,55,8,8
"938",2022-07-26,12,20172,60,9,8
"939",2022-07-27,9,20181,59,8,8
"940",2022-07-28,10,20191,60,9,8
"941",2022-07-29,3,20194,47,7,8
"942",2022-07-30,3,20197,45,6,8
"943",2022-07-31,4,20201,46,7,7
"944",2022-08-01,14,20215,55,8,8
"945",2022-08-02,18,20233,61,9,9
"946",2022-08-03,10,20243,62,9,9
"947",2022-08-04,9,20252,61,9,9
"948",2022-08-05,10,20262,68,10,8
"949",2022-08-06,8,20270,73,10,8
"950",2022-08-07,1,20271,70,10,8
"951",2022-08-08,10,20281,66,9,9
"952",2022-08-09,14,20295,62,9,9
"953",2022-08-10,7,20302,59,8,9
"954",2022-08-11,11,20313,61,9,9
"955",2022-08-12,7,20320,58,8,9
"956",2022-08-13,3,20323,53,8,9
"957",2022-08-14,5,20328,57,8,9
"958",2022-08-15,4,20332,51,7,8
"959",2022-08-16,4,20336,41,6,7
"960",2022-08-17,5,20341,39,6,7
"961",2022-08-18,4,20345,32,5,7
"962",2022-08-19,1,20346,26,4,6
"963",2022-08-20,5,20351,28,4,6
"964",2022-08-21,3,20354,26,4,6
"965",2022-08-22,4,20358,26,4,6
"966",2022-08-23,2,20360,24,3,5
"967",2022-08-24,10,20370,29,4,5
"968",2022-08-25,5,20375,30,4,4
"969",2022-08-26,9,20384,38,5,5
"970",2022-08-27,1,20385,34,5,4
"971",2022-08-28,5,20390,36,5,4
"972",2022-08-29,14,20404,46,7,5
"973",2022-08-30,10,20414,54,8,6
"974",2022-08-31,13,20427,57,8,6
"975",2022-09-01,16,20443,68,10,7
"976",2022-09-02,7,20450,66,9,7
"977",2022-09-03,2,20452,67,10,7
"978",2022-09-04,1,20453,63,9,7
"979",2022-09-05,6,20459,55,8,7
"980",2022-09-06,16,20475,61,9,8
"981",2022-09-07,8,20483,56,8,8
"982",2022-09-08,12,20495,52,7,9
"983",2022-09-09,8,20503,53,8,8
"984",2022-09-10,8,20511,59,8,9
"985",2022-09-11,3,20514,61,9,9
"986",2022-09-12,9,20523,64,9,8
"987",2022-09-13,3,20526,51,7,8
"988",2022-09-14,3,20529,46,7,7
"989",2022-09-15,7,20536,41,6,7
"990",2022-09-16,4,20540,37,5,6
"991",2022-09-17,2,20542,31,4,6
"992",2022-09-18,2,20544,30,4,6
"993",2022-09-19,13,20557,34,5,7
"994",2022-09-20,5,20562,36,5,6
"995",2022-09-21,4,20566,37,5,6
"996",2022-09-22,5,20571,35,5,5
"997",2022-09-23,1,20572,32,5,5
"998",2022-09-24,0,20572,30,4,4
"999",2022-09-25,0,20572,28,4,4
"1000",2022-09-26,3,20575,18,3,4
"1001",2022-09-27,1,20576,14,2,4
"1002",2022-09-28,3,20579,13,2,4
"1003",2022-09-29,1,20580,9,1,3
"1004",2022-09-30,2,20582,10,1,3
"1005",2022-10-01,2,20584,12,2,3
"1006",2022-10-02,0,20584,12,2,3
"1007",2022-10-03,3,20587,12,2,2
"1008",2022-10-04,8,20595,19,3,2
"1009",2022-10-05,7,20602,23,3,3
"1010",2022-10-06,2,20604,24,3,2
"1011",2022-10-07,2,20606,24,3,2
"1012",2022-10-08,1,20607,23,3,2
"1013",2022-10-09,3,20610,26,4,3
"1014",2022-10-10,3,20613,26,4,3
"1015",2022-10-11,2,20615,20,3,3
"1016",2022-10-12,3,20618,16,2,3
"1017",2022-10-13,1,20619,15,2,3
"1018",2022-10-14,1,20620,14,2,3
"1019",2022-10-15,0,20620,13,2,3
"1020",2022-10-16,1,20621,11,2,3
"1021",2022-10-17,3,20624,11,2,3
"1022",2022-10-18,4,20628,13,2,2
"1023",2022-10-19,2,20630,12,2,2
"1024",2022-10-20,1,20631,12,2,2
"1025",2022-10-21,3,20634,14,2,2
"1026",2022-10-22,2,20636,16,2,2
"1027",2022-10-23,0,20636,15,2,2
"1028",2022-10-24,8,20644,20,3,2
"1029",2022-10-25,4,20648,20,3,2
"1030",2022-10-26,0,20648,18,3,2
"1031",2022-10-27,4,20652,21,3,2
"1032",2022-10-28,3,20655,21,3,2
"1033",2022-10-29,1,20656,20,3,3
"1034",2022-10-30,0,20656,20,3,2
"1035",2022-10-31,3,20659,15,2,2
"1036",2022-11-01,3,20662,14,2,2
"1037",2022-11-02,2,20664,16,2,2
"1038",2022-11-03,4,20668,16,2,3
"1039",2022-11-04,0,20668,13,2,2
"1040",2022-11-05,0,20668,12,2,2
"1041",2022-11-06,3,20671,15,2,2
"1042",2022-11-07,6,20677,18,3,2
"1043",2022-11-08,7,20684,22,3,3
"1044",2022-11-09,1,20685,21,3,3
"1045",2022-11-10,3,20688,20,3,3
"1046",2022-11-11,3,20691,23,3,3
"1047",2022-11-12,2,20693,25,4,3
"1048",2022-11-13,3,20696,25,4,3
"1049",2022-11-14,2,20698,21,3,3
"1050",2022-11-15,1,20699,15,2,3
"1051",2022-11-16,2,20701,16,2,3
"1052",2022-11-17,3,20704,16,2,3
"1053",2022-11-18,3,20707,16,2,3
"1054",2022-11-19,0,20707,14,2,3
"1055",2022-11-20,0,20707,11,2,3
"1056",2022-11-21,5,20712,14,2,2
"1057",2022-11-22,4,20716,17,2,2
"1058",2022-11-23,4,20720,19,3,2
"1059",2022-11-24,2,20722,18,3,2
"1060",2022-11-25,4,20726,19,3,2
"1061",2022-11-26,1,20727,20,3,2
"1062",2022-11-27,0,20727,20,3,2
"1063",2022-11-28,6,20733,21,3,2
"1064",2022-11-29,4,20737,21,3,3
"1065",2022-11-30,4,20741,21,3,3
"1066",2022-12-01,0,20741,19,3,3
"1067",2022-12-02,7,20748,22,3,3
"1068",2022-12-03,2,20750,23,3,3
"1069",2022-12-04,0,20750,23,3,3
"1070",2022-12-05,6,20756,23,3,3
"1071",2022-12-06,6,20762,25,4,3
"1072",2022-12-07,8,20770,29,4,4
"1073",2022-12-08,10,20780,39,6,4
"1074",2022-12-09,6,20786,38,5,4
"1075",2022-12-10,1,20787,37,5,4
"1076",2022-12-11,2,20789,39,6,4
"1077",2022-12-12,6,20795,39,6,4
"1078",2022-12-13,1,20796,34,5,4
"1079",2022-12-14,4,20800,30,4,4
"1080",2022-12-15,3,20803,23,3,4
"1081",2022-12-16,6,20809,23,3,4
"1082",2022-12-17,2,20811,24,3,4
"1083",2022-12-18,3,20814,25,4,5
"1084",2022-12-19,9,20823,28,4,5
"1085",2022-12-20,1,20824,28,4,4
"1086",2022-12-21,1,20825,25,4,4
"1087",2022-12-22,6,20831,28,4,4
"1088",2022-12-23,5,20836,27,4,4
"1089",2022-12-24,0,20836,25,4,4
"1090",2022-12-25,2,20838,24,3,4
"1091",2022-12-26,1,20839,16,2,3
"1092",2022-12-27,4,20843,19,3,3
"1093",2022-12-28,0,20843,18,3,3
"1094",2022-12-29,2,20845,14,2,3
"1095",2022-12-30,0,20845,9,1,3
"1096",2022-12-31,0,20845,9,1,2
"1097",2023-01-01,1,20846,8,1,2
"1098",2023-01-02,1,20847,8,1,2
"1099",2023-01-03,5,20852,9,1,2
"1100",2023-01-04,1,20853,10,1,2
"1101",2023-01-05,0,20853,8,1,2
"1102",2023-01-06,4,20857,12,2,2
"1103",2023-01-07,0,20857,12,2,2
"1104",2023-01-08,0,20857,11,2,1
"1105",2023-01-09,12,20869,22,3,2
"1106",2023-01-10,4,20873,21,3,2
"1107",2023-01-11,7,20880,27,4,3
"1108",2023-01-12,0,20880,27,4,2
"1109",2023-01-13,3,20883,26,4,3
"1110",2023-01-14,0,20883,26,4,3
"1111",2023-01-15,0,20883,26,4,3
"1112",2023-01-16,0,20883,14,2,3
"1113",2023-01-17,2,20885,12,2,2
"1114",2023-01-18,0,20885,5,1,2
"1115",2023-01-19,1,20886,6,1,2
"1116",2023-01-20,3,20889,6,1,2
"1117",2023-01-21,0,20889,6,1,2
"1118",2023-01-22,0,20889,6,1,2
"1119",2023-01-23,0,20889,6,1,1
"1120",2023-01-24,0,20889,4,1,1
"1121",2023-01-25,3,20892,7,1,1
"1122",2023-01-26,0,20892,6,1,1
"1123",2023-01-27,1,20893,4,1,1
"1124",2023-01-28,0,20893,4,1,1
"1125",2023-01-29,0,20893,4,1,1
"1126",2023-01-30,1,20894,5,1,1
"1127",2023-01-31,0,20894,5,1,1
