"","Date","Deaths per day","Cumulative deaths","Death rate per 100,000","Death rate 7-day average","Deaths in the last 7 days","Death rate in the last 7 days","% change in deaths","7-day average of daily deaths","14-day average of daily deaths","14-day deaths"
"1",2020-01-01,0,0,0,0,0,0,"0%",NA,NA,NA
"2",2020-01-02,0,0,0,0,0,0,"0%",NA,NA,NA
"3",2020-01-03,0,0,0,0,0,0,"0%",NA,NA,NA
"4",2020-01-04,0,0,0,0,0,0,"0%",NA,NA,NA
"5",2020-01-05,0,0,0,0,0,0,"0%",NA,NA,NA
"6",2020-01-06,0,0,0,0,0,0,"0%",NA,NA,NA
"7",2020-01-07,0,0,0,0,0,0,"0%",0,NA,NA
"8",2020-01-08,0,0,0,0,0,0,"0%",0,NA,NA
"9",2020-01-09,0,0,0,0,0,0,"0%",0,NA,NA
"10",2020-01-10,0,0,0,0,0,0,"0%",0,NA,NA
"11",2020-01-11,0,0,0,0,0,0,"0%",0,NA,NA
"12",2020-01-12,0,0,0,0,0,0,"0%",0,NA,NA
"13",2020-01-13,0,0,0,0,0,0,"0%",0,NA,NA
"14",2020-01-14,0,0,0,0,0,0,"0%",0,0,0
"15",2020-01-15,0,0,0,0,0,0,"0%",0,0,0
"16",2020-01-16,0,0,0,0,0,0,"0%",0,0,0
"17",2020-01-17,0,0,0,0,0,0,"0%",0,0,0
"18",2020-01-18,0,0,0,0,0,0,"0%",0,0,0
"19",2020-01-19,0,0,0,0,0,0,"0%",0,0,0
"20",2020-01-20,0,0,0,0,0,0,"0%",0,0,0
"21",2020-01-21,0,0,0,0,0,0,"0%",0,0,0
"22",2020-01-22,0,0,0,0,0,0,"0%",0,0,0
"23",2020-01-23,0,0,0,0,0,0,"0%",0,0,0
"24",2020-01-24,0,0,0,0,0,0,"0%",0,0,0
"25",2020-01-25,0,0,0,0,0,0,"0%",0,0,0
"26",2020-01-26,0,0,0,0,0,0,"0%",0,0,0
"27",2020-01-27,0,0,0,0,0,0,"0%",0,0,0
"28",2020-01-28,0,0,0,0,0,0,"0%",0,0,0
"29",2020-01-29,0,0,0,0,0,0,"0%",0,0,0
"30",2020-01-30,0,0,0,0,0,0,"0%",0,0,0
"31",2020-01-31,0,0,0,0,0,0,"0%",0,0,0
"32",2020-02-01,0,0,0,0,0,0,"0%",0,0,0
"33",2020-02-02,0,0,0,0,0,0,"0%",0,0,0
"34",2020-02-03,0,0,0,0,0,0,"0%",0,0,0
"35",2020-02-04,0,0,0,0,0,0,"0%",0,0,0
"36",2020-02-05,0,0,0,0,0,0,"0%",0,0,0
"37",2020-02-06,0,0,0,0,0,0,"0%",0,0,0
"38",2020-02-07,0,0,0,0,0,0,"0%",0,0,0
"39",2020-02-08,0,0,0,0,0,0,"0%",0,0,0
"40",2020-02-09,0,0,0,0,0,0,"0%",0,0,0
"41",2020-02-10,0,0,0,0,0,0,"0%",0,0,0
"42",2020-02-11,0,0,0,0,0,0,"0%",0,0,0
"43",2020-02-12,0,0,0,0,0,0,"0%",0,0,0
"44",2020-02-13,0,0,0,0,0,0,"0%",0,0,0
"45",2020-02-14,0,0,0,0,0,0,"0%",0,0,0
"46",2020-02-15,0,0,0,0,0,0,"0%",0,0,0
"47",2020-02-16,0,0,0,0,0,0,"0%",0,0,0
"48",2020-02-17,0,0,0,0,0,0,"0%",0,0,0
"49",2020-02-18,0,0,0,0,0,0,"0%",0,0,0
"50",2020-02-19,0,0,0,0,0,0,"0%",0,0,0
"51",2020-02-20,0,0,0,0,0,0,"0%",0,0,0
"52",2020-02-21,0,0,0,0,0,0,"0%",0,0,0
"53",2020-02-22,0,0,0,0,0,0,"0%",0,0,0
"54",2020-02-23,0,0,0,0,0,0,"0%",0,0,0
"55",2020-02-24,0,0,0,0,0,0,"0%",0,0,0
"56",2020-02-25,0,0,0,0,0,0,"0%",0,0,0
"57",2020-02-26,0,0,0,0,0,0,"0%",0,0,0
"58",2020-02-27,1,1,0,0,1,0,"0%",0,0,1
"59",2020-02-28,0,1,0,0,1,0,"0%",0,0,1
"60",2020-02-29,0,1,0,0,1,0,"0%",0,0,1
"61",2020-03-01,0,1,0,0,1,0,"0%",0,0,1
"62",2020-03-02,0,1,0,0,1,0,"0%",0,0,1
"63",2020-03-03,0,1,0,0,1,0,"0%",0,0,1
"64",2020-03-04,0,1,0,0,1,0,"0%",0,0,1
"65",2020-03-05,0,1,0,0,0,0,"-100%",0,0,1
"66",2020-03-06,0,1,0,0,0,0,"0%",0,0,1
"67",2020-03-07,0,1,0,0,0,0,"0%",0,0,1
"68",2020-03-08,0,1,0,0,0,0,"0%",0,0,1
"69",2020-03-09,0,1,0,0,0,0,"0%",0,0,1
"70",2020-03-10,0,1,0,0,0,0,"0%",0,0,1
"71",2020-03-11,0,1,0,0,0,0,"0%",0,0,1
"72",2020-03-12,0,1,0,0,0,0,"0%",0,0,0
"73",2020-03-13,0,1,0,0,0,0,"0%",0,0,0
"74",2020-03-14,0,1,0,0,0,0,"0%",0,0,0
"75",2020-03-15,1,2,0,0,1,0,"0%",0,0,1
"76",2020-03-16,0,2,0,0,1,0,"0%",0,0,1
"77",2020-03-17,1,3,0,0,2,0,"100%",0,0,2
"78",2020-03-18,0,3,0,0,2,0,"0%",0,0,2
"79",2020-03-19,1,4,0,0,3,0.1,"50%",0,0,3
"80",2020-03-20,0,4,0,0,3,0.1,"0%",0,0,3
"81",2020-03-21,0,4,0,0,3,0.1,"0%",0,0,3
"82",2020-03-22,0,4,0,0,2,0,"-33.3%",0,0,3
"83",2020-03-23,1,5,0,0,3,0.1,"50%",0,0,4
"84",2020-03-24,1,6,0,0,3,0.1,"0%",0,0,5
"85",2020-03-25,4,10,0.1,0,7,0.1,"133.3%",1,1,9
"86",2020-03-26,2,12,0,0,8,0.2,"14.3%",1,1,11
"87",2020-03-27,10,22,0.2,0.1,18,0.4,"125%",3,2,21
"88",2020-03-28,5,27,0.1,0.1,23,0.5,"27.8%",3,2,26
"89",2020-03-29,5,32,0.1,0.1,28,0.6,"21.7%",4,2,30
"90",2020-03-30,9,41,0.2,0.1,36,0.7,"28.6%",5,3,39
"91",2020-03-31,8,49,0.2,0.1,43,0.9,"19.4%",6,3,46
"92",2020-04-01,7,56,0.1,0.1,46,0.9,"7%",7,4,53
"93",2020-04-02,3,59,0.1,0.1,47,1,"2.2%",7,4,55
"94",2020-04-03,8,67,0.2,0.1,45,0.9,"-4.3%",6,4,63
"95",2020-04-04,4,71,0.1,0.1,44,0.9,"-2.2%",6,5,67
"96",2020-04-05,13,84,0.3,0.2,52,1.1,"18.2%",7,6,80
"97",2020-04-06,11,95,0.2,0.2,54,1.1,"3.8%",8,6,90
"98",2020-04-07,13,108,0.3,0.2,59,1.2,"9.3%",8,7,102
"99",2020-04-08,10,118,0.2,0.2,62,1.3,"5.1%",9,8,108
"100",2020-04-09,11,129,0.2,0.2,70,1.4,"12.9%",10,8,117
"101",2020-04-10,12,141,0.2,0.2,74,1.5,"5.7%",11,8,119
"102",2020-04-11,9,150,0.2,0.2,79,1.6,"6.8%",11,9,123
"103",2020-04-12,10,160,0.2,0.2,76,1.6,"-3.8%",11,9,128
"104",2020-04-13,8,168,0.2,0.2,73,1.5,"-3.9%",10,9,127
"105",2020-04-14,12,180,0.2,0.2,72,1.5,"-1.4%",10,9,131
"106",2020-04-15,12,192,0.2,0.2,74,1.5,"2.8%",11,10,136
"107",2020-04-16,12,204,0.2,0.2,75,1.5,"1.4%",11,10,145
"108",2020-04-17,18,222,0.4,0.2,81,1.7,"8%",12,11,155
"109",2020-04-18,17,239,0.3,0.3,89,1.8,"9.9%",13,12,168
"110",2020-04-19,9,248,0.2,0.3,88,1.8,"-1.1%",13,12,164
"111",2020-04-20,8,256,0.2,0.3,88,1.8,"0%",13,12,161
"112",2020-04-21,9,265,0.2,0.2,85,1.7,"-3.4%",12,11,157
"113",2020-04-22,18,283,0.4,0.3,91,1.9,"7.1%",13,12,165
"114",2020-04-23,12,295,0.2,0.3,91,1.9,"0%",13,12,166
"115",2020-04-24,14,309,0.3,0.3,87,1.8,"-4.4%",12,12,168
"116",2020-04-25,13,322,0.3,0.2,83,1.7,"-4.6%",12,12,172
"117",2020-04-26,15,337,0.3,0.3,89,1.8,"7.2%",13,13,177
"118",2020-04-27,12,349,0.2,0.3,93,1.9,"4.5%",13,13,181
"119",2020-04-28,12,361,0.2,0.3,96,2,"3.2%",14,13,181
"120",2020-04-29,11,372,0.2,0.3,89,1.8,"-7.3%",13,13,180
"121",2020-04-30,14,386,0.3,0.3,91,1.9,"2.2%",13,13,182
"122",2020-05-01,18,404,0.4,0.3,95,1.9,"4.4%",14,13,182
"123",2020-05-02,12,416,0.2,0.3,94,1.9,"-1.1%",13,13,177
"124",2020-05-03,20,436,0.4,0.3,99,2,"5.3%",14,13,188
"125",2020-05-04,19,455,0.4,0.3,106,2.2,"7.1%",15,14,199
"126",2020-05-05,25,480,0.5,0.3,119,2.4,"12.3%",17,15,215
"127",2020-05-06,11,491,0.2,0.3,119,2.4,"0%",17,15,208
"128",2020-05-07,9,500,0.2,0.3,114,2.3,"-4.2%",16,15,205
"129",2020-05-08,19,519,0.4,0.3,115,2.3,"0.9%",16,15,210
"130",2020-05-09,16,535,0.3,0.3,119,2.4,"3.5%",17,15,213
"131",2020-05-10,11,546,0.2,0.3,110,2.2,"-7.6%",16,15,209
"132",2020-05-11,15,561,0.3,0.3,106,2.2,"-3.6%",15,15,212
"133",2020-05-12,14,575,0.3,0.3,95,1.9,"-10.4%",14,15,214
"134",2020-05-13,17,592,0.3,0.3,101,2.1,"6.3%",14,16,220
"135",2020-05-14,22,614,0.4,0.3,114,2.3,"12.9%",16,16,228
"136",2020-05-15,13,627,0.3,0.3,108,2.2,"-5.3%",15,16,223
"137",2020-05-16,9,636,0.2,0.3,101,2.1,"-6.5%",14,16,220
"138",2020-05-17,12,648,0.2,0.3,102,2.1,"1%",15,15,212
"139",2020-05-18,17,665,0.3,0.3,104,2.1,"2%",15,15,210
"140",2020-05-19,16,681,0.3,0.3,106,2.2,"1.9%",15,14,201
"141",2020-05-20,20,701,0.4,0.3,109,2.2,"2.8%",16,15,210
"142",2020-05-21,15,716,0.3,0.3,102,2.1,"-6.4%",15,15,216
"143",2020-05-22,12,728,0.2,0.3,101,2.1,"-1%",14,15,209
"144",2020-05-23,6,734,0.1,0.3,98,2,"-3%",14,14,199
"145",2020-05-24,18,752,0.4,0.3,104,2.1,"6.1%",15,15,206
"146",2020-05-25,12,764,0.2,0.3,99,2,"-4.8%",14,14,203
"147",2020-05-26,18,782,0.4,0.3,101,2.1,"2%",14,15,207
"148",2020-05-27,20,802,0.4,0.3,101,2.1,"0%",14,15,210
"149",2020-05-28,19,821,0.4,0.3,105,2.1,"4%",15,15,207
"150",2020-05-29,20,841,0.4,0.3,113,2.3,"7.6%",16,15,214
"151",2020-05-30,15,856,0.3,0.4,122,2.5,"8%",17,16,220
"152",2020-05-31,10,866,0.2,0.3,114,2.3,"-6.6%",16,16,218
"153",2020-06-01,16,882,0.3,0.3,118,2.4,"3.5%",17,16,217
"154",2020-06-02,21,903,0.4,0.4,121,2.5,"2.5%",17,16,222
"155",2020-06-03,16,919,0.3,0.3,117,2.4,"-3.3%",17,16,218
"156",2020-06-04,12,931,0.2,0.3,110,2.2,"-6%",16,15,215
"157",2020-06-05,14,945,0.3,0.3,104,2.1,"-5.5%",15,16,217
"158",2020-06-06,13,958,0.3,0.3,102,2.1,"-1.9%",15,16,224
"159",2020-06-07,18,976,0.4,0.3,110,2.2,"7.8%",16,16,224
"160",2020-06-08,15,991,0.3,0.3,109,2.2,"-0.9%",16,16,227
"161",2020-06-09,16,1007,0.3,0.3,104,2.1,"-4.6%",15,16,225
"162",2020-06-10,15,1022,0.3,0.3,103,2.1,"-1%",15,16,220
"163",2020-06-11,19,1041,0.4,0.3,110,2.2,"6.8%",16,16,220
"164",2020-06-12,13,1054,0.3,0.3,109,2.2,"-0.9%",16,15,213
"165",2020-06-13,8,1062,0.2,0.3,104,2.1,"-4.6%",15,15,206
"166",2020-06-14,14,1076,0.3,0.3,100,2,"-3.8%",14,15,210
"167",2020-06-15,17,1093,0.3,0.3,102,2.1,"2%",15,15,211
"168",2020-06-16,22,1115,0.4,0.3,108,2.2,"5.9%",15,15,212
"169",2020-06-17,7,1122,0.1,0.3,100,2,"-7.4%",14,14,203
"170",2020-06-18,7,1129,0.1,0.3,88,1.8,"-12%",13,14,198
"171",2020-06-19,21,1150,0.4,0.3,96,2,"9.1%",14,15,205
"172",2020-06-20,20,1170,0.4,0.3,108,2.2,"12.5%",15,15,212
"173",2020-06-21,17,1187,0.3,0.3,111,2.3,"2.8%",16,15,211
"174",2020-06-22,12,1199,0.2,0.3,106,2.2,"-4.5%",15,15,208
"175",2020-06-23,21,1220,0.4,0.3,105,2.1,"-0.9%",15,15,213
"176",2020-06-24,23,1243,0.5,0.4,121,2.5,"15.2%",17,16,221
"177",2020-06-25,11,1254,0.2,0.4,125,2.5,"3.3%",18,15,213
"178",2020-06-26,13,1267,0.3,0.3,117,2.4,"-6.4%",17,15,213
"179",2020-06-27,21,1288,0.4,0.3,118,2.4,"0.9%",17,16,226
"180",2020-06-28,15,1303,0.3,0.3,116,2.4,"-1.7%",17,16,227
"181",2020-06-29,18,1321,0.4,0.4,122,2.5,"5.2%",17,16,228
"182",2020-06-30,23,1344,0.5,0.4,124,2.5,"1.6%",18,16,229
"183",2020-07-01,18,1362,0.4,0.3,119,2.4,"-4%",17,17,240
"184",2020-07-02,27,1389,0.6,0.4,135,2.8,"13.4%",19,19,260
"185",2020-07-03,29,1418,0.6,0.4,151,3.1,"11.9%",22,19,268
"186",2020-07-04,19,1437,0.4,0.4,149,3,"-1.3%",21,19,267
"187",2020-07-05,19,1456,0.4,0.4,153,3.1,"2.7%",22,19,269
"188",2020-07-06,17,1473,0.3,0.4,152,3.1,"-0.7%",22,20,274
"189",2020-07-07,19,1492,0.4,0.4,148,3,"-2.6%",21,19,272
"190",2020-07-08,30,1522,0.6,0.5,160,3.3,"8.1%",23,20,279
"191",2020-07-09,18,1540,0.4,0.4,151,3.1,"-5.6%",22,20,286
"192",2020-07-10,20,1560,0.4,0.4,142,2.9,"-6%",20,21,293
"193",2020-07-11,20,1580,0.4,0.4,143,2.9,"0.7%",20,21,292
"194",2020-07-12,25,1605,0.5,0.4,149,3,"4.2%",21,22,302
"195",2020-07-13,29,1634,0.6,0.5,161,3.3,"8.1%",23,22,313
"196",2020-07-14,35,1669,0.7,0.5,177,3.6,"9.9%",25,23,325
"197",2020-07-15,29,1698,0.6,0.5,176,3.6,"-0.6%",25,24,336
"198",2020-07-16,32,1730,0.7,0.6,190,3.9,"8%",27,24,341
"199",2020-07-17,24,1754,0.5,0.6,194,4,"2.1%",28,24,336
"200",2020-07-18,36,1790,0.7,0.6,210,4.3,"8.2%",30,25,353
"201",2020-07-19,42,1832,0.9,0.7,227,4.6,"8.1%",32,27,376
"202",2020-07-20,30,1862,0.6,0.7,228,4.7,"0.4%",33,28,389
"203",2020-07-21,38,1900,0.8,0.7,231,4.7,"1.3%",33,29,408
"204",2020-07-22,40,1940,0.8,0.7,242,4.9,"4.8%",35,30,418
"205",2020-07-23,37,1977,0.8,0.7,247,5,"2.1%",35,31,437
"206",2020-07-24,41,2018,0.8,0.8,264,5.4,"6.9%",38,33,458
"207",2020-07-25,39,2057,0.8,0.8,267,5.4,"1.1%",38,34,477
"208",2020-07-26,43,2100,0.9,0.8,268,5.5,"0.4%",38,35,495
"209",2020-07-27,44,2144,0.9,0.8,282,5.8,"5.2%",40,36,510
"210",2020-07-28,24,2168,0.5,0.8,268,5.5,"-5%",38,36,499
"211",2020-07-29,40,2208,0.8,0.8,268,5.5,"0%",38,36,510
"212",2020-07-30,46,2254,0.9,0.8,277,5.6,"3.4%",40,37,524
"213",2020-07-31,53,2307,1.1,0.8,289,5.9,"4.3%",41,40,553
"214",2020-08-01,45,2352,0.9,0.9,295,6,"2.1%",42,40,562
"215",2020-08-02,42,2394,0.9,0.9,294,6,"-0.3%",42,40,562
"216",2020-08-03,30,2424,0.6,0.8,280,5.7,"-4.8%",40,40,562
"217",2020-08-04,47,2471,1,0.9,303,6.2,"8.2%",43,41,571
"218",2020-08-05,38,2509,0.8,0.9,301,6.1,"-0.7%",43,41,569
"219",2020-08-06,48,2557,1,0.9,303,6.2,"0.7%",43,41,580
"220",2020-08-07,48,2605,1,0.9,298,6.1,"-1.7%",43,42,587
"221",2020-08-08,43,2648,0.9,0.9,296,6,"-0.7%",42,42,591
"222",2020-08-09,38,2686,0.8,0.9,292,6,"-1.4%",42,42,586
"223",2020-08-10,43,2729,0.9,0.9,305,6.2,"4.5%",44,42,585
"224",2020-08-11,40,2769,0.8,0.9,298,6.1,"-2.3%",43,43,601
"225",2020-08-12,30,2799,0.6,0.8,290,5.9,"-2.7%",41,42,591
"226",2020-08-13,35,2834,0.7,0.8,277,5.6,"-4.5%",40,41,580
"227",2020-08-14,33,2867,0.7,0.8,262,5.3,"-5.4%",37,40,560
"228",2020-08-15,36,2903,0.7,0.7,255,5.2,"-2.7%",36,39,551
"229",2020-08-16,30,2933,0.6,0.7,247,5,"-3.1%",35,38,539
"230",2020-08-17,27,2960,0.6,0.7,231,4.7,"-6.5%",33,38,536
"231",2020-08-18,32,2992,0.7,0.6,223,4.5,"-3.5%",32,37,521
"232",2020-08-19,40,3032,0.8,0.7,233,4.8,"4.5%",33,37,523
"233",2020-08-20,29,3061,0.6,0.7,227,4.6,"-2.6%",32,36,504
"234",2020-08-21,38,3099,0.8,0.7,232,4.7,"2.2%",33,35,494
"235",2020-08-22,29,3128,0.6,0.7,225,4.6,"-3%",32,34,480
"236",2020-08-23,28,3156,0.6,0.6,223,4.5,"-0.9%",32,34,470
"237",2020-08-24,30,3186,0.6,0.7,226,4.6,"1.3%",32,33,457
"238",2020-08-25,29,3215,0.6,0.6,223,4.5,"-1.3%",32,32,446
"239",2020-08-26,23,3238,0.5,0.6,206,4.2,"-7.6%",29,31,439
"240",2020-08-27,25,3263,0.5,0.6,202,4.1,"-1.9%",29,31,429
"241",2020-08-28,30,3293,0.6,0.6,194,4,"-4%",28,30,426
"242",2020-08-29,34,3327,0.7,0.6,199,4.1,"2.6%",28,30,424
"243",2020-08-30,14,3341,0.3,0.5,185,3.8,"-7%",26,29,408
"244",2020-08-31,24,3365,0.5,0.5,179,3.7,"-3.2%",26,29,405
"245",2020-09-01,31,3396,0.6,0.5,181,3.7,"1.1%",26,29,404
"246",2020-09-02,24,3420,0.5,0.5,182,3.7,"0.6%",26,28,388
"247",2020-09-03,28,3448,0.6,0.5,185,3.8,"1.6%",26,28,387
"248",2020-09-04,26,3474,0.5,0.5,181,3.7,"-2.2%",26,27,375
"249",2020-09-05,26,3500,0.5,0.5,173,3.5,"-4.4%",25,27,372
"250",2020-09-06,20,3520,0.4,0.5,179,3.7,"3.5%",26,26,364
"251",2020-09-07,26,3546,0.5,0.5,181,3.7,"1.1%",26,26,360
"252",2020-09-08,18,3564,0.4,0.5,168,3.4,"-7.2%",24,25,349
"253",2020-09-09,28,3592,0.6,0.5,172,3.5,"2.4%",25,25,354
"254",2020-09-10,26,3618,0.5,0.5,170,3.5,"-1.2%",24,25,355
"255",2020-09-11,20,3638,0.4,0.5,164,3.3,"-3.5%",23,25,345
"256",2020-09-12,23,3661,0.5,0.5,161,3.3,"-1.8%",23,24,334
"257",2020-09-13,31,3692,0.6,0.5,172,3.5,"6.8%",25,25,351
"258",2020-09-14,17,3709,0.3,0.5,163,3.3,"-5.2%",23,25,344
"259",2020-09-15,26,3735,0.5,0.5,171,3.5,"4.9%",24,24,339
"260",2020-09-16,28,3763,0.6,0.5,171,3.5,"0%",24,24,343
"261",2020-09-17,19,3782,0.4,0.5,164,3.3,"-4.1%",23,24,334
"262",2020-09-18,16,3798,0.3,0.5,160,3.3,"-2.4%",23,23,324
"263",2020-09-19,10,3808,0.2,0.4,147,3,"-8.1%",21,22,308
"264",2020-09-20,16,3824,0.3,0.4,132,2.7,"-10.2%",19,22,304
"265",2020-09-21,21,3845,0.4,0.4,136,2.8,"3%",19,21,299
"266",2020-09-22,17,3862,0.3,0.4,127,2.6,"-6.6%",18,21,298
"267",2020-09-23,20,3882,0.4,0.3,119,2.4,"-6.3%",17,21,290
"268",2020-09-24,13,3895,0.3,0.3,113,2.3,"-5%",16,20,277
"269",2020-09-25,8,3903,0.2,0.3,105,2.1,"-7.1%",15,19,265
"270",2020-09-26,13,3916,0.3,0.3,108,2.2,"2.9%",15,18,255
"271",2020-09-27,16,3932,0.3,0.3,108,2.2,"0%",15,17,240
"272",2020-09-28,14,3946,0.3,0.3,101,2.1,"-6.5%",14,17,237
"273",2020-09-29,21,3967,0.4,0.3,105,2.1,"4%",15,17,232
"274",2020-09-30,16,3983,0.3,0.3,101,2.1,"-3.8%",14,16,220
"275",2020-10-01,19,4002,0.4,0.3,107,2.2,"5.9%",15,16,220
"276",2020-10-02,18,4020,0.4,0.3,117,2.4,"9.3%",17,16,222
"277",2020-10-03,17,4037,0.3,0.4,121,2.5,"3.4%",17,16,229
"278",2020-10-04,21,4058,0.4,0.4,126,2.6,"4.1%",18,17,234
"279",2020-10-05,28,4086,0.6,0.4,140,2.9,"11.1%",20,17,241
"280",2020-10-06,21,4107,0.4,0.4,140,2.9,"0%",20,18,245
"281",2020-10-07,20,4127,0.4,0.4,144,2.9,"2.9%",21,18,245
"282",2020-10-08,18,4145,0.4,0.4,143,2.9,"-0.7%",20,18,250
"283",2020-10-09,19,4164,0.4,0.4,144,2.9,"0.7%",21,19,261
"284",2020-10-10,22,4186,0.4,0.4,149,3,"3.5%",21,19,270
"285",2020-10-11,17,4203,0.3,0.4,145,3,"-2.7%",21,19,271
"286",2020-10-12,15,4218,0.3,0.4,132,2.7,"-9%",19,19,272
"287",2020-10-13,21,4239,0.4,0.4,132,2.7,"0%",19,19,272
"288",2020-10-14,18,4257,0.4,0.4,130,2.7,"-1.5%",19,20,274
"289",2020-10-15,19,4276,0.4,0.4,131,2.7,"0.8%",19,20,274
"290",2020-10-16,22,4298,0.4,0.4,134,2.7,"2.3%",19,20,278
"291",2020-10-17,17,4315,0.3,0.4,129,2.6,"-3.7%",18,20,278
"292",2020-10-18,22,4337,0.4,0.4,134,2.7,"3.9%",19,20,279
"293",2020-10-19,22,4359,0.4,0.4,141,2.9,"5.2%",20,20,273
"294",2020-10-20,16,4375,0.3,0.4,136,2.8,"-3.5%",19,19,268
"295",2020-10-21,6,4381,0.1,0.4,124,2.5,"-8.8%",18,18,254
"296",2020-10-22,17,4398,0.3,0.4,122,2.5,"-1.6%",17,18,253
"297",2020-10-23,21,4419,0.4,0.4,121,2.5,"-0.8%",17,18,255
"298",2020-10-24,22,4441,0.4,0.4,126,2.6,"4.1%",18,18,255
"299",2020-10-25,19,4460,0.4,0.4,123,2.5,"-2.4%",18,18,257
"300",2020-10-26,18,4478,0.4,0.3,119,2.4,"-3.3%",17,19,260
"301",2020-10-27,23,4501,0.5,0.4,126,2.6,"5.9%",18,19,262
"302",2020-10-28,20,4521,0.4,0.4,140,2.9,"11.1%",20,19,264
"303",2020-10-29,26,4547,0.5,0.4,149,3,"6.4%",21,19,271
"304",2020-10-30,15,4562,0.3,0.4,143,2.9,"-4%",20,19,264
"305",2020-10-31,17,4579,0.3,0.4,138,2.8,"-3.5%",20,19,264
"306",2020-11-01,19,4598,0.4,0.4,138,2.8,"0%",20,19,261
"307",2020-11-02,23,4621,0.5,0.4,143,2.9,"3.6%",20,19,262
"308",2020-11-03,17,4638,0.3,0.4,137,2.8,"-4.2%",20,19,263
"309",2020-11-04,24,4662,0.5,0.4,141,2.9,"2.9%",20,20,281
"310",2020-11-05,30,4692,0.6,0.4,145,3,"2.8%",21,21,294
"311",2020-11-06,25,4717,0.5,0.5,155,3.2,"6.9%",22,21,298
"312",2020-11-07,17,4734,0.3,0.5,155,3.2,"0%",22,21,293
"313",2020-11-08,23,4757,0.5,0.5,159,3.2,"2.6%",23,21,297
"314",2020-11-09,24,4781,0.5,0.5,160,3.3,"0.6%",23,22,303
"315",2020-11-10,23,4804,0.5,0.5,166,3.4,"3.8%",24,22,303
"316",2020-11-11,24,4828,0.5,0.5,166,3.4,"0%",24,22,307
"317",2020-11-12,32,4860,0.7,0.5,168,3.4,"1.2%",24,22,313
"318",2020-11-13,25,4885,0.5,0.5,168,3.4,"0%",24,23,323
"319",2020-11-14,31,4916,0.6,0.5,182,3.7,"8.3%",26,24,337
"320",2020-11-15,25,4941,0.5,0.5,184,3.8,"1.1%",26,24,343
"321",2020-11-16,24,4965,0.5,0.5,184,3.8,"0%",26,25,344
"322",2020-11-17,24,4989,0.5,0.5,185,3.8,"0.5%",26,25,351
"323",2020-11-18,20,5009,0.4,0.5,181,3.7,"-2.2%",26,25,347
"324",2020-11-19,24,5033,0.5,0.5,173,3.5,"-4.4%",25,24,341
"325",2020-11-20,31,5064,0.6,0.5,179,3.7,"3.5%",26,25,347
"326",2020-11-21,33,5097,0.7,0.5,181,3.7,"1.1%",26,26,363
"327",2020-11-22,27,5124,0.6,0.5,183,3.7,"1.1%",26,26,367
"328",2020-11-23,27,5151,0.6,0.5,186,3.8,"1.6%",27,26,370
"329",2020-11-24,23,5174,0.5,0.5,185,3.8,"-0.5%",26,26,370
"330",2020-11-25,37,5211,0.8,0.6,202,4.1,"9.2%",29,27,383
"331",2020-11-26,23,5234,0.5,0.6,201,4.1,"-0.5%",29,27,374
"332",2020-11-27,34,5268,0.7,0.6,204,4.2,"1.5%",29,27,383
"333",2020-11-28,36,5304,0.7,0.6,207,4.2,"1.5%",30,28,388
"334",2020-11-29,42,5346,0.9,0.6,222,4.5,"7.2%",32,29,405
"335",2020-11-30,36,5382,0.7,0.7,231,4.7,"4.1%",33,30,417
"336",2020-12-01,30,5412,0.6,0.7,238,4.9,"3%",34,30,423
"337",2020-12-02,41,5453,0.8,0.7,242,4.9,"1.7%",35,32,444
"338",2020-12-03,41,5494,0.8,0.8,260,5.3,"7.4%",37,33,461
"339",2020-12-04,39,5533,0.8,0.8,265,5.4,"1.9%",38,34,469
"340",2020-12-05,35,5568,0.7,0.8,264,5.4,"-0.4%",38,34,471
"341",2020-12-06,58,5626,1.2,0.8,280,5.7,"6.1%",40,36,502
"342",2020-12-07,48,5674,1,0.9,292,6,"4.3%",42,37,523
"343",2020-12-08,55,5729,1.1,0.9,317,6.5,"8.6%",45,40,555
"344",2020-12-09,58,5787,1.2,1,334,6.8,"5.4%",48,41,576
"345",2020-12-10,54,5841,1.1,1,347,7.1,"3.9%",50,43,607
"346",2020-12-11,54,5895,1.1,1.1,362,7.4,"4.3%",52,45,627
"347",2020-12-12,66,5961,1.3,1.1,393,8,"8.6%",56,47,657
"348",2020-12-13,39,6000,0.8,1.1,374,7.6,"-4.8%",53,47,654
"349",2020-12-14,64,6064,1.3,1.1,390,8,"4.3%",56,49,682
"350",2020-12-15,57,6121,1.2,1.1,392,8,"0.5%",56,51,709
"351",2020-12-16,72,6193,1.5,1.2,406,8.3,"3.6%",58,53,740
"352",2020-12-17,51,6244,1,1.2,403,8.2,"-0.7%",58,54,750
"353",2020-12-18,60,6304,1.2,1.2,409,8.3,"1.5%",58,55,771
"354",2020-12-19,61,6365,1.2,1.2,404,8.2,"-1.2%",58,57,797
"355",2020-12-20,63,6428,1.3,1.2,428,8.7,"5.9%",61,57,802
"356",2020-12-21,67,6495,1.4,1.3,431,8.8,"0.7%",62,59,821
"357",2020-12-22,66,6561,1.3,1.3,440,9,"2.1%",63,59,832
"358",2020-12-23,80,6641,1.6,1.3,448,9.1,"1.8%",64,61,854
"359",2020-12-24,61,6702,1.2,1.3,458,9.3,"2.2%",65,62,861
"360",2020-12-25,56,6758,1.1,1.3,454,9.3,"-0.9%",65,62,863
"361",2020-12-26,71,6829,1.4,1.4,464,9.5,"2.2%",66,62,868
"362",2020-12-27,74,6903,1.5,1.4,475,9.7,"2.4%",68,64,903
"363",2020-12-28,69,6972,1.4,1.4,477,9.7,"0.4%",68,65,908
"364",2020-12-29,79,7051,1.6,1.4,490,10,"2.7%",70,66,930
"365",2020-12-30,68,7119,1.4,1.4,478,9.7,"-2.4%",68,66,926
"366",2020-12-31,71,7190,1.4,1.4,488,10,"2.1%",70,68,946
"367",2021-01-01,83,7273,1.7,1.5,515,10.5,"5.5%",74,69,969
"368",2021-01-02,80,7353,1.6,1.5,524,10.7,"1.7%",75,71,988
"369",2021-01-03,76,7429,1.6,1.5,526,10.7,"0.4%",75,72,1001
"370",2021-01-04,95,7524,1.9,1.6,552,11.3,"4.9%",79,74,1029
"371",2021-01-05,70,7594,1.4,1.6,543,11.1,"-1.6%",78,74,1033
"372",2021-01-06,80,7674,1.6,1.6,555,11.3,"2.2%",79,74,1033
"373",2021-01-07,79,7753,1.6,1.6,563,11.5,"1.4%",80,75,1051
"374",2021-01-08,71,7824,1.4,1.6,551,11.2,"-2.1%",79,76,1066
"375",2021-01-09,83,7907,1.7,1.6,554,11.3,"0.5%",79,77,1078
"376",2021-01-10,86,7993,1.8,1.6,564,11.5,"1.8%",81,78,1090
"377",2021-01-11,88,8081,1.8,1.6,557,11.4,"-1.2%",80,79,1109
"378",2021-01-12,78,8159,1.6,1.6,565,11.5,"1.4%",81,79,1108
"379",2021-01-13,87,8246,1.8,1.7,572,11.7,"1.2%",82,80,1127
"380",2021-01-14,96,8342,2,1.7,589,12,"3%",84,82,1152
"381",2021-01-15,75,8417,1.5,1.7,593,12.1,"0.7%",85,82,1144
"382",2021-01-16,69,8486,1.4,1.7,579,11.8,"-2.4%",83,81,1133
"383",2021-01-17,70,8556,1.4,1.6,563,11.5,"-2.8%",80,80,1127
"384",2021-01-18,87,8643,1.8,1.6,562,11.5,"-0.2%",80,80,1119
"385",2021-01-19,81,8724,1.7,1.6,565,11.5,"0.5%",81,81,1130
"386",2021-01-20,86,8810,1.8,1.6,564,11.5,"-0.2%",81,81,1136
"387",2021-01-21,89,8899,1.8,1.6,557,11.4,"-1.2%",80,82,1146
"388",2021-01-22,87,8986,1.8,1.7,569,11.6,"2.2%",81,83,1162
"389",2021-01-23,75,9061,1.5,1.7,575,11.7,"1.1%",82,82,1154
"390",2021-01-24,72,9133,1.5,1.7,577,11.8,"0.3%",82,81,1140
"391",2021-01-25,66,9199,1.3,1.6,556,11.3,"-3.6%",79,80,1118
"392",2021-01-26,76,9275,1.6,1.6,551,11.2,"-0.9%",79,80,1116
"393",2021-01-27,61,9336,1.2,1.5,526,10.7,"-4.5%",75,78,1090
"394",2021-01-28,83,9419,1.7,1.5,520,10.6,"-1.1%",74,77,1077
"395",2021-01-29,78,9497,1.6,1.5,511,10.4,"-1.7%",73,77,1080
"396",2021-01-30,67,9564,1.4,1.5,503,10.3,"-1.6%",72,77,1078
"397",2021-01-31,38,9602,0.8,1.4,469,9.6,"-6.8%",67,75,1046
"398",2021-02-01,53,9655,1.1,1.3,456,9.3,"-2.8%",65,72,1012
"399",2021-02-02,53,9708,1.1,1.3,433,8.8,"-5%",62,70,984
"400",2021-02-03,58,9766,1.2,1.3,430,8.8,"-0.7%",61,68,956
"401",2021-02-04,51,9817,1,1.2,398,8.1,"-7.4%",57,66,918
"402",2021-02-05,51,9868,1,1.1,371,7.6,"-6.8%",53,63,882
"403",2021-02-06,42,9910,0.9,1,346,7.1,"-6.7%",49,61,849
"404",2021-02-07,36,9946,0.7,1,344,7,"-0.6%",49,58,813
"405",2021-02-08,37,9983,0.8,1,328,6.7,"-4.7%",47,56,784
"406",2021-02-09,47,10030,1,0.9,322,6.6,"-1.8%",46,54,755
"407",2021-02-10,50,10080,1,0.9,314,6.4,"-2.5%",45,53,744
"408",2021-02-11,37,10117,0.8,0.9,300,6.1,"-4.5%",43,50,698
"409",2021-02-12,34,10151,0.7,0.8,283,5.8,"-5.7%",40,47,654
"410",2021-02-13,26,10177,0.5,0.8,267,5.4,"-5.7%",38,44,613
"411",2021-02-14,32,10209,0.7,0.8,263,5.4,"-1.5%",38,43,607
"412",2021-02-15,29,10238,0.6,0.7,255,5.2,"-3%",36,42,583
"413",2021-02-16,30,10268,0.6,0.7,238,4.9,"-6.7%",34,40,560
"414",2021-02-17,32,10300,0.7,0.6,220,4.5,"-7.6%",31,38,534
"415",2021-02-18,29,10329,0.6,0.6,212,4.3,"-3.6%",30,37,512
"416",2021-02-19,35,10364,0.7,0.6,213,4.3,"0.5%",30,35,496
"417",2021-02-20,32,10396,0.7,0.6,219,4.5,"2.8%",31,35,486
"418",2021-02-21,34,10430,0.7,0.6,221,4.5,"0.9%",32,35,484
"419",2021-02-22,21,10451,0.4,0.6,213,4.3,"-3.6%",30,33,468
"420",2021-02-23,23,10474,0.5,0.6,206,4.2,"-3.3%",29,32,444
"421",2021-02-24,24,10498,0.5,0.6,198,4,"-3.9%",28,30,418
"422",2021-02-25,22,10520,0.4,0.6,191,3.9,"-3.5%",27,29,403
"423",2021-02-26,30,10550,0.6,0.5,186,3.8,"-2.6%",27,28,399
"424",2021-02-27,19,10569,0.4,0.5,173,3.5,"-7%",25,28,392
"425",2021-02-28,13,10582,0.3,0.4,152,3.1,"-12.1%",22,27,373
"426",2021-03-01,17,10599,0.3,0.4,148,3,"-2.6%",21,26,361
"427",2021-03-02,14,10613,0.3,0.4,139,2.8,"-6.1%",20,25,345
"428",2021-03-03,11,10624,0.2,0.4,126,2.6,"-9.4%",18,23,324
"429",2021-03-04,19,10643,0.4,0.4,123,2.5,"-2.4%",18,22,314
"430",2021-03-05,19,10662,0.4,0.3,112,2.3,"-8.9%",16,21,298
"431",2021-03-06,18,10680,0.4,0.3,111,2.3,"-0.9%",16,20,284
"432",2021-03-07,15,10695,0.3,0.3,113,2.3,"1.8%",16,19,265
"433",2021-03-08,17,10712,0.3,0.3,113,2.3,"0%",16,19,261
"434",2021-03-09,16,10728,0.3,0.3,115,2.3,"1.8%",16,18,254
"435",2021-03-10,17,10745,0.3,0.4,121,2.5,"5.2%",17,18,247
"436",2021-03-11,11,10756,0.2,0.3,113,2.3,"-6.6%",16,17,236
"437",2021-03-12,10,10766,0.2,0.3,104,2.1,"-8%",15,15,216
"438",2021-03-13,18,10784,0.4,0.3,104,2.1,"0%",15,15,215
"439",2021-03-14,19,10803,0.4,0.3,108,2.2,"3.8%",15,16,221
"440",2021-03-15,10,10813,0.2,0.3,101,2.1,"-6.5%",14,15,214
"441",2021-03-16,12,10825,0.2,0.3,97,2,"-4%",14,15,212
"442",2021-03-17,19,10844,0.4,0.3,99,2,"2.1%",14,16,220
"443",2021-03-18,6,10850,0.1,0.3,94,1.9,"-5.1%",13,15,207
"444",2021-03-19,7,10857,0.1,0.3,91,1.9,"-3.2%",13,14,195
"445",2021-03-20,11,10868,0.2,0.2,84,1.7,"-7.7%",12,13,188
"446",2021-03-21,15,10883,0.3,0.2,80,1.6,"-4.8%",11,13,188
"447",2021-03-22,8,10891,0.2,0.2,78,1.6,"-2.5%",11,13,179
"448",2021-03-23,10,10901,0.2,0.2,76,1.6,"-2.6%",11,12,173
"449",2021-03-24,7,10908,0.1,0.2,64,1.3,"-15.8%",9,12,163
"450",2021-03-25,20,10928,0.4,0.2,78,1.6,"21.9%",11,12,172
"451",2021-03-26,9,10937,0.2,0.2,80,1.6,"2.6%",11,12,171
"452",2021-03-27,10,10947,0.2,0.2,79,1.6,"-1.3%",11,12,163
"453",2021-03-28,10,10957,0.2,0.2,74,1.5,"-6.3%",11,11,154
"454",2021-03-29,9,10966,0.2,0.2,75,1.5,"1.4%",11,11,153
"455",2021-03-30,11,10977,0.2,0.2,76,1.6,"1.3%",11,11,152
"456",2021-03-31,5,10982,0.1,0.2,74,1.5,"-2.6%",11,10,138
"457",2021-04-01,11,10993,0.2,0.2,65,1.3,"-12.2%",9,10,143
"458",2021-04-02,7,11000,0.1,0.2,63,1.3,"-3.1%",9,10,143
"459",2021-04-03,13,11013,0.3,0.2,66,1.3,"4.8%",9,10,145
"460",2021-04-04,9,11022,0.2,0.2,65,1.3,"-1.5%",9,10,139
"461",2021-04-05,7,11029,0.1,0.2,63,1.3,"-3.1%",9,10,138
"462",2021-04-06,8,11037,0.2,0.2,60,1.2,"-4.8%",9,10,136
"463",2021-04-07,12,11049,0.2,0.2,67,1.4,"11.7%",10,10,141
"464",2021-04-08,3,11052,0.1,0.2,59,1.2,"-11.9%",8,9,124
"465",2021-04-09,12,11064,0.2,0.2,64,1.3,"8.5%",9,9,127
"466",2021-04-10,4,11068,0.1,0.2,55,1.1,"-14.1%",8,9,121
"467",2021-04-11,7,11075,0.1,0.2,53,1.1,"-3.6%",8,8,118
"468",2021-04-12,6,11081,0.1,0.2,52,1.1,"-1.9%",7,8,115
"469",2021-04-13,11,11092,0.2,0.2,55,1.1,"5.8%",8,8,115
"470",2021-04-14,6,11098,0.1,0.1,49,1,"-10.9%",7,8,116
"471",2021-04-15,1,11099,0,0.1,47,1,"-4.1%",7,8,106
"472",2021-04-16,5,11104,0.1,0.1,40,0.8,"-14.9%",6,7,104
"473",2021-04-17,7,11111,0.1,0.1,43,0.9,"7.5%",6,7,98
"474",2021-04-18,6,11117,0.1,0.1,42,0.9,"-2.3%",6,7,95
"475",2021-04-19,2,11119,0,0.1,38,0.8,"-9.5%",5,6,90
"476",2021-04-20,7,11126,0.1,0.1,34,0.7,"-10.5%",5,6,89
"477",2021-04-21,6,11132,0.1,0.1,34,0.7,"0%",5,6,83
"478",2021-04-22,5,11137,0.1,0.1,38,0.8,"11.8%",5,6,85
"479",2021-04-23,6,11143,0.1,0.1,39,0.8,"2.6%",6,6,79
"480",2021-04-24,13,11156,0.3,0.1,45,0.9,"15.4%",6,6,88
"481",2021-04-25,8,11164,0.2,0.1,47,1,"4.4%",7,6,89
"482",2021-04-26,7,11171,0.1,0.2,52,1.1,"10.6%",7,6,90
"483",2021-04-27,6,11177,0.1,0.1,51,1,"-1.9%",7,6,85
"484",2021-04-28,5,11182,0.1,0.1,50,1,"-2%",7,6,84
"485",2021-04-29,10,11192,0.2,0.2,55,1.1,"10%",8,7,93
"486",2021-04-30,5,11197,0.1,0.2,54,1.1,"-1.8%",8,7,93
"487",2021-05-01,6,11203,0.1,0.1,47,1,"-13%",7,7,92
"488",2021-05-02,6,11209,0.1,0.1,45,0.9,"-4.3%",6,7,92
"489",2021-05-03,6,11215,0.1,0.1,44,0.9,"-2.2%",6,7,96
"490",2021-05-04,11,11226,0.2,0.1,49,1,"11.4%",7,7,100
"491",2021-05-05,8,11234,0.2,0.2,52,1.1,"6.1%",7,7,102
"492",2021-05-06,10,11244,0.2,0.2,52,1.1,"0%",7,8,107
"493",2021-05-07,16,11260,0.3,0.2,63,1.3,"21.2%",9,8,117
"494",2021-05-08,6,11266,0.1,0.2,63,1.3,"0%",9,8,110
"495",2021-05-09,11,11277,0.2,0.2,68,1.4,"7.9%",10,8,113
"496",2021-05-10,5,11282,0.1,0.2,67,1.4,"-1.5%",10,8,111
"497",2021-05-11,12,11294,0.2,0.2,68,1.4,"1.5%",10,8,117
"498",2021-05-12,5,11299,0.1,0.2,65,1.3,"-4.4%",9,8,117
"499",2021-05-13,4,11303,0.1,0.2,59,1.2,"-9.2%",8,8,111
"500",2021-05-14,7,11310,0.1,0.1,50,1,"-15.3%",7,8,113
"501",2021-05-15,6,11316,0.1,0.1,50,1,"0%",7,8,113
"502",2021-05-16,11,11327,0.2,0.1,50,1,"0%",7,8,118
"503",2021-05-17,5,11332,0.1,0.1,50,1,"0%",7,8,117
"504",2021-05-18,6,11338,0.1,0.1,44,0.9,"-12%",6,8,112
"505",2021-05-19,8,11346,0.2,0.1,47,1,"6.8%",7,8,112
"506",2021-05-20,9,11355,0.2,0.2,52,1.1,"10.6%",7,8,111
"507",2021-05-21,6,11361,0.1,0.1,51,1,"-1.9%",7,7,101
"508",2021-05-22,5,11366,0.1,0.1,50,1,"-2%",7,7,100
"509",2021-05-23,0,11366,0,0.1,39,0.8,"-22%",6,6,89
"510",2021-05-24,7,11373,0.1,0.1,41,0.8,"5.1%",6,6,91
"511",2021-05-25,8,11381,0.2,0.1,43,0.9,"4.9%",6,6,87
"512",2021-05-26,3,11384,0.1,0.1,38,0.8,"-11.6%",5,6,85
"513",2021-05-27,7,11391,0.1,0.1,36,0.7,"-5.3%",5,6,88
"514",2021-05-28,2,11393,0,0.1,32,0.7,"-11.1%",5,6,83
"515",2021-05-29,5,11398,0.1,0.1,32,0.7,"0%",5,6,82
"516",2021-05-30,6,11404,0.1,0.1,38,0.8,"18.8%",5,6,77
"517",2021-05-31,4,11408,0.1,0.1,35,0.7,"-7.9%",5,5,76
"518",2021-06-01,5,11413,0.1,0.1,32,0.7,"-8.6%",5,5,75
"519",2021-06-02,8,11421,0.2,0.1,37,0.8,"15.6%",5,5,75
"520",2021-06-03,4,11425,0.1,0.1,34,0.7,"-8.1%",5,5,70
"521",2021-06-04,6,11431,0.1,0.1,38,0.8,"11.8%",5,5,70
"522",2021-06-05,3,11434,0.1,0.1,36,0.7,"-5.3%",5,5,68
"523",2021-06-06,7,11441,0.1,0.1,37,0.8,"2.8%",5,5,75
"524",2021-06-07,7,11448,0.1,0.1,40,0.8,"8.1%",6,5,75
"525",2021-06-08,7,11455,0.1,0.1,42,0.9,"5%",6,5,74
"526",2021-06-09,2,11457,0,0.1,36,0.7,"-14.3%",5,5,73
"527",2021-06-10,3,11460,0.1,0.1,35,0.7,"-2.8%",5,5,69
"528",2021-06-11,2,11462,0,0.1,31,0.6,"-11.4%",4,5,69
"529",2021-06-12,6,11468,0.1,0.1,34,0.7,"9.7%",5,5,70
"530",2021-06-13,4,11472,0.1,0.1,31,0.6,"-8.8%",4,5,68
"531",2021-06-14,1,11473,0,0.1,25,0.5,"-19.4%",4,5,65
"532",2021-06-15,3,11476,0.1,0.1,21,0.4,"-16%",3,4,63
"533",2021-06-16,6,11482,0.1,0.1,25,0.5,"19%",4,4,61
"534",2021-06-17,4,11486,0.1,0.1,26,0.5,"4%",4,4,61
"535",2021-06-18,2,11488,0,0.1,26,0.5,"0%",4,4,57
"536",2021-06-19,3,11491,0.1,0.1,23,0.5,"-11.5%",3,4,57
"537",2021-06-20,3,11494,0.1,0.1,22,0.4,"-4.3%",3,4,53
"538",2021-06-21,5,11499,0.1,0.1,26,0.5,"18.2%",4,4,51
"539",2021-06-22,5,11504,0.1,0.1,28,0.6,"7.7%",4,4,49
"540",2021-06-23,5,11509,0.1,0.1,27,0.6,"-3.6%",4,4,52
"541",2021-06-24,5,11514,0.1,0.1,28,0.6,"3.7%",4,4,54
"542",2021-06-25,7,11521,0.1,0.1,33,0.7,"17.9%",5,4,59
"543",2021-06-26,5,11526,0.1,0.1,35,0.7,"6.1%",5,4,58
"544",2021-06-27,5,11531,0.1,0.1,37,0.8,"5.7%",5,4,59
"545",2021-06-28,4,11535,0.1,0.1,36,0.7,"-2.7%",5,4,62
"546",2021-06-29,3,11538,0.1,0.1,34,0.7,"-5.6%",5,4,62
"547",2021-06-30,0,11538,0,0.1,29,0.6,"-14.7%",4,4,56
"548",2021-07-01,2,11540,0,0.1,26,0.5,"-10.3%",4,4,54
"549",2021-07-02,4,11544,0.1,0.1,23,0.5,"-11.5%",3,4,56
"550",2021-07-03,5,11549,0.1,0.1,23,0.5,"0%",3,4,58
"551",2021-07-04,8,11557,0.2,0.1,26,0.5,"13%",4,4,63
"552",2021-07-05,5,11562,0.1,0.1,27,0.6,"3.8%",4,4,63
"553",2021-07-06,4,11566,0.1,0.1,28,0.6,"3.7%",4,4,62
"554",2021-07-07,5,11571,0.1,0.1,33,0.7,"17.9%",5,4,62
"555",2021-07-08,4,11575,0.1,0.1,35,0.7,"6.1%",5,4,61
"556",2021-07-09,5,11580,0.1,0.1,36,0.7,"2.9%",5,4,59
"557",2021-07-10,5,11585,0.1,0.1,36,0.7,"0%",5,4,59
"558",2021-07-11,3,11588,0.1,0.1,31,0.6,"-13.9%",4,4,57
"559",2021-07-12,4,11592,0.1,0.1,30,0.6,"-3.2%",4,4,57
"560",2021-07-13,7,11599,0.1,0.1,33,0.7,"10%",5,4,61
"561",2021-07-14,8,11607,0.2,0.1,36,0.7,"9.1%",5,5,69
"562",2021-07-15,8,11615,0.2,0.1,40,0.8,"11.1%",6,5,75
"563",2021-07-16,6,11621,0.1,0.1,41,0.8,"2.5%",6,6,77
"564",2021-07-17,3,11624,0.1,0.1,39,0.8,"-4.9%",6,5,75
"565",2021-07-18,7,11631,0.1,0.1,43,0.9,"10.3%",6,5,74
"566",2021-07-19,13,11644,0.3,0.2,52,1.1,"20.9%",7,6,82
"567",2021-07-20,6,11650,0.1,0.1,51,1,"-1.9%",7,6,84
"568",2021-07-21,12,11662,0.2,0.2,55,1.1,"7.8%",8,6,91
"569",2021-07-22,9,11671,0.2,0.2,56,1.1,"1.8%",8,7,96
"570",2021-07-23,5,11676,0.1,0.2,55,1.1,"-1.8%",8,7,96
"571",2021-07-24,8,11684,0.2,0.2,60,1.2,"9.1%",9,7,99
"572",2021-07-25,14,11698,0.3,0.2,67,1.4,"11.7%",10,8,110
"573",2021-07-26,11,11709,0.2,0.2,65,1.3,"-3%",9,8,117
"574",2021-07-27,18,11727,0.4,0.2,77,1.6,"18.5%",11,9,128
"575",2021-07-28,11,11738,0.2,0.2,76,1.6,"-1.3%",11,9,131
"576",2021-07-29,18,11756,0.4,0.2,85,1.7,"11.8%",12,10,141
"577",2021-07-30,13,11769,0.3,0.3,93,1.9,"9.4%",13,11,148
"578",2021-07-31,21,11790,0.4,0.3,106,2.2,"14%",15,12,166
"579",2021-08-01,21,11811,0.4,0.3,113,2.3,"6.6%",16,13,180
"580",2021-08-02,33,11844,0.7,0.4,135,2.8,"19.5%",19,14,200
"581",2021-08-03,28,11872,0.6,0.4,145,3,"7.4%",21,16,222
"582",2021-08-04,27,11899,0.6,0.5,161,3.3,"11%",23,17,237
"583",2021-08-05,34,11933,0.7,0.5,177,3.6,"9.9%",25,19,262
"584",2021-08-06,30,11963,0.6,0.6,194,4,"9.6%",28,20,287
"585",2021-08-07,38,12001,0.8,0.6,211,4.3,"8.8%",30,23,317
"586",2021-08-08,43,12044,0.9,0.7,233,4.8,"10.4%",33,25,346
"587",2021-08-09,45,12089,0.9,0.7,245,5,"5.2%",35,27,380
"588",2021-08-10,35,12124,0.7,0.7,252,5.1,"2.9%",36,28,397
"589",2021-08-11,49,12173,1,0.8,274,5.6,"8.7%",39,31,435
"590",2021-08-12,36,12209,0.7,0.8,276,5.6,"0.7%",39,32,453
"591",2021-08-13,60,12269,1.2,0.9,306,6.2,"10.9%",44,36,500
"592",2021-08-14,64,12333,1.3,1,332,6.8,"8.5%",47,39,543
"593",2021-08-15,43,12376,0.9,1,332,6.8,"0%",47,40,565
"594",2021-08-16,58,12434,1.2,1,345,7,"3.9%",49,42,590
"595",2021-08-17,51,12485,1,1.1,361,7.4,"4.6%",52,44,613
"596",2021-08-18,78,12563,1.6,1.1,390,8,"8%",56,47,664
"597",2021-08-19,58,12621,1.2,1.2,412,8.4,"5.6%",59,49,688
"598",2021-08-20,63,12684,1.3,1.2,415,8.5,"0.7%",59,52,721
"599",2021-08-21,56,12740,1.1,1.2,407,8.3,"-1.9%",58,53,739
"600",2021-08-22,56,12796,1.1,1.2,420,8.6,"3.2%",60,54,752
"601",2021-08-23,58,12854,1.2,1.2,420,8.6,"0%",60,55,765
"602",2021-08-24,79,12933,1.6,1.3,448,9.1,"6.7%",64,58,809
"603",2021-08-25,60,12993,1.2,1.3,430,8.8,"-4%",61,59,820
"604",2021-08-26,71,13064,1.4,1.3,443,9,"3%",63,61,855
"605",2021-08-27,61,13125,1.2,1.3,441,9,"-0.5%",63,61,856
"606",2021-08-28,70,13195,1.4,1.3,455,9.3,"3.2%",65,62,862
"607",2021-08-29,75,13270,1.5,1.4,474,9.7,"4.2%",68,64,894
"608",2021-08-30,59,13329,1.2,1.4,475,9.7,"0.2%",68,64,895
"609",2021-08-31,73,13402,1.5,1.4,469,9.6,"-1.3%",67,66,917
"610",2021-09-01,73,13475,1.5,1.4,482,9.8,"2.8%",69,65,912
"611",2021-09-02,65,13540,1.3,1.4,476,9.7,"-1.2%",68,66,919
"612",2021-09-03,69,13609,1.4,1.4,484,9.9,"1.7%",69,66,925
"613",2021-09-04,74,13683,1.5,1.4,488,10,"0.8%",70,67,943
"614",2021-09-05,73,13756,1.5,1.4,486,9.9,"-0.4%",69,69,960
"615",2021-09-06,93,13849,1.9,1.5,520,10.6,"7%",74,71,995
"616",2021-09-07,73,13922,1.5,1.5,520,10.6,"0%",74,71,989
"617",2021-09-08,72,13994,1.5,1.5,519,10.6,"-0.2%",74,72,1001
"618",2021-09-09,70,14064,1.4,1.5,524,10.7,"1%",75,71,1000
"619",2021-09-10,79,14143,1.6,1.6,534,10.9,"1.9%",76,73,1018
"620",2021-09-11,74,14217,1.5,1.6,534,10.9,"0%",76,73,1022
"621",2021-09-12,55,14272,1.1,1.5,516,10.5,"-3.4%",74,72,1002
"622",2021-09-13,64,14336,1.3,1.4,487,9.9,"-5.6%",70,72,1007
"623",2021-09-14,67,14403,1.4,1.4,481,9.8,"-1.2%",69,72,1001
"624",2021-09-15,73,14476,1.5,1.4,482,9.8,"0.2%",69,72,1001
"625",2021-09-16,69,14545,1.4,1.4,481,9.8,"-0.2%",69,72,1005
"626",2021-09-17,65,14610,1.3,1.4,467,9.5,"-2.9%",67,72,1001
"627",2021-09-18,65,14675,1.3,1.3,458,9.3,"-1.9%",65,71,992
"628",2021-09-19,73,14748,1.5,1.4,476,9.7,"3.9%",68,71,992
"629",2021-09-20,58,14806,1.2,1.4,470,9.6,"-1.3%",67,68,957
"630",2021-09-21,59,14865,1.2,1.3,462,9.4,"-1.7%",66,67,943
"631",2021-09-22,57,14922,1.2,1.3,446,9.1,"-3.5%",64,66,928
"632",2021-09-23,48,14970,1,1.2,425,8.7,"-4.7%",61,65,906
"633",2021-09-24,58,15028,1.2,1.2,418,8.5,"-1.6%",60,63,885
"634",2021-09-25,49,15077,1,1.2,402,8.2,"-3.8%",57,61,860
"635",2021-09-26,52,15129,1.1,1.1,381,7.8,"-5.2%",54,61,857
"636",2021-09-27,51,15180,1,1.1,374,7.6,"-1.8%",53,60,844
"637",2021-09-28,58,15238,1.2,1.1,373,7.6,"-0.3%",53,60,835
"638",2021-09-29,55,15293,1.1,1.1,371,7.6,"-0.5%",53,58,817
"639",2021-09-30,38,15331,0.8,1.1,361,7.4,"-2.7%",52,56,786
"640",2021-10-01,52,15383,1.1,1,355,7.2,"-1.7%",51,55,773
"641",2021-10-02,49,15432,1,1,355,7.2,"0%",51,54,757
"642",2021-10-03,39,15471,0.8,1,342,7,"-3.7%",49,52,723
"643",2021-10-04,32,15503,0.7,0.9,323,6.6,"-5.6%",46,50,697
"644",2021-10-05,47,15550,1,0.9,312,6.4,"-3.4%",45,49,685
"645",2021-10-06,32,15582,0.7,0.8,289,5.9,"-7.4%",41,47,660
"646",2021-10-07,35,15617,0.7,0.8,286,5.8,"-1%",41,46,647
"647",2021-10-08,27,15644,0.6,0.8,261,5.3,"-8.7%",37,44,616
"648",2021-10-09,45,15689,0.9,0.7,257,5.2,"-1.5%",37,44,612
"649",2021-10-10,32,15721,0.7,0.7,250,5.1,"-2.7%",36,42,592
"650",2021-10-11,31,15752,0.6,0.7,249,5.1,"-0.4%",36,41,572
"651",2021-10-12,32,15784,0.7,0.7,234,4.8,"-6%",33,39,546
"652",2021-10-13,39,15823,0.8,0.7,241,4.9,"3%",34,38,530
"653",2021-10-14,31,15854,0.6,0.7,237,4.8,"-1.7%",34,37,523
"654",2021-10-15,22,15876,0.4,0.7,232,4.7,"-2.1%",33,35,493
"655",2021-10-16,27,15903,0.6,0.6,214,4.4,"-7.8%",31,34,471
"656",2021-10-17,20,15923,0.4,0.6,202,4.1,"-5.6%",29,32,452
"657",2021-10-18,26,15949,0.5,0.6,197,4,"-2.5%",28,32,446
"658",2021-10-19,24,15973,0.5,0.6,189,3.9,"-4.1%",27,30,423
"659",2021-10-20,25,15998,0.5,0.5,175,3.6,"-7.4%",25,30,416
"660",2021-10-21,15,16013,0.3,0.5,159,3.2,"-9.1%",23,28,396
"661",2021-10-22,16,16029,0.3,0.4,153,3.1,"-3.8%",22,28,385
"662",2021-10-23,19,16048,0.4,0.4,145,3,"-5.2%",21,26,359
"663",2021-10-24,14,16062,0.3,0.4,139,2.8,"-4.1%",20,24,341
"664",2021-10-25,16,16078,0.3,0.4,129,2.6,"-7.2%",18,23,326
"665",2021-10-26,21,16099,0.4,0.4,126,2.6,"-2.3%",18,22,315
"666",2021-10-27,11,16110,0.2,0.3,112,2.3,"-11.1%",16,20,287
"667",2021-10-28,16,16126,0.3,0.3,113,2.3,"0.9%",16,19,272
"668",2021-10-29,8,16134,0.2,0.3,105,2.1,"-7.1%",15,18,258
"669",2021-10-30,13,16147,0.3,0.3,99,2,"-5.7%",14,17,244
"670",2021-10-31,10,16157,0.2,0.3,95,1.9,"-4%",14,17,234
"671",2021-11-01,5,16162,0.1,0.2,84,1.7,"-11.6%",12,15,213
"672",2021-11-02,12,16174,0.2,0.2,75,1.5,"-10.7%",11,14,201
"673",2021-11-03,11,16185,0.2,0.2,75,1.5,"0%",11,13,187
"674",2021-11-04,14,16199,0.3,0.2,73,1.5,"-2.7%",10,13,186
"675",2021-11-05,12,16211,0.2,0.2,77,1.6,"5.5%",11,13,182
"676",2021-11-06,18,16229,0.4,0.2,82,1.7,"6.5%",12,13,181
"677",2021-11-07,16,16245,0.3,0.3,88,1.8,"7.3%",13,13,183
"678",2021-11-08,9,16254,0.2,0.3,92,1.9,"4.5%",13,13,176
"679",2021-11-09,12,16266,0.2,0.3,92,1.9,"0%",13,12,167
"680",2021-11-10,15,16281,0.3,0.3,96,2,"4.3%",14,12,171
"681",2021-11-11,9,16290,0.2,0.3,91,1.9,"-5.2%",13,12,164
"682",2021-11-12,12,16302,0.2,0.3,91,1.9,"0%",13,12,168
"683",2021-11-13,12,16314,0.2,0.2,85,1.7,"-6.6%",12,12,167
"684",2021-11-14,7,16321,0.1,0.2,76,1.6,"-10.6%",11,12,164
"685",2021-11-15,3,16324,0.1,0.2,70,1.4,"-7.9%",10,12,162
"686",2021-11-16,9,16333,0.2,0.2,67,1.4,"-4.3%",10,11,159
"687",2021-11-17,6,16339,0.1,0.2,58,1.2,"-13.4%",8,11,154
"688",2021-11-18,7,16346,0.1,0.2,56,1.1,"-3.4%",8,10,147
"689",2021-11-19,9,16355,0.2,0.2,53,1.1,"-5.4%",8,10,144
"690",2021-11-20,8,16363,0.2,0.1,49,1,"-7.5%",7,10,134
"691",2021-11-21,8,16371,0.2,0.1,50,1,"2%",7,9,126
"692",2021-11-22,7,16378,0.1,0.2,54,1.1,"8%",8,9,124
"693",2021-11-23,9,16387,0.2,0.2,54,1.1,"0%",8,9,121
"694",2021-11-24,10,16397,0.2,0.2,58,1.2,"7.4%",8,8,116
"695",2021-11-25,6,16403,0.1,0.2,57,1.2,"-1.7%",8,8,113
"696",2021-11-26,5,16408,0.1,0.2,53,1.1,"-7%",8,8,106
"697",2021-11-27,17,16425,0.3,0.2,62,1.3,"17%",9,8,111
"698",2021-11-28,8,16433,0.2,0.2,62,1.3,"0%",9,8,112
"699",2021-11-29,9,16442,0.2,0.2,64,1.3,"3.2%",9,8,118
"700",2021-11-30,7,16449,0.1,0.2,62,1.3,"-3.1%",9,8,116
"701",2021-12-01,9,16458,0.2,0.2,61,1.2,"-1.6%",9,8,119
"702",2021-12-02,9,16467,0.2,0.2,64,1.3,"4.9%",9,9,121
"703",2021-12-03,12,16479,0.2,0.2,71,1.4,"10.9%",10,9,124
"704",2021-12-04,9,16488,0.2,0.2,63,1.3,"-11.3%",9,9,125
"705",2021-12-05,6,16494,0.1,0.2,61,1.2,"-3.2%",9,9,123
"706",2021-12-06,3,16497,0.1,0.2,55,1.1,"-9.8%",8,8,119
"707",2021-12-07,14,16511,0.3,0.2,62,1.3,"12.7%",9,9,124
"708",2021-12-08,13,16524,0.3,0.2,66,1.3,"6.5%",9,9,127
"709",2021-12-09,6,16530,0.1,0.2,63,1.3,"-4.5%",9,9,127
"710",2021-12-10,5,16535,0.1,0.2,56,1.1,"-11.1%",8,9,127
"711",2021-12-11,8,16543,0.2,0.2,55,1.1,"-1.8%",8,8,118
"712",2021-12-12,13,16556,0.3,0.2,62,1.3,"12.7%",9,9,123
"713",2021-12-13,8,16564,0.2,0.2,67,1.4,"8.1%",10,9,122
"714",2021-12-14,7,16571,0.1,0.2,60,1.2,"-10.4%",9,9,122
"715",2021-12-15,9,16580,0.2,0.2,56,1.1,"-6.7%",8,9,122
"716",2021-12-16,8,16588,0.2,0.2,58,1.2,"3.6%",8,9,121
"717",2021-12-17,10,16598,0.2,0.2,63,1.3,"8.6%",9,8,119
"718",2021-12-18,12,16610,0.2,0.2,67,1.4,"6.3%",10,9,122
"719",2021-12-19,11,16621,0.2,0.2,65,1.3,"-3%",9,9,127
"720",2021-12-20,11,16632,0.2,0.2,68,1.4,"4.6%",10,10,135
"721",2021-12-21,8,16640,0.2,0.2,69,1.4,"1.5%",10,9,129
"722",2021-12-22,9,16649,0.2,0.2,69,1.4,"0%",10,9,125
"723",2021-12-23,10,16659,0.2,0.2,71,1.4,"2.9%",10,9,129
"724",2021-12-24,17,16676,0.3,0.2,78,1.6,"9.9%",11,10,141
"725",2021-12-25,6,16682,0.1,0.2,72,1.5,"-7.7%",10,10,139
"726",2021-12-26,12,16694,0.2,0.2,73,1.5,"1.4%",10,10,138
"727",2021-12-27,9,16703,0.2,0.2,71,1.4,"-2.7%",10,10,139
"728",2021-12-28,16,16719,0.3,0.2,79,1.6,"11.3%",11,11,148
"729",2021-12-29,13,16732,0.3,0.2,83,1.7,"5.1%",12,11,152
"730",2021-12-30,12,16744,0.2,0.2,85,1.7,"2.4%",12,11,156
"731",2021-12-31,11,16755,0.2,0.2,79,1.6,"-7.1%",11,11,157
"732",2022-01-01,10,16765,0.2,0.2,83,1.7,"5.1%",12,11,155
"733",2022-01-02,17,16782,0.3,0.3,88,1.8,"6%",13,12,161
"734",2022-01-03,11,16793,0.2,0.3,90,1.8,"2.3%",13,12,161
"735",2022-01-04,19,16812,0.4,0.3,93,1.9,"3.3%",13,12,172
"736",2022-01-05,26,16838,0.5,0.3,106,2.2,"14%",15,14,189
"737",2022-01-06,27,16865,0.6,0.4,121,2.5,"14.2%",17,15,206
"738",2022-01-07,19,16884,0.4,0.4,129,2.6,"6.6%",18,15,208
"739",2022-01-08,27,16911,0.6,0.4,146,3,"13.2%",21,16,229
"740",2022-01-09,24,16935,0.5,0.4,153,3.1,"4.8%",22,17,241
"741",2022-01-10,20,16955,0.4,0.5,162,3.3,"5.9%",23,18,252
"742",2022-01-11,40,16995,0.8,0.5,183,3.7,"13%",26,20,276
"743",2022-01-12,35,17030,0.7,0.6,192,3.9,"4.9%",27,21,298
"744",2022-01-13,37,17067,0.8,0.6,202,4.1,"5.2%",29,23,323
"745",2022-01-14,31,17098,0.6,0.6,214,4.4,"5.9%",31,24,343
"746",2022-01-15,53,17151,1.1,0.7,240,4.9,"12.1%",34,28,386
"747",2022-01-16,45,17196,0.9,0.8,261,5.3,"8.8%",37,30,414
"748",2022-01-17,36,17232,0.7,0.8,277,5.6,"6.1%",40,31,439
"749",2022-01-18,41,17273,0.8,0.8,278,5.7,"0.4%",40,33,461
"750",2022-01-19,37,17310,0.8,0.8,280,5.7,"0.7%",40,34,472
"751",2022-01-20,44,17354,0.9,0.8,287,5.9,"2.5%",41,35,489
"752",2022-01-21,38,17392,0.8,0.9,294,6,"2.4%",42,36,508
"753",2022-01-22,41,17433,0.8,0.8,282,5.8,"-4.1%",40,37,522
"754",2022-01-23,54,17487,1.1,0.8,291,5.9,"3.2%",42,39,552
"755",2022-01-24,41,17528,0.8,0.9,296,6,"1.7%",42,41,573
"756",2022-01-25,78,17606,1.6,1,333,6.8,"12.5%",48,44,611
"757",2022-01-26,53,17659,1.1,1,349,7.1,"4.8%",50,45,629
"758",2022-01-27,64,17723,1.3,1.1,369,7.5,"5.7%",53,47,656
"759",2022-01-28,54,17777,1.1,1.1,385,7.9,"4.3%",55,48,679
"760",2022-01-29,69,17846,1.4,1.2,413,8.4,"7.3%",59,50,695
"761",2022-01-30,53,17899,1.1,1.2,412,8.4,"-0.2%",59,50,703
"762",2022-01-31,58,17957,1.2,1.2,429,8.7,"4.1%",61,52,725
"763",2022-02-01,61,18018,1.2,1.2,412,8.4,"-4%",59,53,745
"764",2022-02-02,52,18070,1.1,1.2,411,8.4,"-0.2%",59,54,760
"765",2022-02-03,59,18129,1.2,1.2,406,8.3,"-1.2%",58,55,775
"766",2022-02-04,48,18177,1,1.2,400,8.2,"-1.5%",57,56,785
"767",2022-02-05,63,18240,1.3,1.1,394,8,"-1.5%",56,58,807
"768",2022-02-06,49,18289,1,1.1,390,8,"-1%",56,57,802
"769",2022-02-07,71,18360,1.4,1.2,403,8.2,"3.3%",58,59,832
"770",2022-02-08,52,18412,1.1,1.1,394,8,"-2.2%",56,58,806
"771",2022-02-09,50,18462,1,1.1,392,8,"-0.5%",56,57,803
"772",2022-02-10,52,18514,1.1,1.1,385,7.9,"-1.8%",55,56,791
"773",2022-02-11,58,18572,1.2,1.2,395,8.1,"2.6%",56,57,795
"774",2022-02-12,48,18620,1,1.1,380,7.8,"-3.8%",54,55,774
"775",2022-02-13,42,18662,0.9,1.1,373,7.6,"-1.8%",53,54,763
"776",2022-02-14,46,18708,0.9,1,348,7.1,"-6.7%",50,54,751
"777",2022-02-15,44,18752,0.9,1,340,6.9,"-2.3%",49,52,734
"778",2022-02-16,50,18802,1,1,340,6.9,"0%",49,52,732
"779",2022-02-17,37,18839,0.8,0.9,325,6.6,"-4.4%",46,51,710
"780",2022-02-18,45,18884,0.9,0.9,312,6.4,"-4%",45,50,707
"781",2022-02-19,38,18922,0.8,0.9,302,6.2,"-3.2%",43,49,682
"782",2022-02-20,42,18964,0.9,0.9,302,6.2,"0%",43,48,675
"783",2022-02-21,34,18998,0.7,0.8,290,5.9,"-4%",41,46,638
"784",2022-02-22,44,19042,0.9,0.8,290,5.9,"0%",41,45,630
"785",2022-02-23,30,19072,0.6,0.8,270,5.5,"-6.9%",39,44,610
"786",2022-02-24,33,19105,0.7,0.8,266,5.4,"-1.5%",38,42,591
"787",2022-02-25,22,19127,0.4,0.7,243,5,"-8.6%",35,40,555
"788",2022-02-26,25,19152,0.5,0.7,230,4.7,"-5.3%",33,38,532
"789",2022-02-27,18,19170,0.4,0.6,206,4.2,"-10.4%",29,36,508
"790",2022-02-28,23,19193,0.5,0.6,195,4,"-5.3%",28,35,485
"791",2022-03-01,22,19215,0.4,0.5,173,3.5,"-11.3%",25,33,463
"792",2022-03-02,23,19238,0.5,0.5,166,3.4,"-4%",24,31,436
"793",2022-03-03,18,19256,0.4,0.4,151,3.1,"-9%",22,30,417
"794",2022-03-04,26,19282,0.5,0.5,155,3.2,"2.6%",22,28,398
"795",2022-03-05,28,19310,0.6,0.5,158,3.2,"1.9%",23,28,388
"796",2022-03-06,18,19328,0.4,0.5,158,3.2,"0%",23,26,364
"797",2022-03-07,14,19342,0.3,0.4,149,3,"-5.7%",21,25,344
"798",2022-03-08,20,19362,0.4,0.4,147,3,"-1.3%",21,23,320
"799",2022-03-09,17,19379,0.3,0.4,141,2.9,"-4.1%",20,22,307
"800",2022-03-10,15,19394,0.3,0.4,138,2.8,"-2.1%",20,21,289
"801",2022-03-11,14,19408,0.3,0.4,126,2.6,"-8.7%",18,20,281
"802",2022-03-12,8,19416,0.2,0.3,106,2.2,"-15.9%",15,19,264
"803",2022-03-13,8,19424,0.2,0.3,96,2,"-9.4%",14,18,254
"804",2022-03-14,13,19437,0.3,0.3,95,1.9,"-1%",14,17,244
"805",2022-03-15,10,19447,0.2,0.2,85,1.7,"-10.5%",12,17,232
"806",2022-03-16,14,19461,0.3,0.2,82,1.7,"-3.5%",12,16,223
"807",2022-03-17,10,19471,0.2,0.2,77,1.6,"-6.1%",11,15,215
"808",2022-03-18,11,19482,0.2,0.2,74,1.5,"-3.9%",11,14,200
"809",2022-03-19,10,19492,0.2,0.2,76,1.6,"2.7%",11,13,182
"810",2022-03-20,9,19501,0.2,0.2,77,1.6,"1.3%",11,12,173
"811",2022-03-21,9,19510,0.2,0.2,73,1.5,"-5.2%",10,12,168
"812",2022-03-22,6,19516,0.1,0.2,69,1.4,"-5.5%",10,11,154
"813",2022-03-23,8,19524,0.2,0.2,63,1.3,"-8.7%",9,10,145
"814",2022-03-24,4,19528,0.1,0.2,57,1.2,"-9.5%",8,10,134
"815",2022-03-25,11,19539,0.2,0.2,57,1.2,"0%",8,9,131
"816",2022-03-26,9,19548,0.2,0.2,56,1.1,"-1.8%",8,9,132
"817",2022-03-27,7,19555,0.1,0.2,54,1.1,"-3.6%",8,9,131
"818",2022-03-28,11,19566,0.2,0.2,56,1.1,"3.7%",8,9,129
"819",2022-03-29,4,19570,0.1,0.2,54,1.1,"-3.6%",8,9,123
"820",2022-03-30,5,19575,0.1,0.1,51,1,"-5.6%",7,8,114
"821",2022-03-31,3,19578,0.1,0.1,50,1,"-2%",7,8,107
"822",2022-04-01,2,19580,0,0.1,41,0.8,"-18%",6,7,98
"823",2022-04-02,4,19584,0.1,0.1,36,0.7,"-12.2%",5,7,92
"824",2022-04-03,2,19586,0,0.1,31,0.6,"-13.9%",4,6,85
"825",2022-04-04,5,19591,0.1,0.1,25,0.5,"-19.4%",4,6,81
"826",2022-04-05,5,19596,0.1,0.1,26,0.5,"4%",4,6,80
"827",2022-04-06,10,19606,0.2,0.1,31,0.6,"19.2%",4,6,82
"828",2022-04-07,3,19609,0.1,0.1,31,0.6,"0%",4,6,81
"829",2022-04-08,4,19613,0.1,0.1,33,0.7,"6.5%",5,5,74
"830",2022-04-09,1,19614,0,0.1,30,0.6,"-9.1%",4,5,66
"831",2022-04-10,3,19617,0.1,0.1,31,0.6,"3.3%",4,4,62
"832",2022-04-11,3,19620,0.1,0.1,29,0.6,"-6.5%",4,4,54
"833",2022-04-12,2,19622,0,0.1,26,0.5,"-10.3%",4,4,52
"834",2022-04-13,4,19626,0.1,0.1,20,0.4,"-23.1%",3,4,51
"835",2022-04-14,3,19629,0.1,0.1,20,0.4,"0%",3,4,51
"836",2022-04-15,1,19630,0,0,17,0.3,"-15%",2,4,50
"837",2022-04-16,2,19632,0,0.1,18,0.4,"5.9%",3,3,48
"838",2022-04-17,3,19635,0.1,0.1,18,0.4,"0%",3,4,49
"839",2022-04-18,4,19639,0.1,0.1,19,0.4,"5.6%",3,3,48
"840",2022-04-19,2,19641,0,0.1,19,0.4,"0%",3,3,45
"841",2022-04-20,4,19645,0.1,0.1,19,0.4,"0%",3,3,39
"842",2022-04-21,2,19647,0,0.1,18,0.4,"-5.3%",3,3,38
"843",2022-04-22,2,19649,0,0.1,19,0.4,"5.6%",3,3,36
"844",2022-04-23,3,19652,0.1,0.1,20,0.4,"5.3%",3,3,38
"845",2022-04-24,3,19655,0.1,0.1,20,0.4,"0%",3,3,38
"846",2022-04-25,2,19657,0,0.1,18,0.4,"-10%",3,3,37
"847",2022-04-26,1,19658,0,0,17,0.3,"-5.6%",2,3,36
"848",2022-04-27,0,19658,0,0,13,0.3,"-23.5%",2,2,32
"849",2022-04-28,2,19660,0,0,13,0.3,"0%",2,2,31
"850",2022-04-29,2,19662,0,0,13,0.3,"0%",2,2,32
"851",2022-04-30,5,19667,0.1,0,15,0.3,"15.4%",2,2,35
"852",2022-05-01,5,19672,0.1,0,17,0.3,"13.3%",2,3,37
"853",2022-05-02,1,19673,0,0,16,0.3,"-5.9%",2,2,34
"854",2022-05-03,3,19676,0.1,0.1,18,0.4,"12.5%",3,2,35
"855",2022-05-04,4,19680,0.1,0.1,22,0.4,"22.2%",3,2,35
"856",2022-05-05,2,19682,0,0.1,22,0.4,"0%",3,2,35
"857",2022-05-06,2,19684,0,0.1,22,0.4,"0%",3,2,35
"858",2022-05-07,1,19685,0,0.1,18,0.4,"-18.2%",3,2,33
"859",2022-05-08,0,19685,0,0,13,0.3,"-27.8%",2,2,30
"860",2022-05-09,4,19689,0.1,0,16,0.3,"23.1%",2,2,32
"861",2022-05-10,1,19690,0,0,14,0.3,"-12.5%",2,2,32
"862",2022-05-11,1,19691,0,0,11,0.2,"-21.4%",2,2,33
"863",2022-05-12,2,19693,0,0,11,0.2,"0%",2,2,33
"864",2022-05-13,3,19696,0.1,0,12,0.2,"9.1%",2,2,34
"865",2022-05-14,1,19697,0,0,12,0.2,"0%",2,2,30
"866",2022-05-15,3,19700,0.1,0,15,0.3,"25%",2,2,28
"867",2022-05-16,2,19702,0,0,13,0.3,"-13.3%",2,2,29
"868",2022-05-17,2,19704,0,0,14,0.3,"7.7%",2,2,28
"869",2022-05-18,4,19708,0.1,0,17,0.3,"21.4%",2,2,28
"870",2022-05-19,1,19709,0,0,16,0.3,"-5.9%",2,2,27
"871",2022-05-20,1,19710,0,0,14,0.3,"-12.5%",2,2,26
"872",2022-05-21,3,19713,0.1,0,16,0.3,"14.3%",2,2,28
"873",2022-05-22,2,19715,0,0,15,0.3,"-6.3%",2,2,30
"874",2022-05-23,1,19716,0,0,14,0.3,"-6.7%",2,2,27
"875",2022-05-24,1,19717,0,0,13,0.3,"-7.1%",2,2,27
"876",2022-05-25,2,19719,0,0,11,0.2,"-15.4%",2,2,28
"877",2022-05-26,2,19721,0,0,12,0.2,"9.1%",2,2,28
"878",2022-05-27,0,19721,0,0,11,0.2,"-8.3%",2,2,25
"879",2022-05-28,2,19723,0,0,10,0.2,"-9.1%",1,2,26
"880",2022-05-29,2,19725,0,0,10,0.2,"0%",1,2,25
"881",2022-05-30,3,19728,0.1,0,12,0.2,"20%",2,2,26
"882",2022-05-31,3,19731,0.1,0,14,0.3,"16.7%",2,2,27
"883",2022-06-01,1,19732,0,0,13,0.3,"-7.1%",2,2,24
"884",2022-06-02,1,19733,0,0,12,0.2,"-7.7%",2,2,24
"885",2022-06-03,5,19738,0.1,0,17,0.3,"41.7%",2,2,28
"886",2022-06-04,3,19741,0.1,0.1,18,0.4,"5.9%",3,2,28
"887",2022-06-05,1,19742,0,0,17,0.3,"-5.6%",2,2,27
"888",2022-06-06,1,19743,0,0,15,0.3,"-11.8%",2,2,27
"889",2022-06-07,5,19748,0.1,0,17,0.3,"13.3%",2,2,31
"890",2022-06-08,5,19753,0.1,0.1,21,0.4,"23.5%",3,2,34
"891",2022-06-09,4,19757,0.1,0.1,24,0.5,"14.3%",3,3,36
"892",2022-06-10,4,19761,0.1,0.1,23,0.5,"-4.2%",3,3,40
"893",2022-06-11,8,19769,0.2,0.1,28,0.6,"21.7%",4,3,46
"894",2022-06-12,2,19771,0,0.1,29,0.6,"3.6%",4,3,46
"895",2022-06-13,2,19773,0,0.1,30,0.6,"3.4%",4,3,45
"896",2022-06-14,5,19778,0.1,0.1,30,0.6,"0%",4,3,47
"897",2022-06-15,1,19779,0,0.1,26,0.5,"-13.3%",4,3,47
"898",2022-06-16,3,19782,0.1,0.1,25,0.5,"-3.8%",4,4,49
"899",2022-06-17,3,19785,0.1,0.1,24,0.5,"-4%",3,3,47
"900",2022-06-18,7,19792,0.1,0.1,23,0.5,"-4.2%",3,4,51
"901",2022-06-19,3,19795,0.1,0.1,24,0.5,"4.3%",3,4,53
"902",2022-06-20,3,19798,0.1,0.1,25,0.5,"4.2%",4,4,55
"903",2022-06-21,2,19800,0,0.1,22,0.4,"-12%",3,4,52
"904",2022-06-22,4,19804,0.1,0.1,25,0.5,"13.6%",4,4,51
"905",2022-06-23,3,19807,0.1,0.1,25,0.5,"0%",4,4,50
"906",2022-06-24,3,19810,0.1,0.1,25,0.5,"0%",4,4,49
"907",2022-06-25,4,19814,0.1,0.1,22,0.4,"-12%",3,3,45
"908",2022-06-26,3,19817,0.1,0.1,22,0.4,"0%",3,3,46
"909",2022-06-27,5,19822,0.1,0.1,24,0.5,"9.1%",3,4,49
"910",2022-06-28,6,19828,0.1,0.1,28,0.6,"16.7%",4,4,50
"911",2022-06-29,7,19835,0.1,0.1,31,0.6,"10.7%",4,4,56
"912",2022-06-30,7,19842,0.1,0.1,35,0.7,"12.9%",5,4,60
"913",2022-07-01,6,19848,0.1,0.1,38,0.8,"8.6%",5,4,63
"914",2022-07-02,6,19854,0.1,0.1,40,0.8,"5.3%",6,4,62
"915",2022-07-03,4,19858,0.1,0.1,41,0.8,"2.5%",6,4,63
"916",2022-07-04,5,19863,0.1,0.1,41,0.8,"0%",6,5,65
"917",2022-07-05,11,19874,0.2,0.1,46,0.9,"12.2%",7,5,74
"918",2022-07-06,6,19880,0.1,0.1,45,0.9,"-2.2%",6,5,76
"919",2022-07-07,6,19886,0.1,0.1,44,0.9,"-2.2%",6,6,79
"920",2022-07-08,8,19894,0.2,0.1,46,0.9,"4.5%",7,6,84
"921",2022-07-09,5,19899,0.1,0.1,45,0.9,"-2.2%",6,6,85
"922",2022-07-10,6,19905,0.1,0.1,47,1,"4.4%",7,6,88
"923",2022-07-11,9,19914,0.2,0.1,51,1,"8.5%",7,7,92
"924",2022-07-12,7,19921,0.1,0.1,47,1,"-7.8%",7,7,93
"925",2022-07-13,7,19928,0.1,0.1,48,1,"2.1%",7,7,93
"926",2022-07-14,9,19937,0.2,0.1,51,1,"6.3%",7,7,95
"927",2022-07-15,9,19946,0.2,0.2,52,1.1,"2%",7,7,98
"928",2022-07-16,16,19962,0.3,0.2,63,1.3,"21.2%",9,8,108
"929",2022-07-17,7,19969,0.1,0.2,64,1.3,"1.6%",9,8,111
"930",2022-07-18,4,19973,0.1,0.2,59,1.2,"-7.8%",8,8,110
"931",2022-07-19,11,19984,0.2,0.2,63,1.3,"6.8%",9,8,110
"932",2022-07-20,5,19989,0.1,0.2,61,1.2,"-3.2%",9,8,109
"933",2022-07-21,7,19996,0.1,0.2,59,1.2,"-3.3%",8,8,110
"934",2022-07-22,12,20008,0.2,0.2,62,1.3,"5.1%",9,8,114
"935",2022-07-23,10,20018,0.2,0.2,56,1.1,"-9.7%",8,8,119
"936",2022-07-24,9,20027,0.2,0.2,58,1.2,"3.6%",8,9,122
"937",2022-07-25,15,20042,0.3,0.2,69,1.4,"19%",10,9,128
"938",2022-07-26,6,20048,0.1,0.2,64,1.3,"-7.2%",9,9,127
"939",2022-07-27,12,20060,0.2,0.2,71,1.4,"10.9%",10,9,132
"940",2022-07-28,7,20067,0.1,0.2,71,1.4,"0%",10,9,130
"941",2022-07-29,7,20074,0.1,0.2,66,1.3,"-7%",9,9,128
"942",2022-07-30,4,20078,0.1,0.2,60,1.2,"-9.1%",9,8,116
"943",2022-07-31,7,20085,0.1,0.2,58,1.2,"-3.3%",8,8,116
"944",2022-08-01,7,20092,0.1,0.1,50,1,"-13.8%",7,8,119
"945",2022-08-02,10,20102,0.2,0.2,54,1.1,"8%",8,8,118
"946",2022-08-03,14,20116,0.3,0.2,56,1.1,"3.7%",8,9,127
"947",2022-08-04,14,20130,0.3,0.2,63,1.3,"12.5%",9,10,134
"948",2022-08-05,4,20134,0.1,0.2,60,1.2,"-4.8%",9,9,126
"949",2022-08-06,15,20149,0.3,0.2,71,1.4,"18.3%",10,9,131
"950",2022-08-07,12,20161,0.2,0.2,76,1.6,"7%",11,10,134
"951",2022-08-08,5,20166,0.1,0.2,74,1.5,"-2.6%",11,9,124
"952",2022-08-09,9,20175,0.2,0.2,73,1.5,"-1.4%",10,9,127
"953",2022-08-10,15,20190,0.3,0.2,74,1.5,"1.4%",11,9,130
"954",2022-08-11,10,20200,0.2,0.2,70,1.4,"-5.4%",10,10,133
"955",2022-08-12,11,20211,0.2,0.2,77,1.6,"10%",11,10,137
"956",2022-08-13,9,20220,0.2,0.2,71,1.4,"-7.8%",10,10,142
"957",2022-08-14,10,20230,0.2,0.2,69,1.4,"-2.8%",10,10,145
"958",2022-08-15,9,20239,0.2,0.2,73,1.5,"5.8%",10,10,147
"959",2022-08-16,5,20244,0.1,0.2,69,1.4,"-5.5%",10,10,142
"960",2022-08-17,10,20254,0.2,0.2,64,1.3,"-7.2%",9,10,138
"961",2022-08-18,9,20263,0.2,0.2,63,1.3,"-1.6%",9,10,133
"962",2022-08-19,7,20270,0.1,0.2,59,1.2,"-6.3%",8,10,136
"963",2022-08-20,7,20277,0.1,0.2,57,1.2,"-3.4%",8,9,128
"964",2022-08-21,7,20284,0.1,0.2,54,1.1,"-5.3%",8,9,123
"965",2022-08-22,6,20290,0.1,0.1,51,1,"-5.6%",7,9,124
"966",2022-08-23,9,20299,0.2,0.2,55,1.1,"7.8%",8,9,124
"967",2022-08-24,3,20302,0.1,0.1,48,1,"-12.7%",7,8,112
"968",2022-08-25,14,20316,0.3,0.2,53,1.1,"10.4%",8,8,116
"969",2022-08-26,4,20320,0.1,0.1,50,1,"-5.7%",7,8,109
"970",2022-08-27,7,20327,0.1,0.1,50,1,"0%",7,8,107
"971",2022-08-28,6,20333,0.1,0.1,49,1,"-2%",7,7,103
"972",2022-08-29,6,20339,0.1,0.1,49,1,"0%",7,7,100
"973",2022-08-30,7,20346,0.1,0.1,47,1,"-4.1%",7,7,102
"974",2022-08-31,5,20351,0.1,0.1,49,1,"4.3%",7,7,97
"975",2022-09-01,9,20360,0.2,0.1,44,0.9,"-10.2%",6,7,97
"976",2022-09-02,10,20370,0.2,0.1,50,1,"13.6%",7,7,100
"977",2022-09-03,7,20377,0.1,0.1,50,1,"0%",7,7,100
"978",2022-09-04,9,20386,0.2,0.2,53,1.1,"6%",8,7,102
"979",2022-09-05,5,20391,0.1,0.2,52,1.1,"-1.9%",7,7,101
"980",2022-09-06,10,20401,0.2,0.2,55,1.1,"5.8%",8,7,102
"981",2022-09-07,6,20407,0.1,0.2,56,1.1,"1.8%",8,8,105
"982",2022-09-08,7,20414,0.1,0.2,54,1.1,"-3.6%",8,7,98
"983",2022-09-09,11,20425,0.2,0.2,55,1.1,"1.9%",8,8,105
"984",2022-09-10,8,20433,0.2,0.2,56,1.1,"1.8%",8,8,106
"985",2022-09-11,9,20442,0.2,0.2,56,1.1,"0%",8,8,109
"986",2022-09-12,4,20446,0.1,0.2,55,1.1,"-1.8%",8,8,107
"987",2022-09-13,7,20453,0.1,0.2,52,1.1,"-5.5%",7,8,107
"988",2022-09-14,9,20462,0.2,0.2,55,1.1,"5.8%",8,8,111
"989",2022-09-15,4,20466,0.1,0.2,52,1.1,"-5.5%",7,8,106
"990",2022-09-16,7,20473,0.1,0.1,48,1,"-7.7%",7,7,103
"991",2022-09-17,3,20476,0.1,0.1,43,0.9,"-10.4%",6,7,99
"992",2022-09-18,7,20483,0.1,0.1,41,0.8,"-4.7%",6,7,97
"993",2022-09-19,8,20491,0.2,0.1,45,0.9,"9.8%",6,7,100
"994",2022-09-20,6,20497,0.1,0.1,44,0.9,"-2.2%",6,7,96
"995",2022-09-21,7,20504,0.1,0.1,42,0.9,"-4.5%",6,7,97
"996",2022-09-22,7,20511,0.1,0.1,45,0.9,"7.1%",6,7,97
"997",2022-09-23,3,20514,0.1,0.1,41,0.8,"-8.9%",6,6,89
"998",2022-09-24,4,20518,0.1,0.1,42,0.9,"2.4%",6,6,85
"999",2022-09-25,0,20518,0,0.1,35,0.7,"-16.7%",5,5,76
"1000",2022-09-26,5,20523,0.1,0.1,32,0.7,"-8.6%",5,6,77
"1001",2022-09-27,11,20534,0.2,0.1,37,0.8,"15.6%",5,6,81
"1002",2022-09-28,4,20538,0.1,0.1,34,0.7,"-8.1%",5,5,76
"1003",2022-09-29,1,20539,0,0.1,28,0.6,"-17.6%",4,5,73
"1004",2022-09-30,2,20541,0,0.1,27,0.6,"-3.6%",4,5,68
"1005",2022-10-01,6,20547,0.1,0.1,29,0.6,"7.4%",4,5,71
"1006",2022-10-02,6,20553,0.1,0.1,35,0.7,"20.7%",5,5,70
"1007",2022-10-03,2,20555,0,0.1,32,0.7,"-8.6%",5,5,64
"1008",2022-10-04,4,20559,0.1,0.1,25,0.5,"-21.9%",4,4,62
"1009",2022-10-05,0,20559,0,0.1,21,0.4,"-16%",3,4,55
"1010",2022-10-06,1,20560,0,0.1,21,0.4,"0%",3,4,49
"1011",2022-10-07,4,20564,0.1,0.1,23,0.5,"9.5%",3,4,50
"1012",2022-10-08,4,20568,0.1,0.1,21,0.4,"-8.7%",3,4,50
"1013",2022-10-09,0,20568,0,0,15,0.3,"-28.6%",2,4,50
"1014",2022-10-10,1,20569,0,0,14,0.3,"-6.7%",2,3,46
"1015",2022-10-11,5,20574,0.1,0,15,0.3,"7.1%",2,3,40
"1016",2022-10-12,3,20577,0.1,0.1,18,0.4,"20%",3,3,39
"1017",2022-10-13,2,20579,0,0.1,19,0.4,"5.6%",3,3,40
"1018",2022-10-14,4,20583,0.1,0.1,19,0.4,"0%",3,3,42
"1019",2022-10-15,4,20587,0.1,0.1,19,0.4,"0%",3,3,40
"1020",2022-10-16,4,20591,0.1,0.1,23,0.5,"21.1%",3,3,38
"1021",2022-10-17,4,20595,0.1,0.1,26,0.5,"13%",4,3,40
"1022",2022-10-18,3,20598,0.1,0.1,24,0.5,"-7.7%",3,3,39
"1023",2022-10-19,1,20599,0,0.1,22,0.4,"-8.3%",3,3,40
"1024",2022-10-20,2,20601,0,0.1,22,0.4,"0%",3,3,41
"1025",2022-10-21,1,20602,0,0.1,19,0.4,"-13.6%",3,3,38
"1026",2022-10-22,3,20605,0.1,0.1,18,0.4,"-5.3%",3,3,37
"1027",2022-10-23,5,20610,0.1,0.1,19,0.4,"5.6%",3,3,42
"1028",2022-10-24,3,20613,0.1,0.1,18,0.4,"-5.3%",3,3,44
"1029",2022-10-25,2,20615,0,0,17,0.3,"-5.6%",2,3,41
"1030",2022-10-26,3,20618,0.1,0.1,19,0.4,"11.8%",3,3,41
"1031",2022-10-27,3,20621,0.1,0.1,20,0.4,"5.3%",3,3,42
"1032",2022-10-28,5,20626,0.1,0.1,24,0.5,"20%",3,3,43
"1033",2022-10-29,4,20630,0.1,0.1,25,0.5,"4.2%",4,3,43
"1034",2022-10-30,4,20634,0.1,0.1,24,0.5,"-4%",3,3,43
"1035",2022-10-31,2,20636,0,0.1,23,0.5,"-4.2%",3,3,41
"1036",2022-11-01,1,20637,0,0.1,22,0.4,"-4.3%",3,3,39
"1037",2022-11-02,2,20639,0,0.1,21,0.4,"-4.5%",3,3,40
"1038",2022-11-03,2,20641,0,0.1,20,0.4,"-4.8%",3,3,40
"1039",2022-11-04,4,20645,0.1,0.1,19,0.4,"-5%",3,3,43
"1040",2022-11-05,3,20648,0.1,0.1,18,0.4,"-5.3%",3,3,43
"1041",2022-11-06,4,20652,0.1,0.1,18,0.4,"0%",3,3,42
"1042",2022-11-07,2,20654,0,0.1,18,0.4,"0%",3,3,41
"1043",2022-11-08,2,20656,0,0.1,19,0.4,"5.6%",3,3,41
"1044",2022-11-09,3,20659,0.1,0.1,20,0.4,"5.3%",3,3,41
"1045",2022-11-10,1,20660,0,0.1,19,0.4,"-5%",3,3,39
"1046",2022-11-11,1,20661,0,0,16,0.3,"-15.8%",2,2,35
"1047",2022-11-12,2,20663,0,0,15,0.3,"-6.3%",2,2,33
"1048",2022-11-13,6,20669,0.1,0,17,0.3,"13.3%",2,2,35
"1049",2022-11-14,5,20674,0.1,0.1,20,0.4,"17.6%",3,3,38
"1050",2022-11-15,1,20675,0,0.1,19,0.4,"-5%",3,3,38
"1051",2022-11-16,1,20676,0,0,17,0.3,"-10.5%",2,3,37
"1052",2022-11-17,0,20676,0,0,16,0.3,"-5.9%",2,2,35
"1053",2022-11-18,9,20685,0.2,0.1,24,0.5,"50%",3,3,40
"1054",2022-11-19,3,20688,0.1,0.1,25,0.5,"4.2%",4,3,40
"1055",2022-11-20,3,20691,0.1,0.1,22,0.4,"-12%",3,3,39
"1056",2022-11-21,5,20696,0.1,0.1,22,0.4,"0%",3,3,42
"1057",2022-11-22,3,20699,0.1,0.1,24,0.5,"9.1%",3,3,43
"1058",2022-11-23,4,20703,0.1,0.1,27,0.6,"12.5%",4,3,44
"1059",2022-11-24,2,20705,0,0.1,29,0.6,"7.4%",4,3,45
"1060",2022-11-25,1,20706,0,0.1,21,0.4,"-27.6%",3,3,45
"1061",2022-11-26,5,20711,0.1,0.1,23,0.5,"9.5%",3,3,48
"1062",2022-11-27,4,20715,0.1,0.1,24,0.5,"4.3%",3,3,46
"1063",2022-11-28,5,20720,0.1,0.1,24,0.5,"0%",3,3,46
"1064",2022-11-29,4,20724,0.1,0.1,25,0.5,"4.2%",4,4,49
"1065",2022-11-30,3,20727,0.1,0.1,24,0.5,"-4%",3,4,51
"1066",2022-12-01,2,20729,0,0.1,24,0.5,"0%",3,4,53
"1067",2022-12-02,3,20732,0.1,0.1,26,0.5,"8.3%",4,3,47
"1068",2022-12-03,2,20734,0,0.1,23,0.5,"-11.5%",3,3,46
"1069",2022-12-04,2,20736,0,0.1,21,0.4,"-8.7%",3,3,45
"1070",2022-12-05,4,20740,0.1,0.1,20,0.4,"-4.8%",3,3,44
"1071",2022-12-06,5,20745,0.1,0.1,21,0.4,"5%",3,3,46
"1072",2022-12-07,8,20753,0.2,0.1,26,0.5,"23.8%",4,4,50
"1073",2022-12-08,5,20758,0.1,0.1,29,0.6,"11.5%",4,4,53
"1074",2022-12-09,7,20765,0.1,0.1,33,0.7,"13.8%",5,4,59
"1075",2022-12-10,5,20770,0.1,0.1,36,0.7,"9.1%",5,4,59
"1076",2022-12-11,8,20778,0.2,0.1,42,0.9,"16.7%",6,4,63
"1077",2022-12-12,5,20783,0.1,0.1,43,0.9,"2.4%",6,4,63
"1078",2022-12-13,9,20792,0.2,0.1,47,1,"9.3%",7,5,68
"1079",2022-12-14,4,20796,0.1,0.1,43,0.9,"-8.5%",6,5,69
"1080",2022-12-15,4,20800,0.1,0.1,42,0.9,"-2.3%",6,5,71
"1081",2022-12-16,7,20807,0.1,0.1,42,0.9,"0%",6,5,75
"1082",2022-12-17,6,20813,0.1,0.1,43,0.9,"2.4%",6,6,79
"1083",2022-12-18,6,20819,0.1,0.1,41,0.8,"-4.7%",6,6,83
"1084",2022-12-19,4,20823,0.1,0.1,40,0.8,"-2.4%",6,6,83
"1085",2022-12-20,3,20826,0.1,0.1,34,0.7,"-15%",5,6,81
"1086",2022-12-21,2,20828,0,0.1,32,0.7,"-5.9%",5,5,75
"1087",2022-12-22,4,20832,0.1,0.1,32,0.7,"0%",5,5,74
"1088",2022-12-23,4,20836,0.1,0.1,29,0.6,"-9.4%",4,5,71
"1089",2022-12-24,6,20842,0.1,0.1,29,0.6,"0%",4,5,72
"1090",2022-12-25,4,20846,0.1,0.1,27,0.6,"-6.9%",4,5,68
"1091",2022-12-26,13,20859,0.3,0.1,36,0.7,"33.3%",5,5,76
"1092",2022-12-27,5,20864,0.1,0.1,38,0.8,"5.6%",5,5,72
"1093",2022-12-28,7,20871,0.1,0.1,43,0.9,"13.2%",6,5,75
"1094",2022-12-29,4,20875,0.1,0.1,43,0.9,"0%",6,5,75
"1095",2022-12-30,7,20882,0.1,0.1,46,0.9,"7%",7,5,75
"1096",2022-12-31,2,20884,0,0.1,42,0.9,"-8.7%",6,5,71
"1097",2023-01-01,8,20892,0.2,0.1,46,0.9,"9.5%",7,5,73
"1098",2023-01-02,7,20899,0.1,0.1,40,0.8,"-13%",6,5,76
"1099",2023-01-03,5,20904,0.1,0.1,40,0.8,"0%",6,6,78
"1100",2023-01-04,3,20907,0.1,0.1,36,0.7,"-10%",5,6,79
"1101",2023-01-05,6,20913,0.1,0.1,38,0.8,"5.6%",5,6,81
"1102",2023-01-06,3,20916,0.1,0.1,34,0.7,"-10.5%",5,6,80
"1103",2023-01-07,9,20925,0.2,0.1,41,0.8,"20.6%",6,6,83
"1104",2023-01-08,3,20928,0.1,0.1,36,0.7,"-12.2%",5,6,82
"1105",2023-01-09,5,20933,0.1,0.1,34,0.7,"-5.6%",5,5,74
"1106",2023-01-10,5,20938,0.1,0.1,34,0.7,"0%",5,5,74
"1107",2023-01-11,6,20944,0.1,0.1,37,0.8,"8.8%",5,5,73
"1108",2023-01-12,8,20952,0.2,0.1,39,0.8,"5.4%",6,6,77
"1109",2023-01-13,1,20953,0,0.1,37,0.8,"-5.1%",5,5,71
"1110",2023-01-14,1,20954,0,0.1,29,0.6,"-21.6%",4,5,70
"1111",2023-01-15,1,20955,0,0.1,27,0.6,"-6.9%",4,4,63
"1112",2023-01-16,1,20956,0,0.1,23,0.5,"-14.8%",3,4,57
"1113",2023-01-17,4,20960,0.1,0.1,22,0.4,"-4.3%",3,4,56
"1114",2023-01-18,1,20961,0,0,17,0.3,"-22.7%",2,4,54
"1115",2023-01-19,2,20963,0,0,11,0.2,"-35.3%",2,4,50
"1116",2023-01-20,0,20963,0,0,10,0.2,"-9.1%",1,3,47
"1117",2023-01-21,1,20964,0,0,10,0.2,"0%",1,3,39
"1118",2023-01-22,1,20965,0,0,10,0.2,"0%",1,3,37
"1119",2023-01-23,3,20968,0.1,0,12,0.2,"20%",2,2,35
"1120",2023-01-24,0,20968,0,0,8,0.2,"-33.3%",1,2,30
"1121",2023-01-25,2,20970,0,0,9,0.2,"12.5%",1,2,26
"1122",2023-01-26,4,20974,0.1,0,11,0.2,"22.2%",2,2,22
"1123",2023-01-27,1,20975,0,0,12,0.2,"9.1%",2,2,22
"1124",2023-01-28,3,20978,0.1,0,14,0.3,"16.7%",2,2,24
"1125",2023-01-29,4,20982,0.1,0,17,0.3,"21.4%",2,2,27
"1126",2023-01-30,0,20982,0,0,14,0.3,"-17.6%",2,2,26
"1127",2023-01-31,2,20984,0,0,16,0.3,"14.3%",2,2,24
"1128",2023-02-01,1,20985,0,0,15,0.3,"-6.3%",2,2,24
"1129",2023-02-02,2,20987,0,0,13,0.3,"-13.3%",2,2,24
"1130",2023-02-03,0,20987,0,0,12,0.2,"-7.7%",2,2,24
"1131",2023-02-04,2,20989,0,0,11,0.2,"-8.3%",2,2,25
"1132",2023-02-05,2,20991,0,0,9,0.2,"-18.2%",1,2,26
"1133",2023-02-06,0,20991,0,0,9,0.2,"0%",1,2,23
"1134",2023-02-07,1,20992,0,0,8,0.2,"-11.1%",1,2,24
"1135",2023-02-08,1,20993,0,0,8,0.2,"0%",1,2,23
"1136",2023-02-09,1,20994,0,0,7,0.1,"-12.5%",1,1,20
"1137",2023-02-10,0,20994,0,0,7,0.1,"0%",1,1,19
"1138",2023-02-11,1,20995,0,0,6,0.1,"-14.3%",1,1,17
"1139",2023-02-12,0,20995,0,0,4,0.1,"-33.3%",1,1,13
"1140",2023-02-13,1,20996,0,0,5,0.1,"25%",1,1,14
"1141",2023-02-14,2,20998,0,0,6,0.1,"20%",1,1,14
"1142",2023-02-15,1,20999,0,0,6,0.1,"0%",1,1,14
"1143",2023-02-16,0,20999,0,0,5,0.1,"-16.7%",1,1,12
"1144",2023-02-17,0,20999,0,0,5,0.1,"0%",1,1,12
"1145",2023-02-18,0,20999,0,0,4,0.1,"-20%",1,1,10
"1146",2023-02-19,0,20999,0,0,4,0.1,"0%",1,1,8
"1147",2023-02-20,1,21000,0,0,4,0.1,"0%",1,1,9
"1148",2023-02-21,0,21000,0,0,2,0,"-50%",0,1,8
"1149",2023-02-22,0,21000,0,0,1,0,"-50%",0,0,7
"1150",2023-02-23,0,21000,0,0,1,0,"0%",0,0,6
"1151",2023-02-24,1,21001,0,0,2,0,"100%",0,0,7
"1152",2023-02-25,0,21001,0,0,2,0,"0%",0,0,6
"1153",2023-02-26,0,21001,0,0,2,0,"0%",0,0,6
"1154",2023-02-27,0,21001,0,0,1,0,"-50%",0,0,5
"1155",2023-02-28,0,21001,0,0,1,0,"0%",0,0,3
