"","Date","Hospitals reporting","Hospitalized daily","Hospitalized daily, no weekend","7-day average","14-day average","Average per hospital","7-day change","14-day change","21-day change"
"1",2020-03-25,102,91,91,NA,NA,1,NA,NA,NA
"2",2020-03-26,104,106,106,NA,NA,1,NA,NA,NA
"3",2020-03-27,104,112,112,NA,NA,1,NA,NA,NA
"4",2020-03-28,99,134,NA,NA,NA,1,NA,NA,NA
"5",2020-03-29,94,158,NA,NA,NA,2,NA,NA,NA
"6",2020-03-30,107,156,156,NA,NA,1,NA,NA,NA
"7",2020-03-31,105,172,172,133,NA,2,NA,NA,NA
"8",2020-04-01,103,258,258,157,NA,3,167,NA,NA
"9",2020-04-02,105,226,226,174,NA,2,120,NA,NA
"10",2020-04-03,101,238,238,192,NA,2,126,NA,NA
"11",2020-04-04,84,238,NA,207,NA,3,104,NA,NA
"12",2020-04-05,88,282,NA,224,NA,3,124,NA,NA
"13",2020-04-06,107,297,297,244,NA,3,141,NA,NA
"14",2020-04-07,107,302,302,263,198,3,130,NA,NA
"15",2020-04-08,103,308,308,270,213,3,50,217,NA
"16",2020-04-09,103,324,324,284,229,3,98,218,NA
"17",2020-04-10,100,350,350,300,246,4,112,238,NA
"18",2020-04-11,87,343,NA,315,261,4,105,209,NA
"19",2020-04-12,83,290,NA,316,270,3,8,132,NA
"20",2020-04-13,105,380,380,328,286,4,83,224,NA
"21",2020-04-14,108,380,380,339,301,4,78,208,NA
"22",2020-04-15,106,402,402,353,311,4,94,144,311
"23",2020-04-16,105,360,360,358,321,3,36,134,254
"24",2020-04-17,102,364,364,360,330,4,14,126,252
"25",2020-04-18,81,359,NA,362,339,4,16,121,225
"26",2020-04-19,84,360,NA,372,344,4,70,78,202
"27",2020-04-20,103,397,397,375,351,4,17,100,241
"28",2020-04-21,103,401,401,378,358,4,21,99,229
"29",2020-04-22,107,440,440,383,368,4,38,132,182
"30",2020-04-23,103,406,406,390,374,4,46,82,180
"31",2020-04-24,106,429,429,399,379,4,65,79,191
"32",2020-04-25,80,351,NA,398,380,4,-8,8,113
"33",2020-04-26,77,384,NA,401,387,5,24,94,102
"34",2020-04-27,102,426,426,405,390,4,29,46,129
"35",2020-04-28,109,530,530,424,401,5,129,150,228
"36",2020-04-29,105,498,498,432,408,5,58,96,190
"37",2020-04-30,97,495,NA,445,417,5,89,135,171
"38",2020-05-01,97,495,495,454,426,5,66,131,145
"39",2020-05-02,70,420,NA,464,431,6,69,61,77
"40",2020-05-03,66,427,NA,470,436,6,43,67,137
"41",2020-05-04,100,517,517,483,444,5,91,120,137
"42",2020-05-05,105,522,522,482,453,5,-8,121,142
"43",2020-05-06,102,485,485,480,456,5,-13,45,83
"44",2020-05-07,100,502,502,481,463,5,7,96,142
"45",2020-05-08,100,481,481,479,467,5,-14,52,117
"46",2020-05-09,77,437,NA,482,473,6,17,86,78
"47",2020-05-10,70,424,NA,481,476,6,-3,40,64
"48",2020-05-11,100,458,458,473,478,5,-59,32,61
"49",2020-05-12,107,529,529,474,478,5,7,-1,128
"50",2020-05-13,110,524,524,479,480,5,39,26,84
"51",2020-05-14,103,509,509,480,481,5,7,14,103
"52",2020-05-15,103,519,519,486,482,5,38,24,90
"53",2020-05-16,79,455,NA,488,485,6,18,35,104
"54",2020-05-17,69,460,NA,493,487,7,36,33,76
"55",2020-05-18,103,536,536,505,489,5,78,19,110
"56",2020-05-19,103,489,489,499,486,5,-40,-33,-41
"57",2020-05-20,102,560,560,504,492,5,36,75,62
"58",2020-05-21,106,574,574,513,497,5,65,72,79
"59",2020-05-22,96,598,598,525,505,6,79,117,103
"60",2020-05-23,65,446,NA,523,506,7,-9,9,26
"61",2020-05-24,68,440,NA,520,507,6,-20,16,13
"62",2020-05-25,69,450,450,508,506,7,-86,-8,-67
"63",2020-05-26,100,569,569,520,509,6,80,40,47
"64",2020-05-27,102,607,607,526,515,6,47,83,122
"65",2020-05-28,101,527,527,520,516,5,-47,18,25
"66",2020-05-29,99,590,590,518,522,6,-8,71,109
"67",2020-05-30,84,536,NA,531,527,6,90,81,99
"68",2020-05-31,77,527,NA,544,532,7,87,67,103
"69",2020-06-01,104,596,596,565,536,6,146,60,138
"70",2020-06-02,103,606,606,570,545,6,37,117,77
"71",2020-06-03,103,610,610,570,548,6,3,50,86
"72",2020-06-04,93,600,600,581,550,6,73,26,91
"73",2020-06-05,99,582,582,580,549,6,-8,-16,63
"74",2020-06-06,78,473,NA,571,551,6,-63,27,18
"75",2020-06-07,77,518,NA,569,556,7,-9,78,58
"76",2020-06-08,101,593,593,569,567,6,-3,143,57
"77",2020-06-09,99,628,628,572,571,6,22,59,139
"78",2020-06-10,105,646,646,577,574,6,36,39,86
"79",2020-06-11,104,647,647,584,582,6,47,120,73
"80",2020-06-12,98,624,624,590,585,6,42,34,26
"81",2020-06-13,87,563,NA,603,587,6,90,27,117
"82",2020-06-14,86,576,NA,611,590,7,58,49,136
"83",2020-06-15,104,641,641,618,593,6,48,45,191
"84",2020-06-16,104,683,683,626,599,7,55,77,114
"85",2020-06-17,104,688,688,632,604,7,42,78,81
"86",2020-06-18,103,668,668,635,609,6,21,68,141
"87",2020-06-19,101,650,650,638,614,6,26,68,60
"88",2020-06-20,90,638,NA,649,626,7,75,165,102
"89",2020-06-21,84,625,NA,656,634,7,49,107,98
"90",2020-06-22,105,663,663,659,639,6,22,70,67
"91",2020-06-23,101,681,681,659,642,7,-2,53,75
"92",2020-06-24,103,683,683,658,645,7,-5,37,73
"93",2020-06-25,105,694,694,662,648,7,26,47,94
"94",2020-06-26,103,668,668,665,652,6,18,44,86
"95",2020-06-27,90,655,NA,667,658,7,17,92,182
"96",2020-06-28,88,650,NA,671,663,7,25,74,132
"97",2020-06-29,103,726,726,680,669,7,63,85,133
"98",2020-06-30,103,775,775,693,676,8,94,92,147
"99",2020-07-01,104,809,809,711,685,8,126,121,163
"100",2020-07-02,101,843,843,732,697,8,149,175,196
"101",2020-07-03,97,838,838,757,711,9,170,188,214
"102",2020-07-04,89,818,NA,780,723,9,163,180,255
"103",2020-07-05,87,919,NA,818,744,11,269,294,343
"104",2020-07-06,105,1025,1025,861,770,10,299,362,384
"105",2020-07-07,103,1078,1078,904,799,10,303,397,395
"106",2020-07-08,106,1116,1116,948,830,11,307,433,428
"107",2020-07-09,102,1135,1135,990,861,11,292,441,467
"108",2020-07-10,104,1201,1201,1042,899,12,363,533,551
"109",2020-07-11,90,1093,NA,1081,930,12,275,438,455
"110",2020-07-12,90,1163,NA,1116,967,13,244,513,538
"111",2020-07-13,104,1335,1335,1160,1011,13,310,609,672
"112",2020-07-14,104,1362,1362,1201,1052,13,284,587,681
"113",2020-07-15,107,1332,1332,1232,1090,12,216,523,649
"114",2020-07-16,109,1395,1395,1269,1129,13,260,552,701
"115",2020-07-17,105,1433,1433,1302,1172,14,232,595,765
"116",2020-07-18,98,1463,NA,1355,1218,15,370,645,808
"117",2020-07-19,95,1524,NA,1406,1261,16,361,605,874
"118",2020-07-20,108,1571,1571,1440,1300,15,236,546,845
"119",2020-07-21,110,1468,NA,1455,1328,13,106,390,693
"120",2020-07-22,110,1468,1468,1475,1353,13,136,352,659
"121",2020-07-23,103,1561,1561,1498,1384,15,166,426,718
"122",2020-07-24,105,1536,1536,1513,1407,15,103,335,698
"123",2020-07-25,98,1499,NA,1518,1436,15,36,406,681
"124",2020-07-26,96,1512,NA,1516,1461,16,-12,349,593
"125",2020-07-27,104,1473,1473,1502,1471,14,-98,138,448
"126",2020-07-28,104,1598,1598,1521,1488,15,130,236,520
"127",2020-07-29,103,1605,1605,1541,1508,16,137,273,489
"128",2020-07-30,99,1512,1512,1534,1516,15,-49,117,377
"129",2020-07-31,103,1596,1596,1542,1528,15,60,163,395
"130",2020-08-01,95,1416,NA,1530,1524,15,-83,-47,323
"131",2020-08-02,95,1538,NA,1534,1525,16,26,14,375
"132",2020-08-03,101,1540,1540,1544,1523,15,67,-31,205
"133",2020-08-04,102,1572,1572,1540,1530,15,-26,104,210
"134",2020-08-05,104,1572,1572,1535,1538,15,-33,104,240
"135",2020-08-06,105,1613,1613,1550,1542,15,101,52,218
"136",2020-08-07,100,1403,1403,1522,1532,14,-193,-133,-30
"137",2020-08-08,93,1454,NA,1527,1529,16,38,-45,-9
"138",2020-08-09,96,1449,NA,1515,1524,15,-89,-63,-75
"139",2020-08-10,106,1551,1551,1516,1530,15,11,78,-20
"140",2020-08-11,106,1504,1504,1507,1523,14,-68,-94,36
"141",2020-08-12,106,1386,1386,1480,1508,13,-186,-219,-82
"142",2020-08-13,103,1341,1341,1441,1495,13,-272,-171,-220
"143",2020-08-14,99,1326,1326,1430,1476,13,-77,-270,-210
"144",2020-08-15,96,1259,NA,1402,1465,13,-195,-157,-240
"145",2020-08-16,94,1289,NA,1379,1447,14,-160,-249,-223
"146",2020-08-17,106,1301,1301,1344,1430,12,-250,-239,-172
"147",2020-08-18,105,1278,1278,1311,1409,12,-226,-294,-320
"148",2020-08-19,98,1201,1201,1285,1382,12,-185,-371,-404
"149",2020-08-20,99,1160,1160,1259,1350,12,-181,-453,-352
"150",2020-08-21,104,1168,1168,1237,1333,11,-158,-235,-428
"151",2020-08-22,93,1067,NA,1209,1306,11,-192,-387,-349
"152",2020-08-23,93,1068,NA,1178,1278,11,-221,-381,-470
"153",2020-08-24,103,1149,1149,1156,1250,11,-152,-402,-391
"154",2020-08-25,104,1122,1122,1134,1222,11,-156,-382,-450
"155",2020-08-26,104,1077,1077,1116,1200,10,-124,-309,-495
"156",2020-08-27,105,1052,1052,1100,1180,10,-108,-289,-561
"157",2020-08-28,103,1002,1002,1077,1157,10,-166,-324,-401
"158",2020-08-29,96,990,NA,1066,1137,10,-77,-269,-464
"159",2020-08-30,98,969,NA,1052,1115,10,-99,-320,-480
"160",2020-08-31,105,990,NA,1029,1092,9,-159,-311,-561
"161",2020-09-01,105,990,990,1010,1072,9,-132,-288,-514
"162",2020-09-02,106,962,962,994,1055,9,-115,-239,-424
"163",2020-09-03,104,906,906,973,1037,9,-146,-254,-435
"164",2020-09-04,106,863,863,953,1015,8,-139,-305,-463
"165",2020-09-05,93,829,NA,930,998,9,-161,-238,-430
"166",2020-09-06,99,842,NA,912,982,9,-127,-226,-447
"167",2020-09-07,100,845,845,891,960,8,-145,-304,-456
"168",2020-09-08,109,849,849,871,940,8,-141,-273,-429
"169",2020-09-09,108,857,857,856,925,8,-105,-220,-344
"170",2020-09-10,105,831,831,845,909,8,-75,-221,-329
"171",2020-09-11,108,814,814,838,896,8,-49,-188,-354
"172",2020-09-12,97,775,NA,830,880,8,-54,-215,-292
"173",2020-09-13,98,800,NA,824,868,8,-42,-169,-268
"174",2020-09-14,106,792,792,817,854,7,-53,-198,-357
"175",2020-09-15,106,736,736,801,836,7,-113,-254,-386
"176",2020-09-16,105,767,767,788,822,7,-90,-195,-310
"177",2020-09-17,106,741,741,775,810,7,-90,-165,-311
"178",2020-09-18,105,724,724,762,800,7,-90,-139,-278
"179",2020-09-19,95,741,NA,757,794,8,-34,-88,-249
"180",2020-09-20,98,780,NA,754,789,8,-20,-62,-189
"181",2020-09-21,105,802,802,756,786,8,10,-43,-188
"182",2020-09-22,105,805,805,766,783,8,69,-44,-185
"183",2020-09-23,105,768,768,766,777,7,1,-89,-194
"184",2020-09-24,107,752,752,767,771,7,11,-79,-154
"185",2020-09-25,100,703,703,764,763,7,-21,-111,-160
"186",2020-09-26,97,726,NA,762,760,7,-15,-49,-103
"187",2020-09-27,98,747,NA,758,756,8,-33,-53,-95
"188",2020-09-28,106,767,767,753,754,7,-35,-25,-78
"189",2020-09-29,106,774,774,748,757,7,-31,38,-75
"190",2020-09-30,105,761,761,747,756,7,-7,-6,-96
"191",2020-10-01,108,759,759,748,758,7,7,18,-72
"192",2020-10-02,104,735,735,753,759,7,32,11,-79
"193",2020-10-03,100,742,NA,755,759,7,16,1,-33
"194",2020-10-04,98,759,NA,757,757,8,12,-21,-41
"195",2020-10-05,103,791,791,760,756,8,24,-11,-1
"196",2020-10-06,106,779,779,761,754,7,5,-26,43
"197",2020-10-07,108,777,777,763,755,7,16,9,10
"198",2020-10-08,107,790,790,768,758,7,31,38,49
"199",2020-10-09,106,801,801,777,765,8,66,98,77
"200",2020-10-10,102,796,NA,785,770,8,54,70,55
"201",2020-10-11,101,812,NA,792,774,8,53,65,32
"202",2020-10-12,106,856,856,802,781,8,65,89,54
"203",2020-10-13,106,821,821,808,784,8,42,47,16
"204",2020-10-14,110,862,862,820,791,8,85,101,94
"205",2020-10-15,107,849,849,828,798,8,59,90,97
"206",2020-10-16,108,859,859,836,807,8,58,124,156
"207",2020-10-17,101,805,NA,838,811,8,9,63,79
"208",2020-10-18,104,835,NA,841,817,8,23,76,88
"209",2020-10-19,108,859,859,841,822,8,3,68,92
"210",2020-10-20,105,843,843,845,826,8,22,64,69
"211",2020-10-21,109,837,837,841,830,8,-25,60,76
"212",2020-10-22,110,869,869,844,836,8,20,79,110
"213",2020-10-23,106,888,888,848,842,8,29,87,153
"214",2020-10-24,100,919,NA,864,851,9,114,123,177
"215",2020-10-25,99,935,NA,879,860,9,100,123,176
"216",2020-10-26,106,967,967,894,868,9,108,111,176
"217",2020-10-27,106,1001,1001,917,881,9,158,180,222
"218",2020-10-28,109,1013,1013,942,891,9,176,151,236
"219",2020-10-29,105,976,976,957,900,9,107,127,186
"220",2020-10-30,105,979,979,970,909,9,91,120,178
"221",2020-10-31,97,973,NA,978,921,10,54,168,177
"222",2020-11-01,97,973,NA,983,931,10,38,138,161
"223",2020-11-02,105,1047,1047,995,944,10,80,188,191
"224",2020-11-03,107,1022,1022,998,957,10,21,179,201
"225",2020-11-04,108,1015,1015,998,970,9,2,178,153
"226",2020-11-05,103,989,989,1000,978,10,13,120,140
"227",2020-11-06,102,1022,1022,1006,988,10,43,134,163
"228",2020-11-07,96,985,NA,1008,993,10,12,66,180
"229",2020-11-08,98,1082,NA,1023,1003,11,109,147,247
"230",2020-11-09,109,1174,1174,1041,1018,11,127,207,315
"231",2020-11-10,106,1195,1195,1066,1032,11,173,194,352
"232",2020-11-11,110,1209,1209,1094,1046,11,194,196,372
"233",2020-11-12,105,1231,1231,1128,1064,12,242,255,362
"234",2020-11-13,101,1188,1188,1152,1079,12,166,209,300
"235",2020-11-14,98,1124,NA,1172,1090,11,139,151,205
"236",2020-11-15,99,1195,NA,1188,1106,12,113,222,260
"237",2020-11-16,104,1228,1228,1196,1118,12,54,181,261
"238",2020-11-17,106,1287,1287,1209,1137,12,92,265,286
"239",2020-11-18,110,1282,1282,1219,1156,12,73,267,269
"240",2020-11-19,106,1309,1309,1230,1179,12,78,320,333
"241",2020-11-20,105,1325,1325,1250,1201,13,137,303,346
"242",2020-11-21,98,1300,NA,1275,1224,13,176,315,327
"243",2020-11-22,98,1331,NA,1295,1241,14,136,249,358
"244",2020-11-23,105,1422,1422,1322,1259,14,194,248,375
"245",2020-11-24,105,1422,1422,1342,1275,14,135,227,400
"246",2020-11-25,106,1484,1484,1370,1295,14,202,275,469
"247",2020-11-26,97,1450,1450,1391,1310,15,141,219,461
"248",2020-11-27,101,1529,1529,1420,1335,15,204,341,507
"249",2020-11-28,100,1571,NA,1458,1367,16,271,447,586
"250",2020-11-29,98,1603,NA,1497,1396,16,272,408,521
"251",2020-11-30,106,1731,1731,1541,1432,16,309,503,557
"252",2020-12-01,107,1779,1779,1592,1467,17,357,492,584
"253",2020-12-02,108,1794,1794,1637,1504,17,310,512,585
"254",2020-12-03,107,1825,1825,1690,1540,17,375,516,594
"255",2020-12-04,105,1875,1875,1740,1580,18,346,550,687
"256",2020-12-05,99,1790,NA,1771,1615,18,219,490,666
"257",2020-12-06,98,1916,NA,1816,1656,20,313,585,721
"258",2020-12-07,106,2021,2021,1857,1699,19,290,599,793
"259",2020-12-08,109,2098,2098,1903,1748,19,319,676,811
"260",2020-12-09,109,2152,2152,1954,1795,20,358,668,870
"261",2020-12-10,105,2165,2165,2002,1846,21,340,715,856
"262",2020-12-11,103,2167,2167,2044,1892,21,292,638,842
"263",2020-12-12,97,2124,NA,2092,1931,22,334,553,824
"264",2020-12-13,99,2248,NA,2139,1978,23,332,645,917
"265",2020-12-14,107,2351,2351,2186,2022,22,330,620,929
"266",2020-12-15,107,2342,2342,2221,2062,22,244,563,920
"267",2020-12-16,112,2390,2390,2255,2105,21,238,596,906
"268",2020-12-17,105,2425,2425,2292,2147,23,260,600,975
"269",2020-12-18,103,2360,2360,2320,2182,23,193,485,831
"270",2020-12-19,97,2329,NA,2349,2221,24,205,539,758
"271",2020-12-20,97,2379,NA,2368,2254,25,131,463,776
"272",2020-12-21,106,2527,2527,2393,2290,24,176,506,796
"273",2020-12-22,106,2538,2538,2421,2321,24,196,440,759
"274",2020-12-23,108,2543,2543,2443,2349,24,153,391,749
"275",2020-12-24,99,2458,2458,2448,2370,25,33,293,633
"276",2020-12-25,97,2403,2403,2454,2387,25,43,236,528
"277",2020-12-26,96,2516,NA,2481,2415,26,187,392,726
"278",2020-12-27,95,2631,NA,2517,2442,28,252,383,715
"279",2020-12-28,107,2797,2797,2555,2474,26,270,446,776
"280",2020-12-29,106,2815,2815,2595,2508,27,277,473,717
"281",2020-12-30,112,2829,2829,2636,2539,25,286,439,677
"282",2020-12-31,101,2663,NA,2665,2556,26,205,238,498
"283",2021-01-01,101,2663,2663,2702,2578,26,260,303,496
"284",2021-01-02,95,2774,NA,2739,2610,29,258,445,650
"285",2021-01-03,99,2894,NA,2776,2646,29,263,515,646
"286",2021-01-04,107,3077,3077,2816,2686,29,280,550,726
"287",2021-01-05,105,3081,3081,2854,2725,29,266,543,739
"288",2021-01-06,110,3034,3034,2884,2760,28,205,491,644
"289",2021-01-07,102,2908,2908,2919,2792,29,245,450,483
"290",2021-01-08,104,3014,3014,2969,2835,29,351,611,654
"291",2021-01-09,99,2989,NA,3000,2869,30,215,473,660
"292",2021-01-10,98,2972,NA,3011,2894,30,78,341,593
"293",2021-01-11,107,3084,3084,3012,2914,29,7,287,557
"294",2021-01-12,104,3070,3070,3010,2932,30,-11,255,532
"295",2021-01-13,112,2975,2975,3002,2943,27,-59,146,432
"296",2021-01-14,106,2844,2844,2993,2956,27,-64,181,386
"297",2021-01-15,106,2861,2861,2971,2970,27,-153,198,458
"298",2021-01-16,99,2773,NA,2940,2970,28,-216,-1,257
"299",2021-01-17,98,2654,NA,2894,2953,27,-318,-240,23
"300",2021-01-18,107,2794,2794,2853,2932,26,-290,-283,-3
"301",2021-01-19,108,2734,2734,2805,2908,25,-336,-347,-81
"302",2021-01-20,109,2586,2586,2749,2876,24,-389,-448,-243
"303",2021-01-21,105,2370,2370,2682,2837,23,-474,-538,-293
"304",2021-01-22,106,2404,2404,2616,2794,23,-457,-610,-259
"305",2021-01-23,99,2258,NA,2543,2741,23,-515,-731,-516
"306",2021-01-24,98,2251,NA,2485,2690,23,-403,-721,-643
"307",2021-01-25,105,2277,2277,2411,2632,22,-517,-807,-800
"308",2021-01-26,105,2223,2223,2338,2572,21,-511,-847,-858
"309",2021-01-27,112,2128,2128,2273,2511,19,-458,-847,-906
"310",2021-01-28,106,2049,2049,2227,2454,19,-321,-795,-859
"311",2021-01-29,105,1975,1975,2166,2391,19,-429,-886,-1039
"312",2021-01-30,99,1879,NA,2112,2327,19,-379,-894,-1110
"313",2021-01-31,100,1882,NA,2059,2272,19,-369,-772,-1090
"314",2021-02-01,108,1889,1889,2004,2208,17,-388,-905,-1195
"315",2021-02-02,107,1865,1865,1952,2145,17,-358,-869,-1205
"316",2021-02-03,111,1779,1779,1903,2088,16,-349,-807,-1196
"317",2021-02-04,104,1668,1668,1848,2038,16,-381,-702,-1176
"318",2021-02-05,105,1664,1664,1804,1985,16,-311,-740,-1197
"319",2021-02-06,98,1513,NA,1751,1932,15,-366,-745,-1260
"320",2021-02-07,100,1513,NA,1699,1879,15,-369,-738,-1141
"321",2021-02-08,106,1528,1528,1647,1825,14,-361,-749,-1266
"322",2021-02-09,106,1443,1443,1587,1770,14,-422,-780,-1291
"323",2021-02-10,108,1422,1422,1536,1719,13,-357,-706,-1164
"324",2021-02-11,106,1347,1347,1490,1669,13,-321,-702,-1023
"325",2021-02-12,103,1258,1258,1432,1618,12,-406,-717,-1146
"326",2021-02-13,95,1089,NA,1371,1561,11,-424,-790,-1169
"327",2021-02-14,101,1136,NA,1318,1508,11,-377,-746,-1115
"328",2021-02-15,106,1136,1136,1262,1454,11,-392,-753,-1141
"329",2021-02-16,105,1103,1103,1213,1400,11,-340,-762,-1120
"330",2021-02-17,110,1080,1080,1164,1350,10,-342,-699,-1048
"331",2021-02-18,104,989,989,1113,1302,10,-358,-679,-1060
"332",2021-02-19,102,949,949,1069,1250,9,-309,-715,-1026
"333",2021-02-20,99,895,NA,1041,1206,9,-194,-618,-984
"334",2021-02-21,96,867,NA,1003,1160,9,-269,-646,-1015
"335",2021-02-22,104,862,862,964,1113,8,-274,-666,-1027
"336",2021-02-23,104,838,838,926,1069,8,-265,-605,-1027
"337",2021-02-24,109,776,776,882,1023,7,-304,-646,-1003
"338",2021-02-25,105,734,734,846,979,7,-255,-613,-934
"339",2021-02-26,103,688,688,809,939,7,-261,-570,-976
"340",2021-02-27,100,665,NA,776,908,7,-230,-424,-848
"341",2021-02-28,104,662,NA,746,875,6,-205,-474,-851
"342",2021-03-01,104,662,662,718,841,6,-200,-474,-866
"343",2021-03-02,106,629,629,688,807,6,-209,-474,-814
"344",2021-03-03,110,576,576,659,771,5,-200,-504,-846
"345",2021-03-04,104,547,547,633,739,5,-187,-442,-800
"346",2021-03-05,101,499,499,606,707,5,-189,-450,-759
"347",2021-03-06,97,485,NA,580,678,5,-180,-410,-604
"348",2021-03-07,101,494,NA,556,651,5,-168,-373,-642
"349",2021-03-08,103,516,516,535,626,5,-146,-346,-620
"350",2021-03-09,106,493,493,516,602,5,-136,-345,-610
"351",2021-03-10,109,475,475,501,580,4,-101,-301,-605
"352",2021-03-11,105,448,448,487,560,4,-99,-286,-541
"353",2021-03-12,100,439,439,479,542,4,-60,-249,-510
"354",2021-03-13,101,424,NA,470,525,4,-61,-241,-471
"355",2021-03-14,97,408,NA,458,507,4,-86,-254,-459
"356",2021-03-15,106,403,403,441,488,4,-113,-259,-459
"357",2021-03-16,104,427,427,432,474,4,-66,-202,-411
"358",2021-03-17,109,422,422,424,463,4,-53,-154,-354
"359",2021-03-18,105,391,391,416,452,4,-57,-156,-343
"360",2021-03-19,104,383,383,408,443,4,-56,-116,-305
"361",2021-03-20,99,367,NA,400,435,4,-57,-118,-298
"362",2021-03-21,100,373,NA,395,426,4,-35,-121,-289
"363",2021-03-22,104,377,377,391,416,4,-26,-139,-285
"364",2021-03-23,106,400,400,388,410,4,-27,-93,-229
"365",2021-03-24,111,397,397,384,404,4,-25,-78,-179
"366",2021-03-25,102,385,385,383,400,4,-6,-63,-162
"367",2021-03-26,104,359,359,380,394,3,-24,-80,-140
"368",2021-03-27,98,329,NA,374,387,3,-38,-95,-156
"369",2021-03-28,97,346,NA,370,383,4,-27,-62,-148
"370",2021-03-29,104,351,351,367,379,3,-26,-52,-165
"371",2021-03-30,104,360,360,361,374,3,-40,-67,-133
"372",2021-03-31,107,363,363,356,370,3,-34,-59,-112
"373",2021-04-01,104,334,334,349,366,3,-51,-57,-114
"374",2021-04-02,102,321,321,343,362,3,-38,-62,-118
"375",2021-04-03,98,312,NA,341,358,3,-17,-55,-112
"376",2021-04-04,96,315,NA,337,354,3,-31,-58,-93
"377",2021-04-05,104,315,315,331,349,3,-36,-62,-88
"378",2021-04-06,105,314,314,325,343,3,-46,-86,-113
"379",2021-04-07,110,310,310,317,337,3,-53,-87,-112
"380",2021-04-08,103,317,317,315,332,3,-17,-68,-74
"381",2021-04-09,101,301,301,312,328,3,-20,-58,-82
"382",2021-04-10,98,312,NA,312,326,3,0,-17,-55
"383",2021-04-11,100,321,NA,313,325,3,6,-25,-52
"384",2021-04-12,105,323,323,314,323,3,8,-28,-54
"385",2021-04-13,104,336,336,317,321,3,22,-24,-64
"386",2021-04-14,110,328,328,320,318,3,18,-35,-69
"387",2021-04-15,105,333,333,322,318,3,16,-1,-52
"388",2021-04-16,99,315,315,324,318,3,14,-6,-44
"389",2021-04-17,96,329,NA,326,319,3,17,17,0
"390",2021-04-18,96,351,NA,331,322,4,30,36,5
"391",2021-04-19,104,362,362,336,325,3,39,47,11
"392",2021-04-20,105,372,372,341,329,4,36,58,12
"393",2021-04-21,110,366,366,347,333,3,38,56,3
"394",2021-04-22,105,370,370,352,337,4,37,53,36
"395",2021-04-23,100,314,314,352,338,3,-1,13,-7
"396",2021-04-24,98,309,NA,349,338,3,-20,-3,-3
"397",2021-04-25,96,313,NA,344,337,3,-38,-8,-2
"398",2021-04-26,105,330,330,339,338,3,-32,7,15
"399",2021-04-27,103,335,335,334,338,3,-37,-1,21
"400",2021-04-28,109,313,313,326,337,3,-53,-15,3
"401",2021-04-29,104,315,315,318,335,3,-55,-18,-2
"402",2021-04-30,99,311,311,318,335,3,-3,-4,10
"403",2021-05-01,98,329,NA,321,335,3,20,0,17
"404",2021-05-02,99,320,NA,322,333,3,7,-31,-1
"405",2021-05-03,103,356,356,326,332,3,26,-6,33
"406",2021-05-04,104,360,360,329,332,3,25,-12,24
"407",2021-05-05,111,355,355,335,331,3,42,-11,27
"408",2021-05-06,104,365,365,342,330,4,50,-5,32
"409",2021-05-07,103,373,373,351,335,4,62,59,58
"410",2021-05-08,98,357,NA,355,338,4,28,48,28
"411",2021-05-09,97,362,NA,361,342,4,42,49,11
"412",2021-05-10,105,363,363,362,344,3,7,33,1
"413",2021-05-11,104,362,362,362,346,3,2,27,-10
"414",2021-05-12,111,367,367,364,350,3,12,54,1
"415",2021-05-13,104,355,355,363,352,3,-10,40,-15
"416",2021-05-14,102,343,343,358,355,3,-30,32,29
"417",2021-05-15,96,328,NA,354,355,3,-29,-1,19
"418",2021-05-16,97,327,NA,349,355,3,-35,7,14
"419",2021-05-17,105,324,324,344,353,3,-39,-32,-6
"420",2021-05-18,104,315,315,337,350,3,-47,-45,-20
"421",2021-05-19,111,314,314,329,347,3,-53,-41,1
"422",2021-05-20,102,311,311,323,343,3,-44,-54,-4
"423",2021-05-21,102,296,296,316,337,3,-47,-77,-15
"424",2021-05-22,96,276,NA,309,332,3,-52,-81,-53
"425",2021-05-23,98,284,NA,303,326,3,-43,-78,-36
"426",2021-05-24,104,287,287,298,321,3,-37,-76,-69
"427",2021-05-25,104,269,269,291,314,3,-46,-93,-91
"428",2021-05-26,109,277,277,286,308,3,-37,-90,-78
"429",2021-05-27,103,278,278,281,302,3,-33,-77,-87
"430",2021-05-28,102,261,261,276,296,3,-35,-82,-112
"431",2021-05-29,98,268,NA,275,292,3,-8,-60,-89
"432",2021-05-30,95,258,NA,271,287,3,-26,-69,-104
"433",2021-05-31,98,273,273,269,283,3,-14,-51,-90
"434",2021-06-01,105,272,272,270,280,3,3,-43,-90
"435",2021-06-02,109,265,265,268,277,2,-12,-49,-102
"436",2021-06-03,102,250,250,264,272,2,-28,-61,-105
"437",2021-06-04,98,236,236,260,268,2,-25,-60,-107
"438",2021-06-05,97,217,NA,253,264,2,-51,-59,-111
"439",2021-06-06,99,219,NA,247,259,2,-39,-65,-108
"440",2021-06-07,105,227,227,241,255,2,-46,-60,-97
"441",2021-06-08,106,227,227,234,252,2,-45,-42,-88
"442",2021-06-09,108,213,213,227,247,2,-52,-64,-101
"443",2021-06-10,103,207,207,221,242,2,-43,-71,-104
"444",2021-06-11,102,201,201,216,238,2,-35,-60,-95
"445",2021-06-12,98,190,NA,212,232,2,-27,-78,-86
"446",2021-06-13,97,196,NA,209,228,2,-23,-62,-88
"447",2021-06-14,101,195,195,204,222,2,-32,-78,-92
"448",2021-06-15,104,199,199,200,217,2,-28,-73,-70
"449",2021-06-16,103,185,185,196,212,2,-28,-80,-92
"450",2021-06-17,103,196,196,195,208,2,-11,-54,-82
"451",2021-06-18,100,167,167,190,203,2,-34,-69,-94
"452",2021-06-19,94,169,NA,187,199,2,-21,-48,-99
"453",2021-06-20,98,166,NA,182,196,2,-30,-53,-92
"454",2021-06-21,103,173,173,179,192,2,-22,-54,-100
"455",2021-06-22,105,188,188,178,189,2,-11,-39,-84
"456",2021-06-23,110,196,196,179,188,2,11,-17,-69
"457",2021-06-24,104,187,187,178,186,2,-9,-20,-63
"458",2021-06-25,103,178,178,180,185,2,11,-23,-58
"459",2021-06-26,94,177,NA,181,184,2,8,-13,-40
"460",2021-06-27,95,182,NA,183,183,2,16,-14,-37
"461",2021-06-28,106,187,187,185,182,2,14,-8,-40
"462",2021-06-29,105,189,189,185,181,2,1,-10,-38
"463",2021-06-30,108,200,200,186,182,2,4,15,-13
"464",2021-07-01,104,204,204,188,183,2,17,8,-3
"465",2021-07-02,104,197,197,191,185,2,19,30,-4
"466",2021-07-03,93,179,NA,191,186,2,2,10,-11
"467",2021-07-04,96,213,NA,196,189,2,31,47,17
"468",2021-07-05,99,217,217,200,192,2,30,44,22
"469",2021-07-06,102,235,235,206,196,2,46,47,36
"470",2021-07-07,111,256,256,214,200,2,56,60,71
"471",2021-07-08,100,249,249,221,204,2,45,62,53
"472",2021-07-09,103,247,247,228,209,2,50,69,80
"473",2021-07-10,99,267,NA,241,216,3,88,90,98
"474",2021-07-11,96,263,NA,248,222,3,50,81,97
"475",2021-07-12,102,277,277,256,228,3,60,90,104
"476",2021-07-13,104,321,321,269,238,3,86,132,133
"477",2021-07-14,109,341,341,281,248,3,85,141,145
"478",2021-07-15,103,371,371,298,260,4,122,167,184
"479",2021-07-16,103,391,391,319,273,4,144,194,213
"480",2021-07-17,99,429,NA,342,291,4,162,250,252
"481",2021-07-18,98,452,NA,369,308,5,189,239,270
"482",2021-07-19,104,500,500,401,328,5,223,283,313
"483",2021-07-20,105,554,554,434,351,5,233,319,365
"484",2021-07-21,110,602,602,471,376,5,261,346,402
"485",2021-07-22,105,648,648,511,404,6,277,399,444
"486",2021-07-23,105,733,733,560,439,7,342,486,536
"487",2021-07-24,99,787,NA,611,476,8,358,520,608
"488",2021-07-25,98,870,NA,671,520,9,418,607,657
"489",2021-07-26,105,957,957,736,568,9,457,680,740
"490",2021-07-27,106,1099,1099,814,624,10,545,778,864
"491",2021-07-28,111,1181,1181,896,684,11,579,840,925
"492",2021-07-29,101,1251,1251,983,747,12,603,880,1002
"493",2021-07-30,105,1345,1345,1070,815,13,612,954,1098
"494",2021-07-31,100,1371,NA,1153,882,14,584,942,1104
"495",2021-08-01,100,1451,NA,1236,954,15,581,999,1188
"496",2021-08-02,104,1584,1584,1326,1031,15,627,1084,1307
"497",2021-08-03,107,1694,1694,1411,1112,16,595,1140,1373
"498",2021-08-04,107,1736,1736,1490,1193,16,555,1134,1395
"499",2021-08-05,106,1848,1848,1576,1279,17,597,1200,1477
"500",2021-08-06,104,1923,1923,1658,1364,18,578,1190,1532
"501",2021-08-07,99,1968,NA,1743,1448,20,597,1181,1539
"502",2021-08-08,98,1964,NA,1817,1527,20,513,1094,1512
"503",2021-08-09,106,2134,2134,1895,1611,20,550,1177,1634
"504",2021-08-10,107,2256,2256,1976,1693,21,562,1157,1702
"505",2021-08-11,111,2371,2371,2066,1778,21,635,1190,1769
"506",2021-08-12,108,2441,2441,2151,1863,23,593,1190,1793
"507",2021-08-13,105,2430,2430,2223,1941,23,507,1085,1697
"508",2021-08-14,97,2402,NA,2285,2014,25,434,1031,1615
"509",2021-08-15,100,2570,NA,2372,2094,26,606,1119,1700
"510",2021-08-16,105,2631,2631,2443,2169,25,497,1047,1674
"511",2021-08-17,105,2723,2723,2510,2243,26,467,1029,1624
"512",2021-08-18,111,2731,2731,2561,2314,25,360,995,1550
"513",2021-08-19,106,2764,2764,2607,2379,26,323,916,1513
"514",2021-08-20,105,2702,2702,2646,2435,26,272,779,1357
"515",2021-08-21,100,2693,NA,2688,2487,27,291,725,1322
"516",2021-08-22,99,2711,NA,2708,2540,27,141,747,1260
"517",2021-08-23,106,2762,2762,2727,2585,26,131,628,1178
"518",2021-08-24,106,2786,2786,2736,2623,26,63,530,1092
"519",2021-08-25,111,2822,2822,2749,2655,25,91,451,1086
"520",2021-08-26,107,2956,2956,2776,2692,28,192,515,1108
"521",2021-08-27,98,2858,2858,2798,2722,29,156,428,935
"522",2021-08-28,103,2743,NA,2805,2747,27,50,341,775
"523",2021-08-29,103,2783,NA,2816,2762,27,72,213,819
"524",2021-08-30,104,2902,2902,2836,2781,28,140,271,768
"525",2021-08-31,106,2855,2855,2846,2791,27,69,132,599
"526",2021-09-01,112,2890,2890,2855,2802,26,68,159,519
"527",2021-09-02,107,2846,2846,2840,2808,27,-110,82,405
"528",2021-09-03,96,2684,2684,2815,2806,28,-174,-18,254
"529",2021-09-04,101,2700,NA,2809,2807,27,-43,7,298
"530",2021-09-05,101,2636,NA,2788,2802,26,-147,-75,66
"531",2021-09-06,106,2785,2785,2771,2803,26,-117,23,154
"532",2021-09-07,105,2753,2753,2756,2801,26,-102,-33,30
"533",2021-09-08,111,2736,2736,2734,2795,25,-154,-86,5
"534",2021-09-09,105,2659,2659,2708,2774,25,-187,-297,-105
"535",2021-09-10,99,2551,2551,2689,2752,26,-133,-307,-151
"536",2021-09-11,104,2481,NA,2657,2733,24,-219,-262,-212
"537",2021-09-12,104,2493,NA,2637,2712,24,-143,-290,-218
"538",2021-09-13,107,2475,2475,2593,2682,23,-310,-427,-287
"539",2021-09-14,105,2391,2391,2541,2649,23,-362,-464,-395
"540",2021-09-15,111,2328,2328,2483,2608,21,-408,-562,-494
"541",2021-09-16,104,2230,2230,2421,2564,21,-429,-616,-726
"542",2021-09-17,101,2159,2159,2365,2527,21,-392,-525,-699
"543",2021-09-18,104,2048,NA,2303,2480,20,-433,-652,-695
"544",2021-09-19,105,1991,NA,2232,2434,19,-502,-645,-792
"545",2021-09-20,105,1950,1950,2157,2375,19,-525,-835,-952
"546",2021-09-21,104,1857,1857,2080,2311,18,-534,-896,-998
"547",2021-09-22,112,1766,1766,2000,2241,16,-562,-970,-1124
"548",2021-09-23,106,1719,1719,1927,2174,16,-511,-940,-1127
"549",2021-09-24,97,1640,1640,1853,2109,17,-519,-911,-1044
"550",2021-09-25,104,1560,NA,1783,2043,15,-488,-921,-1140
"551",2021-09-26,104,1560,NA,1722,1977,15,-431,-933,-1076
"552",2021-09-27,105,1536,1536,1663,1910,15,-414,-939,-1249
"553",2021-09-28,107,1471,1471,1607,1844,14,-386,-920,-1282
"554",2021-09-29,111,1381,1381,1552,1776,12,-385,-947,-1355
"555",2021-09-30,103,1320,1320,1495,1711,13,-399,-910,-1339
"556",2021-10-01,100,1226,1226,1436,1645,12,-414,-933,-1325
"557",2021-10-02,102,1147,NA,1377,1580,11,-413,-901,-1334
"558",2021-10-03,104,1161,NA,1320,1521,11,-399,-830,-1332
"559",2021-10-04,105,1152,1152,1265,1464,11,-384,-798,-1323
"560",2021-10-05,106,1147,1147,1219,1413,11,-324,-710,-1244
"561",2021-10-06,109,1087,1087,1177,1365,10,-294,-679,-1241
"562",2021-10-07,106,1041,1041,1137,1316,10,-279,-678,-1189
"563",2021-10-08,96,957,957,1099,1268,10,-269,-683,-1202
"564",2021-10-09,101,879,NA,1061,1219,9,-268,-681,-1169
"565",2021-10-10,105,942,NA,1029,1175,9,-219,-618,-1049
"566",2021-10-11,104,933,933,998,1132,9,-219,-603,-1017
"567",2021-10-12,104,875,875,959,1089,8,-272,-596,-982
"568",2021-10-13,110,814,814,920,1049,7,-273,-567,-952
"569",2021-10-14,103,771,771,882,1009,7,-270,-549,-948
"570",2021-10-15,98,717,717,847,973,7,-240,-509,-923
"571",2021-10-16,103,717,NA,824,942,7,-162,-430,-843
"572",2021-10-17,105,697,NA,789,909,7,-245,-464,-863
"573",2021-10-18,103,687,687,754,876,7,-246,-465,-849
"574",2021-10-19,105,659,659,723,841,6,-216,-488,-812
"575",2021-10-20,108,626,626,696,808,6,-188,-461,-755
"576",2021-10-21,102,571,571,668,775,6,-200,-470,-749
"577",2021-10-22,95,524,524,640,744,6,-193,-433,-702
"578",2021-10-23,103,501,NA,609,717,5,-216,-378,-646
"579",2021-10-24,105,510,NA,583,686,5,-187,-432,-651
"580",2021-10-25,104,503,503,556,655,5,-184,-430,-649
"581",2021-10-26,105,486,486,532,627,5,-173,-389,-661
"582",2021-10-27,109,477,477,510,603,4,-149,-337,-610
"583",2021-10-28,103,465,465,495,581,5,-106,-306,-576
"584",2021-10-29,100,427,427,481,561,4,-97,-290,-530
"585",2021-10-30,101,419,NA,470,539,4,-82,-298,-460
"586",2021-10-31,103,427,NA,458,520,4,-83,-270,-515
"587",2021-11-01,102,431,431,447,502,4,-72,-256,-502
"588",2021-11-02,105,413,413,437,484,4,-73,-246,-462
"589",2021-11-03,107,391,391,425,468,4,-86,-235,-423
"590",2021-11-04,102,376,376,412,454,4,-89,-195,-395
"591",2021-11-05,98,361,361,403,442,4,-66,-163,-356
"592",2021-11-06,104,341,NA,391,430,3,-78,-160,-376
"593",2021-11-07,100,319,NA,376,417,3,-108,-191,-378
"594",2021-11-08,101,331,331,362,405,3,-100,-172,-356
"595",2021-11-09,103,329,329,350,393,3,-84,-157,-330
"596",2021-11-10,108,295,295,336,380,3,-96,-182,-331
"597",2021-11-11,103,295,295,324,368,3,-81,-170,-276
"598",2021-11-12,98,284,284,313,358,3,-77,-143,-240
"599",2021-11-13,101,281,NA,305,348,3,-60,-138,-220
"600",2021-11-14,102,276,NA,299,337,3,-43,-151,-234
"601",2021-11-15,103,298,298,294,328,3,-33,-133,-205
"602",2021-11-16,101,297,297,289,320,3,-32,-116,-189
"603",2021-11-17,105,282,282,288,312,3,-13,-109,-195
"604",2021-11-18,103,309,309,290,307,3,14,-67,-156
"605",2021-11-19,93,290,290,290,302,3,6,-71,-137
"606",2021-11-20,98,251,NA,286,296,3,-30,-90,-168
"607",2021-11-21,105,297,NA,289,294,3,21,-22,-130
"608",2021-11-22,101,296,296,289,291,3,-2,-35,-135
"609",2021-11-23,102,303,303,290,290,3,6,-26,-110
"610",2021-11-24,99,297,297,292,290,3,15,2,-94
"611",2021-11-25,101,271,271,286,288,3,-38,-24,-105
"612",2021-11-26,99,279,279,285,288,3,-11,-5,-82
"613",2021-11-27,102,286,NA,290,288,3,35,5,-55
"614",2021-11-28,101,284,NA,288,289,3,-13,8,-35
"615",2021-11-29,103,308,308,290,289,3,12,10,-23
"616",2021-11-30,102,316,316,292,291,3,13,19,-13
"617",2021-12-01,109,329,329,296,294,3,32,47,34
"618",2021-12-02,100,329,329,304,295,3,58,20,34
"619",2021-12-03,96,327,327,311,298,3,48,37,43
"620",2021-12-04,101,300,NA,313,302,3,14,49,19
"621",2021-12-05,101,316,NA,318,303,3,32,19,40
"622",2021-12-06,104,342,342,323,306,3,34,46,44
"623",2021-12-07,103,343,343,327,309,3,27,40,46
"624",2021-12-08,110,335,335,327,312,3,6,38,53
"625",2021-12-09,103,335,335,328,316,3,6,64,26
"626",2021-12-10,93,264,264,319,315,3,-63,-15,-26
"627",2021-12-11,104,350,NA,326,320,3,50,64,99
"628",2021-12-12,100,346,NA,331,324,3,30,62,49
"629",2021-12-13,98,331,331,329,326,3,-11,23,35
"630",2021-12-14,105,368,368,333,330,4,25,52,65
"631",2021-12-15,108,379,379,339,333,4,44,50,82
"632",2021-12-16,100,370,370,344,336,4,35,41,99
"633",2021-12-17,92,371,371,359,339,4,107,44,92
"634",2021-12-18,103,365,NA,361,344,4,15,65,79
"635",2021-12-19,102,371,NA,365,348,4,25,55,87
"636",2021-12-20,104,394,394,374,352,4,63,52,86
"637",2021-12-21,105,417,417,381,357,4,49,74,101
"638",2021-12-22,105,419,419,387,363,4,40,84,90
"639",2021-12-23,94,430,430,395,370,5,60,95,101
"640",2021-12-24,93,412,412,401,380,4,41,148,85
"641",2021-12-25,100,418,NA,409,385,4,53,68,118
"642",2021-12-26,103,485,NA,425,395,5,114,139,169
"643",2021-12-27,101,523,523,443,409,5,129,192,181
"644",2021-12-28,104,612,612,471,426,6,195,244,269
"645",2021-12-29,104,716,716,514,450,7,297,337,381
"646",2021-12-30,96,774,774,563,479,8,344,404,439
"647",2021-12-31,105,865,865,628,514,8,453,494,601
"648",2022-01-01,93,856,NA,690,549,9,438,491,506
"649",2022-01-02,103,996,NA,763,594,10,511,625,650
"650",2022-01-03,101,1108,1108,847,645,11,585,714,777
"651",2022-01-04,101,1245,1245,937,704,12,633,828,877
"652",2022-01-05,110,1336,1336,1026,770,12,620,917,957
"653",2022-01-06,103,1467,1467,1125,844,14,693,1037,1097
"654",2022-01-07,95,1505,1505,1216,922,16,640,1093,1134
"655",2022-01-08,100,1599,NA,1322,1006,16,743,1181,1234
"656",2022-01-09,100,1565,NA,1404,1083,16,569,1080,1194
"657",2022-01-10,101,1806,1806,1503,1175,18,698,1283,1412
"658",2022-01-11,105,1925,1925,1600,1269,18,680,1313,1508
"659",2022-01-12,109,2026,2026,1699,1362,19,690,1310,1607
"660",2022-01-13,101,2099,2099,1789,1457,21,632,1325,1669
"661",2022-01-14,96,2177,2177,1885,1551,23,672,1312,1765
"662",2022-01-15,103,2231,NA,1976,1649,22,632,1375,1813
"663",2022-01-16,101,2278,NA,2077,1740,23,713,1282,1793
"664",2022-01-17,104,2365,2365,2157,1830,23,559,1257,1842
"665",2022-01-18,103,2560,2560,2248,1924,25,635,1315,1948
"666",2022-01-19,107,2615,2615,2332,2016,24,589,1279,1899
"667",2022-01-20,102,2707,2707,2419,2104,27,608,1240,1933
"668",2022-01-21,97,2672,2672,2490,2188,28,495,1167,1807
"669",2022-01-22,103,2663,NA,2551,2264,26,432,1064,1807
"670",2022-01-23,102,2704,NA,2612,2345,27,426,1139,1708
"671",2022-01-24,103,2832,2832,2679,2418,27,467,1026,1724
"672",2022-01-25,105,2961,2961,2736,2492,28,401,1036,1716
"673",2022-01-26,108,2912,2912,2779,2555,27,297,886,1576
"674",2022-01-27,104,2870,2870,2802,2610,28,163,771,1403
"675",2022-01-28,94,2811,2811,2822,2656,30,139,634,1306
"676",2022-01-29,100,2660,NA,2821,2686,27,-3,429,1061
"677",2022-01-30,105,2752,NA,2828,2720,26,48,474,1187
"678",2022-01-31,105,2818,2818,2826,2753,27,-14,453,1012
"679",2022-02-01,104,2723,2723,2792,2764,26,-238,163,798
"680",2022-02-02,109,2580,2580,2745,2762,24,-332,-35,554
"681",2022-02-03,106,2594,2594,2705,2754,24,-276,-113,495
"682",2022-02-04,96,2488,2488,2659,2741,26,-323,-184,311
"683",2022-02-05,104,2369,NA,2618,2720,23,-291,-294,138
"684",2022-02-06,105,2343,NA,2559,2694,22,-409,-361,65
"685",2022-02-07,104,2314,2314,2487,2657,22,-504,-518,-51
"686",2022-02-08,104,2170,2170,2408,2600,21,-553,-791,-390
"687",2022-02-09,110,2109,2109,2341,2543,19,-471,-803,-506
"688",2022-02-10,103,1968,1968,2252,2478,19,-626,-902,-739
"689",2022-02-11,96,1821,1821,2156,2408,19,-667,-990,-851
"690",2022-02-12,103,1675,NA,2057,2337,16,-694,-985,-988
"691",2022-02-13,105,1602,NA,1951,2255,15,-741,-1150,-1102
"692",2022-02-14,103,1589,1589,1848,2168,15,-725,-1229,-1243
"693",2022-02-15,105,1552,1552,1759,2084,15,-618,-1171,-1409
"694",2022-02-16,110,1436,1436,1663,2002,13,-673,-1144,-1476
"695",2022-02-17,105,1363,1363,1577,1914,13,-605,-1231,-1507
"696",2022-02-18,96,1233,1233,1493,1825,13,-588,-1255,-1578
"697",2022-02-19,102,1143,NA,1417,1737,11,-532,-1226,-1517
"698",2022-02-20,103,1133,NA,1350,1651,11,-469,-1210,-1619
"699",2022-02-21,104,1117,1117,1282,1565,11,-472,-1197,-1701
"700",2022-02-22,104,1023,1023,1207,1483,10,-529,-1147,-1700
"701",2022-02-23,107,917,917,1133,1398,9,-519,-1192,-1663
"702",2022-02-24,100,851,851,1060,1318,9,-512,-1117,-1743
"703",2022-02-25,96,785,785,996,1244,8,-448,-1036,-1703
"704",2022-02-26,100,701,NA,932,1175,7,-442,-974,-1668
"705",2022-02-27,101,700,NA,871,1110,7,-433,-902,-1643
"706",2022-02-28,104,690,690,810,1046,7,-427,-899,-1624
"707",2022-03-01,104,609,609,750,979,6,-414,-943,-1561
"708",2022-03-02,110,564,564,700,916,5,-353,-872,-1545
"709",2022-03-03,96,530,530,654,857,6,-321,-833,-1438
"710",2022-03-04,92,483,483,611,803,5,-302,-750,-1338
"711",2022-03-05,103,451,NA,575,754,4,-250,-692,-1224
"712",2022-03-06,104,439,NA,538,704,4,-261,-694,-1163
"713",2022-03-07,104,419,419,499,654,4,-271,-698,-1170
"714",2022-03-08,97,376,376,466,608,4,-233,-647,-1176
"715",2022-03-09,109,339,339,434,567,3,-225,-578,-1097
"716",2022-03-10,101,315,315,403,529,3,-215,-536,-1048
"717",2022-03-11,93,284,284,375,493,3,-199,-501,-949
"718",2022-03-12,102,246,NA,345,460,2,-205,-455,-897
"719",2022-03-13,105,247,NA,318,428,2,-192,-453,-886
"720",2022-03-14,104,250,250,294,397,2,-169,-440,-867
"721",2022-03-15,105,242,242,275,370,2,-134,-367,-781
"722",2022-03-16,111,225,225,258,346,2,-114,-339,-692
"723",2022-03-17,102,210,210,243,323,2,-105,-320,-641
"724",2022-03-18,87,190,190,230,302,2,-94,-293,-595
"725",2022-03-19,105,171,NA,219,282,2,-75,-280,-530
"726",2022-03-20,103,156,NA,206,262,2,-91,-283,-544
"727",2022-03-21,103,157,157,193,243,2,-93,-262,-533
"728",2022-03-22,101,146,146,179,227,1,-96,-230,-463
"729",2022-03-23,107,137,137,167,213,1,-88,-202,-427
"730",2022-03-24,103,128,128,155,199,1,-82,-187,-402
"731",2022-03-25,85,110,110,144,187,1,-80,-174,-373
"732",2022-03-26,104,122,NA,137,178,1,-49,-124,-329
"733",2022-03-27,105,108,NA,130,168,1,-48,-139,-331
"734",2022-03-28,103,109,109,123,158,1,-48,-141,-310
"735",2022-03-29,106,105,105,117,148,1,-41,-137,-271
"736",2022-03-30,112,97,97,111,139,1,-40,-128,-242
"737",2022-03-31,100,90,90,106,130,1,-38,-120,-225
"738",2022-04-01,91,81,81,102,123,1,-29,-109,-203
"739",2022-04-02,102,79,NA,96,116,1,-43,-92,-167
"740",2022-04-03,100,76,NA,91,110,1,-32,-80,-171
"741",2022-04-04,101,85,85,88,105,1,-24,-72,-165
"742",2022-04-05,103,78,78,84,100,1,-27,-68,-164
"743",2022-04-06,111,79,79,81,96,1,-18,-58,-146
"744",2022-04-07,103,70,70,78,92,1,-20,-58,-140
"745",2022-04-08,92,58,58,75,88,1,-23,-52,-132
"746",2022-04-09,102,57,NA,72,84,1,-22,-65,-114
"747",2022-04-10,105,59,NA,69,80,1,-17,-49,-97
"748",2022-04-11,103,66,66,67,77,1,-19,-43,-91
"749",2022-04-12,104,68,68,65,74,1,-10,-37,-78
"750",2022-04-13,106,68,68,64,72,1,-11,-29,-69
"751",2022-04-14,103,67,67,63,71,1,-3,-23,-61
"752",2022-04-15,90,51,51,62,69,1,-7,-30,-59
"753",2022-04-16,102,63,NA,63,68,1,6,-16,-59
"754",2022-04-17,104,60,NA,63,66,1,1,-16,-48
"755",2022-04-18,103,68,68,64,65,1,2,-17,-41
"756",2022-04-19,100,66,66,63,64,1,-2,-12,-39
"757",2022-04-20,109,60,60,62,63,1,-8,-19,-37
"758",2022-04-21,105,55,55,60,62,1,-12,-15,-35
"759",2022-04-22,85,57,57,61,62,1,6,-1,-24
"760",2022-04-23,104,55,NA,60,62,1,-8,-2,-24
"761",2022-04-24,102,54,NA,59,61,1,-6,-5,-22
"762",2022-04-25,101,55,55,57,60,1,-13,-11,-30
"763",2022-04-26,103,65,65,57,60,1,-1,-3,-13
"764",2022-04-27,111,65,65,58,60,1,5,-3,-14
"765",2022-04-28,101,57,57,58,59,1,2,-10,-13
"766",2022-04-29,88,46,46,57,59,1,-11,-5,-12
"767",2022-04-30,104,51,NA,56,58,0,-4,-12,-6
"768",2022-05-01,105,59,NA,57,58,1,5,-1,0
"769",2022-05-02,100,62,62,58,58,1,7,-6,-4
"770",2022-05-03,105,64,64,58,58,1,-1,-2,-4
"771",2022-05-04,111,70,70,58,58,1,5,10,2
"772",2022-05-05,99,61,61,59,59,1,4,6,-6
"773",2022-05-06,91,48,48,59,58,1,2,-9,-3
"774",2022-05-07,101,60,NA,61,58,1,9,5,-3
"775",2022-05-08,102,50,NA,59,58,0,-9,-4,-10
"776",2022-05-09,104,58,58,59,58,1,-4,3,-10
"777",2022-05-10,104,70,70,60,59,1,6,5,4
"778",2022-05-11,107,68,68,59,59,1,-2,3,8
"779",2022-05-12,102,68,68,60,60,1,7,11,13
"780",2022-05-13,89,76,76,64,62,1,28,30,19
"781",2022-05-14,101,74,NA,66,63,1,14,23,19
"782",2022-05-15,105,76,NA,70,65,1,26,17,22
"783",2022-05-16,99,81,81,73,66,1,23,19,26
"784",2022-05-17,104,87,87,76,68,1,17,23,22
"785",2022-05-18,105,82,82,78,68,1,14,12,17
"786",2022-05-19,97,96,96,82,71,1,28,35,39
"787",2022-05-20,88,95,95,84,74,1,19,47,49
"788",2022-05-21,102,93,NA,87,77,1,19,33,42
"789",2022-05-22,100,101,NA,91,80,1,25,51,42
"790",2022-05-23,106,121,121,96,85,1,40,63,59
"791",2022-05-24,101,118,118,101,88,1,31,48,54
"792",2022-05-25,105,130,130,108,93,1,48,62,60
"793",2022-05-26,101,131,131,113,97,1,35,63,70
"794",2022-05-27,88,118,118,116,100,1,23,42,70
"795",2022-05-28,103,123,NA,120,104,1,30,49,63
"796",2022-05-29,106,147,NA,127,109,1,46,71,97
"797",2022-05-30,105,152,152,131,114,1,31,71,94
"798",2022-05-31,103,178,178,140,120,2,60,91,108
"799",2022-06-01,110,200,200,150,129,2,70,118,132
"800",2022-06-02,104,207,207,161,137,2,76,111,139
"801",2022-06-03,89,165,165,167,142,2,47,70,89
"802",2022-06-04,104,202,NA,179,150,2,79,109,128
"803",2022-06-05,104,200,NA,186,157,2,53,99,124
"804",2022-06-06,102,200,200,193,162,2,48,79,119
"805",2022-06-07,105,233,233,201,170,2,55,115,146
"806",2022-06-08,111,240,240,207,178,2,40,110,158
"807",2022-06-09,104,253,253,213,187,2,46,122,157
"808",2022-06-10,89,247,247,225,196,3,82,129,152
"809",2022-06-11,100,248,NA,232,205,2,46,125,155
"810",2022-06-12,103,229,NA,236,211,2,29,82,128
"811",2022-06-13,105,239,239,241,217,2,39,87,118
"812",2022-06-14,103,254,254,244,223,2,21,76,136
"813",2022-06-15,110,281,281,250,228,3,41,81,151
"814",2022-06-16,101,281,281,254,234,3,28,74,150
"815",2022-06-17,86,284,284,259,242,3,37,119,166
"816",2022-06-18,103,295,NA,266,249,3,47,93,172
"817",2022-06-19,102,318,NA,279,257,3,89,118,171
"818",2022-06-20,101,347,347,294,268,3,108,147,195
"819",2022-06-21,106,364,364,310,277,3,110,131,186
"820",2022-06-22,109,362,362,322,286,3,81,122,162
"821",2022-06-23,102,351,351,332,293,3,70,98,144
"822",2022-06-24,84,350,350,341,300,4,66,103,185
"823",2022-06-25,102,382,NA,353,310,4,87,134,180
"824",2022-06-26,99,376,NA,362,320,4,58,147,176
"825",2022-06-27,101,391,391,368,331,4,44,152,191
"826",2022-06-28,104,422,422,376,343,4,58,168,189
"827",2022-06-29,110,435,435,387,354,4,73,154,195
"828",2022-06-30,98,423,423,397,364,4,72,142,170
"829",2022-07-01,90,446,446,411,376,5,96,162,199
"830",2022-07-02,102,450,NA,420,387,4,68,155,202
"831",2022-07-03,101,447,NA,431,396,4,71,129,218
"832",2022-07-04,106,485,485,444,406,5,94,138,246
"833",2022-07-05,102,518,518,458,417,5,96,154,264
"834",2022-07-06,111,508,508,468,427,5,73,146,227
"835",2022-07-07,106,525,525,483,440,5,102,174,244
"836",2022-07-08,105,724,724,522,467,7,278,374,440
"837",2022-07-09,101,554,NA,537,479,5,104,172,259
"838",2022-07-10,101,552,NA,552,491,5,105,176,234
"839",2022-07-11,104,623,623,572,508,6,138,232,276
"840",2022-07-12,104,635,635,589,523,6,117,213,271
"841",2022-07-13,109,625,625,605,537,6,117,190,263
"842",2022-07-14,104,626,626,620,551,6,101,203,275
"843",2022-07-15,88,608,608,603,563,7,-116,162,258
"844",2022-07-16,101,578,NA,607,572,6,24,128,196
"845",2022-07-17,103,599,NA,613,583,6,47,152,223
"846",2022-07-18,100,585,585,608,590,6,-38,100,194
"847",2022-07-19,104,641,641,609,599,6,6,123,219
"848",2022-07-20,108,685,685,617,611,6,60,177,250
"849",2022-07-21,106,681,681,625,623,6,55,156,258
"850",2022-07-22,89,642,642,630,617,7,34,-82,196
"851",2022-07-23,100,653,NA,641,624,7,75,99,203
"852",2022-07-24,99,637,NA,646,630,6,38,85,190
"853",2022-07-25,103,738,738,668,638,7,153,115,253
"854",2022-07-26,103,726,726,680,645,7,85,91,208
"855",2022-07-27,107,724,724,686,652,7,39,99,216
"856",2022-07-28,103,726,726,692,659,7,45,100,201
"857",2022-07-29,86,614,614,688,659,7,-28,6,-110
"858",2022-07-30,102,670,NA,691,666,7,17,92,116
"859",2022-07-31,105,707,NA,701,674,7,70,108,155
"860",2022-08-01,104,674,674,692,680,6,-64,89,51
"861",2022-08-02,104,689,689,686,683,7,-37,48,54
"862",2022-08-03,108,669,669,678,682,6,-55,-16,44
"863",2022-08-04,100,632,632,665,679,6,-94,-49,6
"864",2022-08-05,89,574,574,659,674,6,-40,-68,-34
"865",2022-08-06,102,644,NA,656,673,6,-26,-9,66
"866",2022-08-07,104,669,NA,650,675,6,-38,32,70
"867",2022-08-08,104,671,671,650,671,6,-3,-67,86
"868",2022-08-09,101,663,663,646,666,7,-26,-63,22
"869",2022-08-10,107,641,641,642,660,6,-28,-83,-44
"870",2022-08-11,102,664,664,647,656,7,32,-62,-17
"871",2022-08-12,84,588,588,649,654,7,14,-26,-54
"872",2022-08-13,97,729,NA,661,658,8,85,59,76
"873",2022-08-14,102,656,NA,659,654,6,-13,-51,19
"874",2022-08-15,101,656,656,657,653,6,-15,-18,-82
"875",2022-08-16,102,647,647,654,650,6,-16,-42,-79
"876",2022-08-17,109,625,625,652,647,6,-16,-44,-99
"877",2022-08-18,99,636,636,648,647,6,-28,4,-90
"878",2022-08-19,87,543,543,642,645,6,-45,-31,-71
"879",2022-08-20,97,646,NA,630,645,7,-83,2,-24
"880",2022-08-21,101,612,NA,624,641,6,-44,-57,-95
"881",2022-08-22,95,584,584,613,635,6,-72,-87,-90
"882",2022-08-23,100,599,599,606,630,6,-48,-64,-90
"883",2022-08-24,106,616,616,605,629,6,-9,-25,-53
"884",2022-08-25,97,592,592,599,624,6,-44,-72,-40
"885",2022-08-26,86,560,560,601,622,7,17,-28,-14
"886",2022-08-27,98,616,NA,597,613,6,-30,-113,-28
"887",2022-08-28,101,611,NA,597,610,6,-1,-45,-58
"888",2022-08-29,100,610,610,601,607,6,26,-46,-61
"889",2022-08-30,100,595,595,600,603,6,-4,-52,-68
"890",2022-08-31,105,566,566,593,599,5,-50,-59,-75
"891",2022-09-01,97,543,543,586,592,6,-49,-93,-121
"892",2022-09-02,83,547,547,584,593,7,-13,4,-41
"893",2022-09-03,100,578,NA,579,588,6,-38,-68,-151
"894",2022-09-04,93,553,NA,570,584,6,-58,-59,-103
"895",2022-09-05,100,640,640,575,588,6,30,56,-16
"896",2022-09-06,102,576,576,572,586,6,-19,-23,-71
"897",2022-09-07,102,532,532,567,580,5,-34,-84,-93
"898",2022-09-08,99,496,496,560,573,5,-47,-96,-140
"899",2022-09-09,86,442,442,545,565,5,-105,-118,-101
"900",2022-09-10,96,653,NA,556,567,7,75,37,7
"901",2022-09-11,100,528,NA,552,561,5,-25,-83,-84
"902",2022-09-12,99,465,465,527,551,5,-175,-145,-119
"903",2022-09-13,100,462,462,511,542,5,-114,-133,-137
"904",2022-09-14,98,441,441,498,533,4,-91,-125,-175
"905",2022-09-15,101,428,428,488,524,4,-68,-115,-164
"906",2022-09-16,80,339,339,474,510,4,-103,-208,-221
"907",2022-09-17,98,427,NA,441,499,4,-226,-151,-189
"908",2022-09-18,98,383,NA,421,487,4,-145,-170,-228
"909",2022-09-19,101,364,364,406,467,4,-101,-276,-246
"910",2022-09-20,98,332,332,388,449,3,-130,-244,-263
"911",2022-09-21,103,323,323,371,434,3,-118,-209,-243
"912",2022-09-22,93,275,275,349,419,3,-153,-221,-268
"913",2022-09-23,85,320,320,346,410,4,-19,-122,-227
"914",2022-09-24,94,370,NA,338,390,4,-57,-283,-208
"915",2022-09-25,99,306,NA,327,374,3,-77,-222,-247
"916",2022-09-26,101,278,278,315,361,3,-86,-187,-362
"917",2022-09-27,99,286,286,308,348,3,-46,-176,-290
"918",2022-09-28,102,265,265,300,335,3,-58,-176,-267
"919",2022-09-29,101,248,248,296,323,2,-27,-180,-248
"920",2022-09-30,75,167,167,274,310,2,-153,-172,-275
"921",2022-10-01,100,363,NA,273,306,4,-7,-64,-290
"922",2022-10-02,94,267,NA,268,297,3,-39,-116,-261
"923",2022-10-03,101,290,290,269,292,3,12,-74,-175
"924",2022-10-04,102,249,249,264,286,2,-37,-83,-213
"925",2022-10-05,102,236,236,260,280,2,-29,-87,-205
"926",2022-10-06,102,230,230,257,277,2,-18,-45,-198
"927",2022-10-07,76,192,192,261,268,3,25,-128,-147
"928",2022-10-08,100,259,NA,246,260,3,-104,-111,-168
"929",2022-10-09,100,228,NA,241,254,2,-39,-78,-155
"930",2022-10-10,100,223,223,231,250,2,-67,-55,-141
"931",2022-10-11,100,225,225,228,246,2,-24,-61,-107
"932",2022-10-12,109,198,198,222,241,2,-38,-67,-125
"933",2022-10-13,102,190,190,216,237,2,-40,-58,-85
"934",2022-10-14,79,165,165,213,237,2,-27,-2,-155
"935",2022-10-15,99,162,NA,199,222,2,-97,-201,-208
"936",2022-10-16,97,175,NA,191,216,2,-53,-92,-131
"937",2022-10-17,96,189,189,186,209,2,-34,-101,-89
"938",2022-10-18,99,179,179,180,204,2,-46,-70,-107
"939",2022-10-19,98,185,185,178,200,2,-13,-51,-80
"940",2022-10-20,99,178,178,176,196,2,-12,-52,-70
"941",2022-10-21,73,153,153,174,194,2,-12,-39,-14
"942",2022-10-22,98,163,NA,175,187,2,1,-96,-200
"943",2022-10-23,98,155,NA,172,181,2,-20,-73,-112
"944",2022-10-24,100,176,176,170,178,2,-13,-47,-114
"945",2022-10-25,98,174,174,169,174,2,-5,-51,-75
"946",2022-10-26,102,195,195,171,174,2,10,-3,-41
"947",2022-10-27,92,182,182,171,174,2,4,-8,-48
"948",2022-10-28,83,165,165,173,174,2,12,0,-27
"949",2022-10-29,93,165,NA,173,174,2,2,3,-94
"950",2022-10-30,99,179,NA,177,174,2,24,4,-49
"951",2022-10-31,99,185,185,178,174,2,9,-4,-38
"952",2022-11-01,97,199,199,181,175,2,25,20,-26
"953",2022-11-02,102,215,215,184,177,2,20,30,17
"954",2022-11-03,100,214,214,189,180,2,32,36,24
"955",2022-11-04,77,185,185,192,182,2,20,32,20
"956",2022-11-05,96,193,NA,196,184,2,28,30,31
"957",2022-11-06,97,198,NA,198,188,2,19,43,23
"958",2022-11-07,97,208,208,202,190,2,23,32,19
"959",2022-11-08,97,216,216,204,193,2,17,42,37
"960",2022-11-09,100,207,207,203,194,2,-8,12,22
"961",2022-11-10,96,192,192,200,194,2,-22,10,14
"962",2022-11-11,82,173,173,198,195,2,-12,8,20
"963",2022-11-12,96,216,NA,201,199,2,23,51,53
"964",2022-11-13,98,187,NA,200,199,2,-11,8,32
"965",2022-11-14,94,179,179,196,199,2,-29,-6,3
"966",2022-11-15,98,201,201,194,199,2,-15,2,27
"967",2022-11-16,100,194,194,192,197,2,-13,-21,-1
"968",2022-11-17,101,192,192,192,196,2,0,-22,10
"969",2022-11-18,74,156,156,189,194,2,-17,-29,-9
"970",2022-11-19,94,220,NA,190,196,2,4,27,55
"971",2022-11-20,100,184,NA,189,195,2,-3,-14,5
"972",2022-11-21,94,167,167,188,192,2,-12,-41,-18
"973",2022-11-22,97,179,179,185,189,2,-22,-37,-20
"974",2022-11-23,70,156,156,179,185,2,-38,-51,-59
"975",2022-11-24,97,265,265,190,191,3,73,73,51
"976",2022-11-25,85,189,189,194,192,2,33,16,4
"977",2022-11-26,95,284,NA,203,197,3,64,68,91
"978",2022-11-27,96,224,NA,209,199,2,40,37,26
"979",2022-11-28,98,232,232,218,203,2,65,53,24
"980",2022-11-29,95,248,248,228,206,3,69,47,32
"981",2022-11-30,96,280,280,246,213,3,124,86,73
"982",2022-12-01,97,265,265,246,218,3,0,73,73
"983",2022-12-02,69,193,193,247,220,3,4,37,20
"984",2022-12-03,99,334,NA,254,229,3,50,114,118
"985",2022-12-04,94,327,NA,268,239,3,103,143,140
"986",2022-12-05,98,290,290,277,248,3,58,123,111
"987",2022-12-06,100,299,299,284,256,3,51,120,98
"988",2022-12-07,99,306,306,288,267,3,26,150,112
"989",2022-12-08,96,328,328,297,271,3,63,63,136
"990",2022-12-09,79,308,308,313,280,4,115,119,152
"991",2022-12-10,93,352,NA,316,285,4,18,68,132
"992",2022-12-11,95,392,NA,325,297,4,65,168,208
"993",2022-12-12,94,316,316,329,303,3,26,84,149
"994",2022-12-13,98,319,319,332,308,3,20,71,140
"995",2022-12-14,97,349,349,338,313,4,43,69,193
"996",2022-12-15,99,363,363,343,320,4,35,98,98
"997",2022-12-16,73,296,296,341,327,4,-12,103,107
"998",2022-12-17,97,388,NA,346,331,4,36,54,104
"999",2022-12-18,98,386,NA,345,335,4,-6,59,162
"1000",2022-12-19,96,365,365,352,340,4,49,75,133
"1001",2022-12-20,97,392,392,363,347,4,73,93,144
"1002",2022-12-21,97,395,395,369,354,4,46,89,115
"1003",2022-12-22,94,375,375,371,357,4,12,47,110
"1004",2022-12-23,83,430,430,390,366,5,134,122,237
"1005",2022-12-24,84,434,NA,397,371,5,46,82,100
"1006",2022-12-25,95,498,NA,413,379,5,112,106,171
"1007",2022-12-26,98,492,492,431,392,5,127,176,202
"1008",2022-12-27,98,478,478,443,403,5,86,159,179
"1009",2022-12-28,97,555,555,466,418,6,160,206,249
"1010",2022-12-29,98,561,561,493,432,6,186,198,233
"1011",2022-12-30,79,449,449,495,443,6,19,153,141
"1012",2022-12-31,101,700,NA,533,465,7,266,312,348
"1013",2023-01-01,96,637,NA,553,483,7,139,251,245
"1014",2023-01-02,97,587,587,567,499,6,95,222,271
"1015",2023-01-03,102,635,635,589,516,6,157,243,316
"1016",2023-01-04,97,627,627,599,533,6,72,232,278
"1017",2023-01-05,94,654,654,613,553,7,93,279,291
"1018",2023-01-06,82,536,536,625,560,7,87,106,240
"1019",2023-01-07,98,687,NA,623,578,7,-13,253,299
"1020",2023-01-08,99,595,NA,617,585,6,-42,97,209
"1021",2023-01-09,98,578,578,616,591,6,-9,86,213
"1022",2023-01-10,99,552,552,604,597,6,-83,74,160
"1023",2023-01-11,97,584,584,598,599,6,-43,29,189
"1024",2023-01-12,97,551,551,583,598,6,-103,-10,176
"1025",2023-01-13,79,472,472,574,600,6,-64,23,42
"1026",2023-01-14,97,508,NA,549,586,5,-179,-192,74
"1027",2023-01-15,99,530,NA,539,578,5,-65,-107,32
"1028",2023-01-16,99,538,538,534,575,5,-40,-49,46
"1029",2023-01-17,99,544,544,532,568,5,-8,-91,66
"1030",2023-01-18,95,511,511,522,560,5,-73,-116,-44
"1031",2023-01-19,98,495,495,514,549,5,-56,-159,-66
"1032",2023-01-20,79,424,424,507,541,5,-48,-112,-25
"1033",2023-01-21,96,464,NA,501,525,5,-44,-223,-236
"1034",2023-01-22,97,453,NA,490,515,5,-77,-142,-184
"1035",2023-01-23,99,511,511,486,510,5,-27,-67,-76
"1036",2023-01-24,98,502,502,480,506,5,-42,-50,-133
"1037",2023-01-25,96,458,458,472,497,5,-53,-126,-169
"1038",2023-01-26,101,436,436,464,489,4,-59,-115,-218
"1039",2023-01-27,76,368,368,456,482,5,-56,-104,-168
"1040",2023-01-28,95,394,NA,446,473,4,-70,-114,-293
"1041",2023-01-29,100,428,NA,442,466,4,-25,-102,-167
"1042",2023-01-30,102,441,441,432,459,4,-70,-97,-137
"1043",2023-01-31,99,420,420,421,450,4,-82,-124,-132
"1044",2023-02-01,101,429,429,417,444,4,-29,-82,-155
"1045",2023-02-02,95,400,400,411,438,4,-36,-95,-151
"1046",2023-02-03,79,365,365,411,434,5,-3,-59,-107
"1047",2023-02-04,94,334,NA,402,424,4,-60,-130,-174
"1048",2023-02-05,97,387,NA,397,420,4,-41,-66,-143
"1049",2023-02-06,99,391,391,389,411,4,-50,-120,-147
"1050",2023-02-07,97,388,388,385,403,4,-32,-114,-156
