"","Date","Doses delivered","Doses administered","One dose, %","One dose","Completed series","Completed series, %","% of fully vaccinated who are boosted (2021)","Boosters administered","Boosted, Age 5+","Boosted, Age 5+ %","Received Bivalent (2022) Booster","Received (2021) Booster","Completed series, national average","NA"
"1",2020-12-14,"6825","0","0%","0","0","0%","0%",NA,NA,NA,NA,NA,NA,"0%"
"2",2020-12-15,"39000","0","0%","0","0","0%","0%",NA,NA,NA,NA,NA,NA,"0%"
"3",2020-12-16,"39000","0","0%","0","0","0%","0%",NA,NA,NA,NA,NA,NA,"0%"
"4",2020-12-17,"39000","193","0%","0","0","0%","0%",NA,NA,NA,NA,NA,NA,"0%"
"5",2020-12-18,"39000","1647","0%","0","0","0%","0%",NA,NA,NA,NA,NA,NA,"0%"
"6",2020-12-19,"39000","3152","0%","0","0","0%","0%",NA,NA,NA,NA,NA,NA,"0%"
"7",2020-12-20,"39000","5767","0%","0","0","0%","0%",NA,NA,NA,NA,NA,NA,"0%"
"8",2020-12-21,"57875","6452","0%","0","0","0%","0%",NA,NA,NA,NA,NA,NA,"0%"
"9",2020-12-22,"83000","7383","0%","0","0","0%","0%",NA,NA,NA,NA,NA,NA,"0%"
"10",2020-12-23,"142725","9473","0%","0","0","0%","0%",NA,NA,NA,NA,NA,NA,"0%"
"11",2020-12-24,"142725","15857","0%","0","0","0%","0%",NA,NA,NA,NA,NA,NA,"0%"
"12",2020-12-25,"142725","15857","0%","0","0","0%","0%",NA,NA,NA,NA,NA,NA,"0%"
"13",2020-12-26,"142725","16366","0%","0","0","0%","0%",NA,NA,NA,NA,NA,NA,"0%"
"14",2020-12-27,"142725","16872","0%","0","0","0%","0%",NA,NA,NA,NA,NA,NA,"0%"
"15",2020-12-28,"142725","16872","0%","0","0","0%","0%",NA,NA,NA,NA,NA,NA,"0%"
"16",2020-12-29,"148150","17284","0%","0","0","0%","0%",NA,NA,NA,NA,NA,NA,"0%"
"17",2020-12-30,"152050","26711","0%","0","0","0%","0%",NA,NA,NA,NA,NA,NA,"0%"
"18",2020-12-31,"153025","26711","0%","0","0","0%","0%",NA,NA,NA,NA,NA,NA,"0%"
"19",2021-01-01,"153025","36188","0%","0","0","0%","0%",NA,NA,NA,NA,NA,NA,"0%"
"20",2021-01-02,"153025","39237","0%","0","0","0%","0%",NA,NA,NA,NA,NA,NA,"0%"
"21",2021-01-03,"153025","39446","0%","0","0","0%","0%",NA,NA,NA,NA,NA,NA,"0%"
"22",2021-01-04,"204650","39564","0%","0","0","0%","0%",NA,NA,NA,NA,NA,NA,"0%"
"23",2021-01-05,"207575","40278","0%","0","0","0%","0%",NA,NA,NA,NA,NA,NA,"0%"
"24",2021-01-06,"225325","43280","0%","0","0","0%","0%",NA,NA,NA,NA,NA,NA,"0%"
"25",2021-01-07,"228025","48888","0%","0","0","0%","0%",NA,NA,NA,NA,NA,NA,"0%"
"26",2021-01-08,"279750","57105","0%","0","0","0%","0%",NA,NA,NA,NA,NA,NA,"0%"
"27",2021-01-09,"279750","66179","0%","0","0","0%","0%",NA,NA,NA,NA,NA,NA,"0%"
"28",2021-01-10,"279750","74589","0%","0","0","0%","0%",NA,NA,NA,NA,NA,NA,"0%"
"29",2021-01-11,"316575","76528","0%","0","0","0%","0%",NA,NA,NA,NA,NA,NA,"0%"
"30",2021-01-12,"369775","78134","0%","0","0","0%","0%",NA,NA,NA,NA,NA,NA,"0%"
"31",2021-01-13,"370750","84040","0%","0","0","0%","0%",NA,NA,NA,NA,NA,NA,"0%"
"32",2021-01-14,"427125","92300","0%","0","0","0%","0%",NA,NA,NA,NA,NA,NA,"0%"
"33",2021-01-15,"437400","100567","0%","0","0","0%","0%",NA,NA,NA,NA,NA,NA,"0%"
"34",2021-01-16,"437400","115028","0%","0","0","0%","0%",NA,NA,NA,NA,NA,NA,"0%"
"35",2021-01-17,"437400","123995","0%","0","0","0%","0%",NA,NA,NA,NA,NA,NA,"0%"
"36",2021-01-18,"437400","129590","0%","0","0","0%","0%",NA,NA,NA,NA,NA,NA,"0%"
"37",2021-01-19,"483275","130795","0%","0","0","0%","0%",NA,NA,NA,NA,NA,NA,"0%"
"38",2021-01-20,"483275","139200","0%","0","0","0%","0%",NA,NA,NA,NA,NA,NA,"0%"
"39",2021-01-21,"493125","165919","0%","0","0","0%","0%",NA,NA,NA,NA,NA,NA,"0%"
"40",2021-01-22,"519525","199314","0%","0","0","0%","0%",NA,NA,NA,NA,NA,NA,"0%"
"41",2021-01-23,"521225","221540","0%","0","0","0%","0%",NA,NA,NA,NA,NA,NA,"0%"
"42",2021-01-24,"521225","243737","0%","0","0","0%","0%",NA,NA,NA,NA,NA,NA,"0%"
"43",2021-01-25,"521225","250612","0%","0","0","0%","0%",NA,NA,NA,NA,NA,NA,"0%"
"44",2021-01-26,"569000","254959","0%","0","0","0%","0%",NA,NA,NA,NA,NA,NA,"0%"
"45",2021-01-27,"634000","266444","0%","0","0","0%","0%",NA,NA,NA,NA,NA,NA,"0%"
"46",2021-01-28,"655275","278993","0%","0","0","0%","0%",NA,NA,NA,NA,NA,NA,"0%"
"47",2021-01-29,"659400","300915","0%","0","0","0%","0%",NA,NA,NA,NA,NA,NA,"0%"
"48",2021-01-30,"659400","342436","0%","0","0","0%","0%",NA,NA,NA,NA,NA,NA,"0%"
"49",2021-01-31,"659400","353974","0%","0","0","0%","0%",NA,NA,NA,NA,NA,NA,"0%"
"50",2021-02-01,"659400","358280","0%","0","0","0%","0%",NA,NA,NA,NA,NA,NA,"0%"
"51",2021-02-02,"680550","371882","0%","0","0","0%","0%",NA,NA,NA,NA,NA,NA,"0%"
"52",2021-02-03,"765150","388339","0%","0","0","0%","0%",NA,NA,NA,NA,NA,NA,"0%"
"53",2021-02-04,"799675","408428","0%","0","0","0%","0%",NA,NA,NA,NA,NA,NA,"0%"
"54",2021-02-05,"799875","430597","0%","0","0","0%","0%",NA,NA,NA,NA,NA,NA,"0%"
"55",2021-02-06,"804100","455173","0%","0","0","0%","0%",NA,NA,NA,NA,NA,NA,"0%"
"56",2021-02-07,"804100","462332","0%","0","0","0%","0%",NA,NA,NA,NA,NA,NA,"0%"
"57",2021-02-08,"804100","467636","0%","0","0","0%","0%",NA,NA,NA,NA,NA,NA,"0%"
"58",2021-02-09,"823600","490969","0%","0","0","0%","0%",NA,NA,NA,NA,NA,NA,"0%"
"59",2021-02-10,"861175","515802","0%","0","0","0%","0%",NA,NA,NA,NA,NA,NA,"0%"
"60",2021-02-11,"911875","543237","0%","0","0","0%","0%",NA,NA,NA,NA,NA,NA,"0%"
"61",2021-02-12,"936200","571115","0%","0","0","0%","0%",NA,NA,NA,NA,NA,NA,"0%"
"62",2021-02-13,"963600","601159","9.7%","477491","0","0%","0%",NA,NA,NA,NA,NA,NA,"0%"
"63",2021-02-14,"965550","612254","9.9%","484848","0","0%","0%",NA,NA,NA,NA,NA,NA,"0%"
"64",2021-02-15,"965550","616375","9.9%","487613","0","0%","0%",NA,NA,NA,NA,NA,NA,"0%"
"65",2021-02-16,"1015775","636682","10.1%","497207","0","0%","0%",NA,NA,NA,NA,NA,NA,"0%"
"66",2021-02-17,"1032175","650020","10.3%","505512","0","0%","0%",NA,NA,NA,NA,NA,NA,"0%"
"67",2021-02-18,"1032175","672038","10.5%","516888","0","0%","0%",NA,NA,NA,NA,NA,NA,"0%"
"68",2021-02-19,"1077600","739132","11.4%","558367","0","0%","0%",NA,NA,NA,NA,NA,NA,"0%"
"69",2021-02-20,"1078800","776936","11.7%","574095","0","0%","0%",NA,NA,NA,NA,NA,NA,"0%"
"70",2021-02-21,"1082100","788613","11.8%","580772","0","0%","0%",NA,NA,NA,NA,NA,NA,"0%"
"71",2021-02-22,"1082100","793614","11.9%","583741","0","0%","0%",NA,NA,NA,NA,NA,NA,"0%"
"72",2021-02-23,"1084440","815108","12.1%","593936","0","0%","0%",NA,NA,NA,NA,NA,NA,"0%"
"73",2021-02-24,"1138650","839703","12.3%","604602","0","0%","0%",NA,NA,NA,NA,NA,NA,"0%"
"74",2021-02-25,"1170120","864757","12.5%","615100","0","0%","0%",NA,NA,NA,NA,NA,NA,"0%"
"75",2021-02-26,"1380380","893859","12.8%","627063","0","0%","0%",NA,NA,NA,NA,NA,NA,"0%"
"76",2021-02-27,"1402180","931090","13.1%","643208","0","0%","0%",NA,NA,NA,NA,NA,NA,"0%"
"77",2021-02-28,"1402280","942502","13.3%","649745","0","0%","0%",NA,NA,NA,NA,NA,NA,"0%"
"78",2021-03-01,"1402280","948393","13.3%","653309","0","0%","0%",NA,NA,NA,NA,NA,NA,"0%"
"79",2021-03-02,"1461320","972161","13.5%","663187","0","0%","0%",NA,NA,NA,NA,NA,NA,"0%"
"80",2021-03-03,"1469100","1000031","13.8%","674810","0","0%","0%",NA,NA,NA,NA,NA,NA,"0%"
"81",2021-03-04,"1530470","1032171","14%","688791","0","0%","0%",NA,NA,NA,NA,NA,NA,"0%"
"82",2021-03-05,"1556460","1064578","14.4%","704173","383138","7.8%","0%",NA,NA,NA,NA,NA,NA,"8.6%"
"83",2021-03-06,"1628350","1099697","14.7%","721109","402301","8.2%","0%",NA,NA,NA,NA,NA,NA,"9%"
"84",2021-03-07,"1628350","1110132","14.8%","727681","407186","8.3%","0%",NA,NA,NA,NA,NA,NA,"9.3%"
"85",2021-03-08,"1628350","1116676","14.9%","732967","409937","8.4%","0%",NA,NA,NA,NA,NA,NA,"9.5%"
"86",2021-03-09,"1689050","1140984","15.2%","747268","420083","8.6%","0%",NA,NA,NA,NA,NA,NA,"9.7%"
"87",2021-03-10,"1775660","1173820","15.7%","768502","435018","8.9%","0%",NA,NA,NA,NA,NA,NA,"9.9%"
"88",2021-03-11,"1816230","1209802","16.1%","790864","452746","9.2%","0%",NA,NA,NA,NA,NA,NA,"10.2%"
"89",2021-03-12,"1838400","1249205","16.7%","816418","472325","9.6%","0%",NA,NA,NA,NA,NA,NA,"10.5%"
"90",2021-03-13,"1918560","1288242","17.2%","841394","492755","10%","0%",NA,NA,NA,NA,NA,NA,"11.1%"
"91",2021-03-14,"1918560","1298612","17.3%","849337","497653","10.1%","0%",NA,NA,NA,NA,NA,NA,"11.3%"
"92",2021-03-15,"1918560","1306419","17.4%","854302","501344","10.2%","0%",NA,NA,NA,NA,NA,NA,"11.5%"
"93",2021-03-16,"2004160","1332298","17.8%","871536","511869","10.4%","0%",NA,NA,NA,NA,NA,NA,"11.8%"
"94",2021-03-17,"2080870","1363987","18.2%","893767","523649","10.7%","0%",NA,NA,NA,NA,NA,NA,"12%"
"95",2021-03-18,"2118650","1390066","18.6%","912663","533375","10.9%","0%",NA,NA,NA,NA,NA,NA,"12.3%"
"96",2021-03-19,"2141210","1426696","19.1%","937614","547257","11.2%","0%",NA,NA,NA,NA,NA,NA,"12.6%"
"97",2021-03-20,"2177880","1460782","19.6%","960539","561254","11.4%","0%",NA,NA,NA,NA,NA,NA,"13%"
"98",2021-03-21,"2177880","1472666","19.8%","968459","566632","11.6%","0%",NA,NA,NA,NA,NA,NA,"13.3%"
"99",2021-03-22,"2177880","1479271","19.8%","972986","569127","11.6%","0%",NA,NA,NA,NA,NA,NA,"13.5%"
"100",2021-03-23,"2275030","1509445","20.3%","994253","579598","11.8%","0%",NA,NA,NA,NA,NA,NA,"13.7%"
"101",2021-03-24,"2403720","1542416","20.8%","1019858","589979","12%","0%",NA,NA,NA,NA,NA,NA,"14%"
"102",2021-03-25,"2459980","1579091","21.4%","1048838","600666","12.3%","0%",NA,NA,NA,NA,NA,NA,"14.3%"
"103",2021-03-26,"2497410","1611404","21.9%","1072623","611694","12.5%","0%",NA,NA,NA,NA,NA,NA,"14.7%"
"104",2021-03-27,"2535880","1645858","22.4%","1098597","623385","12.7%","0%",NA,NA,NA,NA,NA,NA,"15.1%"
"105",2021-03-28,"2537050","1659102","22.6%","1108253","628500","12.8%","0%",NA,NA,NA,NA,NA,NA,"15.5%"
"106",2021-03-29,"2537050","1666585","22.7%","1113924","631388","12.9%","0%",NA,NA,NA,NA,NA,NA,"15.8%"
"107",2021-03-30,"2722700","1697641","23.1%","1134739","643450","13.1%","0%",NA,NA,NA,NA,NA,NA,"16.1%"
"108",2021-03-31,"2796630","1728736","23.6%","1155139","656899","13.4%","0%",NA,NA,NA,NA,NA,NA,"16.4%"
"109",2021-04-01,"2839540","1771979","24.2%","1184284","673773","13.7%","0%",NA,NA,NA,NA,NA,NA,"16.9%"
"110",2021-04-02,"2872410","1813462","24.7%","1211424","691082","14.1%","0%",NA,NA,NA,NA,NA,NA,"17.5%"
"111",2021-04-03,"2891780","1847243","25.2%","1234131","705197","14.4%","0%",NA,NA,NA,NA,NA,NA,"18%"
"112",2021-04-04,"2892950","1858833","25.3%","1242706","709849","14.5%","0%",NA,NA,NA,NA,NA,NA,"18.5%"
"113",2021-04-05,"2892950","1864857","25.5%","1248029","711596","14.5%","0%",NA,NA,NA,NA,NA,NA,"18.8%"
"114",2021-04-06,"3106870","1896920","25.9%","1267859","725270","14.8%","0%",NA,NA,NA,NA,NA,NA,"19%"
"115",2021-04-07,"3149910","1935221","26.3%","1291487","744961","15.2%","0%",NA,NA,NA,NA,NA,NA,"19.4%"
"116",2021-04-08,"3170520","1976344","26.9%","1317995","764450","15.6%","0%",NA,NA,NA,NA,NA,NA,"19.9%"
"117",2021-04-09,"3248260","2021334","27.4%","1344658","788325","16.1%","0%",NA,NA,NA,NA,NA,NA,"20.5%"
"118",2021-04-10,"3278980","2065327","28%","1371201","811323","16.5%","0%",NA,NA,NA,NA,NA,NA,"21.3%"
"119",2021-04-11,"3278980","2082605","28.2%","1382951","819550","16.7%","0%",NA,NA,NA,NA,NA,NA,"21.9%"
"120",2021-04-12,"3278980","2092489","28.3%","1389598","824052","16.8%","0%",NA,NA,NA,NA,NA,NA,"22.3%"
"121",2021-04-13,"3358930","2127317","28.7%","1407463","844353","17.2%","0%",NA,NA,NA,NA,NA,NA,"22.7%"
"122",2021-04-14,"3493380","2168891","29.1%","1426530","868550","17.7%","0%",NA,NA,NA,NA,NA,NA,"23.1%"
"123",2021-04-15,"3516420","2207392","29.4%","1442051","893002","18.2%","0%",NA,NA,NA,NA,NA,NA,"23.6%"
"124",2021-04-16,"3531670","2245574","29.8%","1459377","915654","18.7%","0%",NA,NA,NA,NA,NA,NA,"24.3%"
"125",2021-04-17,"3664640","2280686","30.1%","1476162","935377","19.1%","0%",NA,NA,NA,NA,NA,NA,"24.8%"
"126",2021-04-18,"3664740","2292276","30.2%","1481314","943129","19.2%","0%",NA,NA,NA,NA,NA,NA,"25.4%"
"127",2021-04-19,"3664740","2297563","30.3%","1483779","946333","19.3%","0%",NA,NA,NA,NA,NA,NA,"25.7%"
"128",2021-04-20,"3761730","2327764","30.5%","1494421","966251","19.7%","0%",NA,NA,NA,NA,NA,NA,"26%"
"129",2021-04-21,"3796070","2360527","30.7%","1507116","987379","20.1%","0%",NA,NA,NA,NA,NA,NA,"26.4%"
"130",2021-04-22,"3825010","2394304","31%","1518928","1010415","20.6%","0%",NA,NA,NA,NA,NA,NA,"26.9%"
"131",2021-04-23,"3898820","2429629","31.2%","1531741","1033996","21.1%","0%",NA,NA,NA,NA,NA,NA,"27.5%"
"132",2021-04-24,"3960530","2461510","31.5%","1543544","1054863","21.5%","0%",NA,NA,NA,NA,NA,NA,"28%"
"133",2021-04-25,"3960530","2471409","31.5%","1546659","1062524","21.7%","0%",NA,NA,NA,NA,NA,NA,"28.5%"
"134",2021-04-26,"3960530","2478227","31.6%","1549782","1066659","21.8%","0%",NA,NA,NA,NA,NA,NA,"28.9%"
"135",2021-04-27,"4009430","2499694","31.8%","1558652","1079815","22%","0%",NA,NA,NA,NA,NA,NA,"29.1%"
"136",2021-04-28,"4033570","2527815","32%","1568315","1098820","22.4%","0%",NA,NA,NA,NA,NA,NA,"29.5%"
"137",2021-04-29,"4042070","2559938","32.2%","1579093","1121348","22.9%","0%",NA,NA,NA,NA,NA,NA,"30%"
"138",2021-04-30,"4088030","2591163","32.4%","1589518","1143488","23.3%","0%",NA,NA,NA,NA,NA,NA,"30.5%"
"139",2021-05-01,"4130550","2617405","32.6%","1599130","1161725","23.7%","0%",NA,NA,NA,NA,NA,NA,"31.2%"
"140",2021-05-02,"4130550","2622717","32.7%","1601433","1165479","23.8%","0%",NA,NA,NA,NA,NA,NA,"31.6%"
"141",2021-05-03,"4130550","2627322","32.7%","1603454","1168235","23.8%","0%",NA,NA,NA,NA,NA,NA,"31.8%"
"142",2021-05-04,"4145390","2644674","32.8%","1609919","1179793","24.1%","0%",NA,NA,NA,NA,NA,NA,"32%"
"143",2021-05-05,"4187860","2670926","33%","1618791","1199064","24.5%","0%",NA,NA,NA,NA,NA,NA,"32.3%"
"144",2021-05-06,"4225140","2673181","33%","1619783","1201303","24.5%","0%",NA,NA,NA,NA,NA,NA,"32.8%"
"145",2021-05-07,"4241420","2726356","33.4%","1636710","1240335","25.3%","0%",NA,NA,NA,NA,NA,NA,"33.4%"
"146",2021-05-08,"4277330","2758021","33.6%","1649688","1263965","25.8%","0%",NA,NA,NA,NA,NA,NA,"33.9%"
"147",2021-05-09,"4277330","2768204","33.7%","1654267","1270858","25.9%","0%",NA,NA,NA,NA,NA,NA,"34.4%"
"148",2021-05-10,"4277330","2773615","33.8%","1657672","1273670","26%","0%",NA,NA,NA,NA,NA,NA,"34.8%"
"149",2021-05-11,"4295160","2773902","33.8%","1658191","1273999","26%","0%",NA,NA,NA,NA,NA,NA,"35.1%"
"150",2021-05-12,"4311320","2791631","33.9%","1664353","1286565","26.2%","0%",NA,NA,NA,NA,NA,NA,"35.4%"
"151",2021-05-13,"4322400","2831853","34.2%","1678119","1314534","26.8%","0%",NA,NA,NA,NA,NA,NA,"35.8%"
"152",2021-05-14,"4348790","2859591","34.4%","1687875","1334176","27.2%","0%",NA,NA,NA,NA,NA,NA,"36.2%"
"153",2021-05-15,"4373130","2881314","34.6%","1697289","1348023","27.5%","0%",NA,NA,NA,NA,NA,NA,"36.7%"
"154",2021-05-16,"4373130","2886106","34.7%","1699751","1350643","27.5%","0%",NA,NA,NA,NA,NA,NA,"37%"
"155",2021-05-17,"4373130","2886153","34.7%","1699915","1350830","27.6%","0%",NA,NA,NA,NA,NA,NA,"37.3%"
"156",2021-05-18,"4389040","2905553","34.9%","1709333","1362380","27.8%","0%",NA,NA,NA,NA,NA,NA,"37.5%"
"157",2021-05-19,"4393980","2906102","34.9%","1709761","1362834","27.8%","0%",NA,NA,NA,NA,NA,NA,"37.8%"
"158",2021-05-20,"4415280","2939161","35.2%","1725694","1382327","28.2%","0%",NA,NA,NA,NA,NA,NA,"38.1%"
"159",2021-05-21,"4449370","2945488","35.2%","1727437","1387356","28.3%","0%",NA,NA,NA,NA,NA,NA,"38.5%"
"160",2021-05-22,"4476640","2962661","35.4%","1736645","1396990","28.5%","0%",NA,NA,NA,NA,NA,NA,"38.9%"
"161",2021-05-23,"4476640","2981931","35.6%","1746820","1407769","28.7%","0%",NA,NA,NA,NA,NA,NA,"39.2%"
"162",2021-05-24,"4476640","2982081","35.6%","1747012","1407917","28.7%","0%",NA,NA,NA,NA,NA,NA,"39.3%"
"163",2021-05-25,"4484660","2996346","35.8%","1754294","1415771","28.9%","0%",NA,NA,NA,NA,NA,NA,"39.5%"
"164",2021-05-26,"4501400","3002607","35.8%","1757607","1419599","29%","0%",NA,NA,NA,NA,NA,NA,"39.7%"
"165",2021-05-27,"4520480","3007387","35.9%","1758850","1423605","29%","0%",NA,NA,NA,NA,NA,NA,"40%"
"166",2021-05-28,"4523700","3016803","36%","1763553","1429238","29.1%","0%",NA,NA,NA,NA,NA,NA,"40.2%"
"167",2021-05-29,"4578590","3020540","36%","1765515","1431669","29.2%","0%",NA,NA,NA,NA,NA,NA,"40.5%"
"168",2021-05-30,"4578590","3021454","36%","1766055","1432446","29.2%","0%",NA,NA,NA,NA,NA,NA,"40.7%"
"169",2021-05-31,"4578590","3021902","36%","1766534","1432946","29.2%","0%",NA,NA,NA,NA,NA,NA,"40.8%"
"170",2021-06-01,"4578590","3022276","36%","1766784","1433267","29.2%","0%",NA,NA,NA,NA,NA,NA,"40.9%"
"171",2021-06-02,"4583270","3025283","36.1%","1768055","1435324","29.3%","0%",NA,NA,NA,NA,NA,NA,"41%"
"172",2021-06-03,"4597950","3025695","36.1%","1768288","1435719","29.3%","0%",NA,NA,NA,NA,NA,NA,"41.2%"
"173",2021-06-04,"4606930","3032765","36.1%","1771964","1440101","29.4%","0%",NA,NA,NA,NA,NA,NA,"41.4%"
"174",2021-06-05,"4637330","3032931","36.1%","1772245","1440289","29.4%","0%",NA,NA,NA,NA,NA,NA,"41.6%"
"175",2021-06-06,"4637330","3035058","36.2%","1773379","1441834","29.4%","0%",NA,NA,NA,NA,NA,NA,"41.9%"
"176",2021-06-07,"4637330","3036419","36.2%","1774139","1442775","29.4%","0%",NA,NA,NA,NA,NA,NA,"42.1%"
"177",2021-06-08,"4646130","3036833","36.2%","1774535","1443230","29.4%","0%",NA,NA,NA,NA,NA,NA,"42.3%"
"178",2021-06-09,"4646550","3040485","36.2%","1776278","1445608","29.5%","0%",NA,NA,NA,NA,NA,NA,"42.5%"
"179",2021-06-10,"4648150","3064250","36.4%","1787017","1460230","29.8%","0%",NA,NA,NA,NA,NA,NA,"42.6%"
"180",2021-06-11,"4658570","3078445","36.6%","1793119","1468898","30%","0%",NA,NA,NA,NA,NA,NA,"42.8%"
"181",2021-06-12,"4678220","3105159","36.8%","1805486","1485108","30.3%","0%",NA,NA,NA,NA,NA,NA,"43.1%"
"182",2021-06-13,"4678220","3114649","36.9%","1810074","1490848","30.4%","0%",NA,NA,NA,NA,NA,NA,"43.4%"
"183",2021-06-14,"4678220","3128112","37%","1815885","1499941","30.6%","0%",NA,NA,NA,NA,NA,NA,"43.7%"
"184",2021-06-15,"4686280","3129657","37.1%","1816769","1501171","30.6%","0%",NA,NA,NA,NA,NA,NA,"43.9%"
"185",2021-06-16,"4692070","3141802","37.2%","1822146","1508504","30.8%","0%",NA,NA,NA,NA,NA,NA,"44.1%"
"186",2021-06-17,"4726010","3253283","38.7%","1898131","1546119","31.5%","0%",NA,NA,NA,NA,NA,NA,"44.5%"
"187",2021-06-18,"4734100","3254330","38.7%","1898704","1546983","31.6%","0%",NA,NA,NA,NA,NA,NA,"44.7%"
"188",2021-06-19,"4758560","3275273","38.9%","1909005","1558881","31.8%","0%",NA,NA,NA,NA,NA,NA,"44.9%"
"189",2021-06-20,"4758560","3282193","39%","1913032","1562192","31.9%","0%",NA,NA,NA,NA,NA,NA,"45.1%"
"190",2021-06-21,"4758560","3285448","39.1%","1915122","1563573","31.9%","0%",NA,NA,NA,NA,NA,NA,"45.2%"
"191",2021-06-22,"4759120","3291351","39.1%","1918334","1566908","32%","0%",NA,NA,NA,NA,NA,NA,"45.3%"
"192",2021-06-23,"4767580","3298895","39.2%","1922707","1570452","32%","0%",NA,NA,NA,NA,NA,NA,"45.4%"
"193",2021-06-24,"4769800","3308713","39.3%","1928656","1574676","32.1%","0%",NA,NA,NA,NA,NA,NA,"45.6%"
"194",2021-06-25,"4783230","3308961","39.3%","1928903","1574934","32.1%","0%",NA,NA,NA,NA,NA,NA,"45.7%"
"195",2021-06-26,"4801760","3317156","39.4%","1933773","1578780","32.2%","0%",NA,NA,NA,NA,NA,NA,"45.8%"
"196",2021-06-27,"4801760","3330128","39.6%","1941681","1584456","32.3%","0%",NA,NA,NA,NA,NA,NA,"46.1%"
"197",2021-06-28,"4801760","3341617","39.7%","1948135","1590001","32.4%","0%",NA,NA,NA,NA,NA,NA,"46.3%"
"198",2021-06-29,"4810050","3349904","39.8%","1953410","1594040","32.5%","0%",NA,NA,NA,NA,NA,NA,"46.4%"
"199",2021-06-30,"4813050","3350607","39.9%","1954166","1594625","32.5%","0%",NA,NA,NA,NA,NA,NA,"46.7%"
"200",2021-07-01,"4825450","3365396","40%","1962745","1601802","32.7%","0%",NA,NA,NA,NA,NA,NA,"47%"
"201",2021-07-02,"4836250","3365623","40%","1962952","1602022","32.7%","0%",NA,NA,NA,NA,NA,NA,"47.1%"
"202",2021-07-03,"4845190","3381996","40.2%","1969834","1612803","32.9%","0%",NA,NA,NA,NA,NA,NA,"47.3%"
"203",2021-07-04,"4845190","3382042","40.2%","1969971","1612913","32.9%","0%",NA,NA,NA,NA,NA,NA,"47.4%"
"204",2021-07-05,"4845190","3392366","40.3%","1976302","1617556","33%","0%",NA,NA,NA,NA,NA,NA,"47.4%"
"205",2021-07-06,"4845190","3392366","40.3%","1976343","1617584","33%","0%",NA,NA,NA,NA,NA,NA,"47.5%"
"206",2021-07-07,"4845190","3396338","40.4%","1978951","1619647","33%","0%",NA,NA,NA,NA,NA,NA,"47.6%"
"207",2021-07-08,"4866130","3402487","40.4%","1982250","1623114","33.1%","0%",NA,NA,NA,NA,NA,NA,"47.7%"
"208",2021-07-09,"4872940","3408591","40.5%","1985582","1626323","33.2%","0%",NA,NA,NA,NA,NA,NA,"47.8%"
"209",2021-07-10,"4884130","3414916","40.6%","1988956","1629745","33.2%","0%",NA,NA,NA,NA,NA,NA,"47.9%"
"210",2021-07-11,"4884130","3422016","40.6%","1992957","1633408","33.3%","0%",NA,NA,NA,NA,NA,NA,"48%"
"211",2021-07-12,"4884130","3422020","40.6%","1993099","1633505","33.3%","0%",NA,NA,NA,NA,NA,NA,"48%"
"212",2021-07-13,"4885650","3434360","40.8%","2000752","1638866","33.4%","0%",NA,NA,NA,NA,NA,NA,"48.1%"
"213",2021-07-14,"4893240","3434499","40.8%","2000914","1639032","33.4%","0%",NA,NA,NA,NA,NA,NA,"48.2%"
"214",2021-07-15,"4895780","3448153","41%","2009200","1645083","33.6%","0%",NA,NA,NA,NA,NA,NA,"48.3%"
"215",2021-07-16,"4904730","3455086","41.1%","2013559","1647995","33.6%","0%",NA,NA,NA,NA,NA,NA,"48.4%"
"216",2021-07-17,"4912720","3455278","41.1%","2013853","1648172","33.6%","0%",NA,NA,NA,NA,NA,NA,"48.5%"
"217",2021-07-18,"4912720","3462968","41.2%","2018807","1651404","33.7%","0%",NA,NA,NA,NA,NA,NA,"48.6%"
"218",2021-07-19,"4919470","3468625","41.3%","2022782","1653604","33.7%","0%",NA,NA,NA,NA,NA,NA,"48.6%"
"219",2021-07-20,"4928670","3471361","41.3%","2024953","1654644","33.7%","0%",NA,NA,NA,NA,NA,NA,"48.7%"
"220",2021-07-21,"4935470","3485659","41.5%","2034814","1659775","33.9%","0%",NA,NA,NA,NA,NA,NA,"48.8%"
"221",2021-07-22,"4945380","3494632","41.6%","2041288","1662812","33.9%","0%",NA,NA,NA,NA,NA,NA,"48.8%"
"222",2021-07-23,"4979270","3494892","41.6%","2041597","1663031","33.9%","0%",NA,NA,NA,NA,NA,NA,"48.9%"
"223",2021-07-24,"5001210","3504304","41.8%","2048890","1665751","34%","0%",NA,NA,NA,NA,NA,NA,"49%"
"224",2021-07-25,"5001210","3516558","42%","2058672","1668818","34%","0%",NA,NA,NA,NA,NA,NA,"49.1%"
"225",2021-07-26,"5001210","3527448","42.2%","2067533","1671098","34.1%","0%",NA,NA,NA,NA,NA,NA,"49.1%"
"226",2021-07-27,"5015500","3534356","42.3%","2073358","1672423","34.1%","0%",NA,NA,NA,NA,NA,NA,"49.2%"
"227",2021-07-28,"5031270","3557652","42.7%","2092767","1677048","34.2%","0%",NA,NA,NA,NA,NA,NA,"49.3%"
"228",2021-07-29,"5050560","3557966","42.7%","2093242","1677279","34.2%","0%",NA,NA,NA,NA,NA,NA,"49.4%"
"229",2021-07-30,"5092510","3586810","43.2%","2116551","1683367","34.3%","0%",NA,NA,NA,NA,NA,NA,"49.5%"
"230",2021-07-31,"5159890","3587175","43.2%","2117044","1683584","34.3%","0%",NA,NA,NA,NA,NA,NA,"49.5%"
"231",2021-08-01,"5159890","3603940","43.4%","2130105","1687404","34.4%","0%",NA,NA,NA,NA,NA,NA,"49.6%"
"232",2021-08-02,"5159890","3603951","43.4%","2130309","1687444","34.4%","0%",NA,NA,NA,NA,NA,NA,"49.7%"
"233",2021-08-03,"5167970","3634744","43.9%","2154479","1693504","34.5%","0%",NA,NA,NA,NA,NA,NA,"49.7%"
"234",2021-08-04,"5201860","3646234","44.1%","2164048","1696031","34.6%","0%",NA,NA,NA,NA,NA,NA,"49.8%"
"235",2021-08-05,"5220840","3651071","44.2%","2168426","1697144","34.6%","0%",NA,NA,NA,NA,NA,NA,"49.9%"
"236",2021-08-06,"5262690","3681013","44.7%","2192650","1703519","34.7%","0%",NA,NA,NA,NA,NA,NA,"50%"
"237",2021-08-07,"5330000","3699467","45%","2207345","1707895","34.8%","0%",NA,NA,NA,NA,NA,NA,"50.1%"
"238",2021-08-08,"5330000","3699583","45%","2207724","1708026","34.8%","0%",NA,NA,NA,NA,NA,NA,"50.1%"
"239",2021-08-09,"5330000","3712533","45.2%","2217468","1711014","34.9%","0%",NA,NA,NA,NA,NA,NA,"50.2%"
"240",2021-08-10,"5358370","3730982","45.5%","2231388","1715676","35%","0%",NA,NA,NA,NA,NA,NA,"50.3%"
"241",2021-08-11,"5389260","3733090","45.6%","2233401","1716368","35%","0%",NA,NA,NA,NA,NA,NA,"50.3%"
"242",2021-08-12,"5418340","3748680","45.8%","2245275","1720455","35.1%","0%",NA,NA,NA,NA,NA,NA,"50.4%"
"243",2021-08-13,"5539910","3764110","46%","2256357","1725039","35.2%","0%",NA,NA,NA,NA,NA,NA,"50.5%"
"244",2021-08-14,"5554810","3769434","46.1%","2260327","1726776","35.2%","0%",NA,NA,NA,NA,NA,NA,"50.6%"
"245",2021-08-15,"5554810","3792348","46.4%","2275050","1734722","35.4%","0%",NA,NA,NA,NA,NA,NA,"50.7%"
"246",2021-08-16,"5554810","3815944","46.7%","2289141","1743610","35.6%","0%",NA,NA,NA,NA,NA,NA,"50.8%"
"247",2021-08-17,"5581220","3828166","46.8%","2295863","1748529","35.7%","0%",NA,NA,NA,NA,NA,NA,"50.9%"
"248",2021-08-18,"5631430","3838861","47%","2302598","1752243","35.7%","0%",NA,NA,NA,NA,NA,NA,"51%"
"249",2021-08-19,"5688310","3857905","47.2%","2312990","1759489","35.9%","0%",NA,NA,NA,NA,NA,NA,"51.1%"
"250",2021-08-20,"5789070","3888601","47.5%","2330695","1770725","36.1%","0%",NA,NA,NA,NA,NA,NA,"51.2%"
"251",2021-08-21,"5863360","3906516","47.7%","2340782","1777585","36.3%","0%",NA,NA,NA,NA,NA,NA,"51.3%"
"252",2021-08-22,"5863220","3916146","47.8%","2345934","1781590","36.3%","0%",NA,NA,NA,NA,NA,NA,"51.5%"
"253",2021-08-23,"5863220","3943465","48.1%","2358550","1793712","36.6%","0%","0",NA,NA,NA,NA,"0%","51.5%"
"254",2021-08-24,"5863220","3963352","48.3%","2368289","1802279","36.8%","0%","0",NA,NA,NA,NA,"0%","51.6%"
"255",2021-08-25,"5889060","3966712","48.3%","2370282","1803904","36.8%","0%","0",NA,NA,NA,NA,"0%","51.7%"
"256",2021-08-26,"5962240","3988529","48.6%","2380869","1813256","37%","0%","0",NA,NA,NA,NA,"0%","51.9%"
"257",2021-08-27,"6045390","4044688","48.9%","2399704","1838347","37.5%","0%","0",NA,NA,NA,NA,"0%","52%"
"258",2021-08-28,"6085890","4072870","49.3%","2415007","1850031","37.7%","0%","0",NA,NA,NA,NA,"0%","52.1%"
"259",2021-08-29,"6102830","4097445","49.5%","2426453","1860445","37.9%","0%","0",NA,NA,NA,NA,"0%","52.3%"
"260",2021-08-30,"6102130","4112942","49.6%","2432879","1868344","38.1%","0%","0",NA,NA,NA,NA,"0%","52.4%"
"261",2021-08-31,"6127400","4136247","49.8%","2442247","1880276","38.3%","0%","0",NA,NA,NA,NA,"0%","52.4%"
"262",2021-09-01,"6151970","4139337","49.9%","2444342","1882050","38.4%","0%","0",NA,NA,NA,NA,"0%","52.6%"
"263",2021-09-02,"6218000","4158442","50%","2452547","1891063","38.6%","0%","0",NA,NA,NA,NA,"0%","52.7%"
"264",2021-09-03,"6259550","4178419","50.2%","2461343","1900876","38.8%","0%","0",NA,NA,NA,NA,"0%","52.9%"
"265",2021-09-04,"6294440","4209610","50.5%","2474109","1915710","39.1%","0%","0",NA,NA,NA,NA,"0%","53%"
"266",2021-09-05,"6294340","4216512","50.5%","2477098","1919114","39.1%","0%","0",NA,NA,NA,NA,"0%","53.1%"
"267",2021-09-06,"6294340","4229402","50.6%","2482272","1925770","39.3%","0%","0",NA,NA,NA,NA,"0%","53.1%"
"268",2021-09-07,"6294340","4237710","50.7%","2485579","1930090","39.4%","0%","0",NA,NA,NA,NA,"0%","53.2%"
"269",2021-09-08,"6299020","4252635","50.8%","2491633","1938065","39.5%","0%","0",NA,NA,NA,NA,"0%","53.3%"
"270",2021-09-09,"6337120","4255847","50.8%","2493041","1940044","39.6%","0%","0",NA,NA,NA,NA,"0%","53.4%"
"271",2021-09-10,"6388850","4287769","51.1%","2504656","1956859","39.9%","0%","0",NA,NA,NA,NA,"0%","53.6%"
"272",2021-09-11,"6427570","4292244","51.1%","2506484","1959493","40%","0%","0",NA,NA,NA,NA,"0%","53.7%"
"273",2021-09-12,"6427570","4313489","51.3%","2514065","1971041","40.2%","0%","0",NA,NA,NA,NA,"0%","53.8%"
"274",2021-09-13,"6427570","4328199","51.4%","2519696","1979070","40.4%","0%","0",NA,NA,NA,NA,"0%","53.9%"
"275",2021-09-14,"6447940","4329528","51.3%","2516176","1980807","40.4%","0%","0",NA,NA,NA,NA,"0%","54%"
"276",2021-09-15,"6485880","4342220","51.4%","2520979","1988025","40.5%","0%","0",NA,NA,NA,NA,"0%","54.1%"
"277",2021-09-16,"6503890","4359022","51.5%","2526998","1997364","40.7%","0%","0",NA,NA,NA,NA,"0%","54.2%"
"278",2021-09-17,"6525240","4383430","51.7%","2535635","2010919","41%","0%","0",NA,NA,NA,NA,"0%","54.4%"
"279",2021-09-18,"6545280","4386893","51.7%","2537329","2013023","41.1%","0%","0",NA,NA,NA,NA,"0%","54.5%"
"280",2021-09-19,"6545280","4405259","51.9%","2543475","2023759","41.3%","0%","0",NA,NA,NA,NA,"0%","54.6%"
"281",2021-09-20,"6545280","4415777","51.9%","2547021","2030149","41.4%","0%","0",NA,NA,NA,NA,"0%","54.7%"
"282",2021-09-21,"6547850","4430711","52.1%","2552143","2038644","41.6%","0%","0",NA,NA,NA,NA,"0%","54.8%"
"283",2021-09-22,"6561280","4439932","52.1%","2555237","2043972","41.7%","0%","0",NA,NA,NA,NA,"0%","54.9%"
"284",2021-09-23,"6589940","4441961","52.1%","2556115","2045238","41.7%","0%","0",NA,NA,NA,NA,"0%","55%"
"285",2021-09-24,"6601120","4449282","52.2%","2558569","2049383","41.8%","0%","0",NA,NA,NA,NA,"0%","55.1%"
"286",2021-09-25,"6639550","4471337","52.3%","2565735","2060935","42%",NA,"0",NA,NA,NA,NA,"0%","55.2%"
"287",2021-09-26,"6639550","4485507","52.4%","2570413","2069026","42.2%",NA,"0",NA,NA,NA,NA,"0%","55.3%"
"288",2021-09-27,"6639550","4494228","52.5%","2572916","2073717","42.3%",NA,"0",NA,NA,NA,NA,"0%","55.4%"
"289",2021-09-28,"6646890","4511086","52.6%","2577657","2081567","42.5%",NA,"0",NA,NA,NA,NA,"0%","55.5%"
"290",2021-09-29,"6670090","4514239","52.6%","2578863","2083182","42.5%",NA,"0",NA,NA,NA,NA,"0%","55.5%"
"291",2021-09-30,"6665330","4532608","52.7%","2583590","2089852","42.6%","0%","0",NA,NA,NA,NA,"0%","55.6%"
"292",2021-10-01,"6709370","4534772","52.7%","2584258","2090806","42.6%","0%","0",NA,NA,NA,NA,"0%","55.7%"
"293",2021-10-02,"6738280","4544355","52.8%","2586950","2094920","42.7%","0%","0",NA,NA,NA,NA,"0%","55.8%"
"294",2021-10-03,"6736650","4565230","52.9%","2592096","2103203","42.9%","0%","0",NA,NA,NA,NA,"0%","55.9%"
"295",2021-10-04,"6736230","4579477","52.9%","2595947","2109349","43%","0%","0",NA,NA,NA,NA,"0%","56%"
"296",2021-10-05,"6742810","4584378","53%","2597448","2111925","43.1%","0%","0",NA,NA,NA,NA,"0%","56%"
"297",2021-10-06,"6757960","4594736","53%","2600070","2115732","43.2%","0%","0",NA,NA,NA,NA,"0%","56.1%"
"298",2021-10-07,"6781040","4604007","53.1%","2602402","2118943","43.2%","0%","0",NA,NA,NA,NA,"0%","56.2%"
"299",2021-10-08,"6829510","4624892","53.2%","2608058","2126766","43.4%","0%","0",NA,NA,NA,NA,"0%","56.3%"
"300",2021-10-09,"6858210","4630089","53.2%","2609534","2128926","43.4%","0%","0",NA,NA,NA,NA,"0%","56.4%"
"301",2021-10-10,"6858210","4642688","53.3%","2612561","2133719","43.5%","0%","0",NA,NA,NA,NA,"0%","56.5%"
"302",2021-10-11,"6858210","4649732","53.3%","2614514","2136775","43.6%","0%","0",NA,NA,NA,NA,"0%","56.5%"
"303",2021-10-12,"6864150","4657171","53.4%","2616672","2139547","43.6%","0%","0",NA,NA,NA,NA,"0%","56.5%"
"304",2021-10-13,"6884990","4660146","53.4%","2617643","2140724","43.7%","0%","0",NA,NA,NA,NA,"0%","56.6%"
"305",2021-10-14,"6900590","4669623","53.4%","2620146","2144120","43.7%","0%","0",NA,NA,NA,NA,"0%","56.7%"
"306",2021-10-15,"6916550","4677864","53.5%","2622428","2147033","43.8%","0%","0",NA,NA,NA,NA,"0%","56.8%"
"307",2021-10-16,"6945360","4688180","53.5%","2625208","2150508","43.9%","0%","0",NA,NA,NA,NA,"0%","56.9%"
"308",2021-10-17,"6937340","4703456","53.6%","2629346","2155609","44%","0%","0",NA,NA,NA,NA,"0%","57%"
"309",2021-10-18,"6936920","4709775","53.7%","2631267","2157856","44%","0%","0",NA,NA,NA,NA,"0%","57%"
"310",2021-10-19,"6946650","4714057","53.7%","2632750","2159523","44%","0%","0",NA,NA,NA,NA,"0%","57.1%"
"311",2021-10-20,"6981680","4722919","53.7%","2634995","2162284","44.1%","6%","130458",NA,NA,NA,NA,"2.7%","57.1%"
"312",2021-10-21,"6999770","4732829","53.8%","2637734","2165154","44.2%","6.2%","134615",NA,NA,NA,NA,"2.7%","57.2%"
"313",2021-10-22,"7045270","4742444","53.9%","2644229","2170323","44.3%","6.4%","138996",NA,NA,NA,NA,"2.8%","57.3%"
"314",2021-10-23,"7062480","4759947","54%","2648588","2174923","44.4%","6.8%","147525",NA,NA,NA,NA,"3%","57.4%"
"315",2021-10-24,"7061780","4766186","54%","2650133","2176540","44.4%","6.9%","150656",NA,NA,NA,NA,"3.1%","57.4%"
"316",2021-10-25,"7058840","4773728","54.1%","2652037","2177980","44.4%","7.1%","154781",NA,NA,NA,NA,"3.2%","57.4%"
"317",2021-10-26,"7069650","4779470","54.1%","2653566","2179242","44.4%","7.2%","157914",NA,NA,NA,NA,"3.2%","57.5%"
"318",2021-10-27,"7123260","4805213","54.2%","2659115","2183682","44.5%","8%","173615",NA,NA,NA,NA,"3.5%","57.5%"
"319",2021-10-28,"7163060","4827200","54.3%","2663952","2187378","44.6%","8.5%","186912",NA,NA,NA,NA,"3.8%","57.6%"
"320",2021-10-29,"7220460","4847422","54.4%","2668028","2190701","44.7%","9.1%","199742",NA,NA,NA,NA,"4.1%","57.8%"
"321",2021-10-30,"7264740","4866607","54.5%","2672040","2194074","44.7%","9.7%","211878",NA,NA,NA,NA,"4.3%","57.9%"
"322",2021-10-31,"7266450","4874827","54.5%","2673656","2195532","44.8%","9.9%","217170",NA,NA,NA,NA,"4.4%","58%"
"323",2021-11-01,"7263250","4884730","54.6%","2676227","2197549","44.8%","10.1%","222347",NA,NA,NA,NA,"4.5%","58%"
"324",2021-11-02,"7302580","4889817","54.6%","2677664","2198533","44.8%","10.2%","225090",NA,NA,NA,NA,"4.6%","58.1%"
"325",2021-11-03,"7316580","4912357","54.7%","2682405","2202285","44.9%","10.9%","239309",NA,NA,NA,NA,"4.9%","58.1%"
"326",2021-11-04,"7354360","4926067","54.8%","2685449","2204677","45%","11.2%","247798",NA,NA,NA,NA,"5.1%","58.2%"
"327",2021-11-05,"7401100","4939456","54.8%","2688481","2207077","45%","11.6%","255968",NA,NA,NA,NA,"5.2%","58.3%"
"328",2021-11-06,"7407740","4943879","54.9%","2689496","2208029","45%","11.7%","258842",NA,NA,NA,NA,"5.3%","58.3%"
"329",2021-11-07,"7423960","4960880","54.9%","2693121","2211121","45.1%","12.2%","269030",NA,NA,NA,NA,"5.5%","58.4%"
"330",2021-11-08,"7423960","4971453","55%","2695826","2213458","45.1%","12.4%","274387",NA,NA,NA,NA,"5.6%","58.4%"
"331",2021-11-09,"7456320","4974840","55%","2696907","2214496","45.2%","12.5%","276212",NA,NA,NA,NA,"5.6%","58.5%"
"332",2021-11-10,"7504060","4994724","55.1%","2701228","2218371","45.2%","13%","287703",NA,NA,NA,NA,"5.9%","58.5%"
"333",2021-11-11,"7572650","4999699","55.1%","2702579","2219423","45.3%","13.1%","290592",NA,NA,NA,NA,"5.9%","58.6%"
"334",2021-11-12,"7664290","5000242","55.1%","2702878","2219557","45.3%","13.1%","291056",NA,NA,NA,NA,"5.9%","58.7%"
"335",2021-11-13,"7683490","5011123","55.2%","2706002","2221462","45.3%","13.4%","297271",NA,NA,NA,NA,"6.1%","58.7%"
"336",2021-11-14,"7680930","5046821","55.4%","2714714","2228585","45.5%","14.2%","316722",NA,NA,NA,NA,"6.5%","58.8%"
"337",2021-11-15,"7679330","5056706","55.4%","2718301","2230181","45.5%","14.4%","321223",NA,NA,NA,NA,"6.6%","58.8%"
"338",2021-11-16,"7696280","5061882","55.5%","2720602","2231219","45.5%","14.5%","323564",NA,NA,NA,NA,"6.6%","58.9%"
"339",2021-11-17,"7723600","5077480","55.6%","2724085","2233411","45.6%","14.9%","333660",NA,NA,NA,NA,"6.8%","58.9%"
"340",2021-11-18,"7750770","5105635","55.7%","2731073","2237829","45.6%","15.6%","350133",NA,NA,NA,NA,"7.1%","58.9%"
"341",2021-11-19,"7781660","5112835","55.7%","2733032","2238958","45.7%","15.8%","354586",NA,NA,NA,NA,"7.2%","59%"
"342",2021-11-20,"7825960","5139179","55.9%","2740397","2243092","45.7%","16.5%","369229",NA,NA,NA,NA,"7.5%","59.1%"
"343",2021-11-21,"7822360","5146029","55.9%","2742393","2244148","45.8%","16.6%","373204",NA,NA,NA,NA,"7.6%","59.1%"
"344",2021-11-22,"7818860","5155007","56%","2745330","2245543","45.8%","16.8%","377625",NA,NA,NA,NA,"7.7%","59.2%"
"345",2021-11-23,"7827970","5170333","56.1%","2749881","2247882","45.8%","17.2%","385834",NA,NA,NA,NA,"7.9%","59%"
"346",2021-11-24,"7847520","5191035","56.2%","2755913","2254666","46%","17.5%","393964",NA,NA,NA,NA,"8%","59.1%"
"347",2021-11-25,"7847520","5191035","56.2%","2755913","2254666","46%","17.5%","393964",NA,NA,NA,NA,"8%","59.1%"
"348",2021-11-26,"7847520","5191035","56.2%","2755913","2254666","46%","17.5%","393964",NA,NA,NA,NA,"8%","59.1%"
"349",2021-11-27,"7847520","5191035","56.2%","2755913","2254666","46%","17.5%","393964",NA,NA,NA,NA,"8%","59.1%"
"350",2021-11-28,"7847520","5191035","56.2%","2755913","2254666","46%","17.5%","393964",NA,NA,NA,NA,"8%","59.1%"
"351",2021-11-29,"7802940","5229021","56.4%","2767489","2262464","46.1%","18.2%","412609",NA,NA,NA,NA,"8.4%","59.3%"
"352",2021-11-30,"7834540","5242493","56.5%","2772024","2264466","46.2%","18.5%","419340",NA,NA,NA,NA,"8.6%","59.4%"
"353",2021-12-01,"7870000","5259251","56.6%","2776759","2266861","46.2%","18.9%","428946",NA,NA,NA,NA,"8.8%","59.4%"
"354",2021-12-02,"7880350","5269173","56.7%","2780216","2268570","46.3%","19.1%","434119",NA,NA,NA,NA,"8.9%","59.6%"
"355",2021-12-03,"7902810","5301858","56.9%","2788826","2273361","46.4%","19.9%","452529",NA,NA,NA,NA,"9.2%","59.7%"
"356",2021-12-04,"7895690","5311207","56.9%","2791469","2274438","46.4%","20.1%","458195",NA,NA,NA,NA,"9.4%","59.8%"
"357",2021-12-05,"7868950","5335387","57.1%","2797899","2278670","46.5%","20.7%","471331",NA,NA,NA,NA,"9.6%","59.9%"
"358",2021-12-06,"7866010","5348564","57.1%","2801384","2281756","46.5%","20.9%","477755",NA,NA,NA,NA,"9.8%","60%"
"359",2021-12-07,"7894870","5358521","57.2%","2804132","2283759","46.6%","21.2%","483328",NA,NA,NA,NA,"9.9%","60.1%"
"360",2021-12-08,"7929510","5372947","57.3%","2807664","2286632","46.6%","21.5%","491203",NA,NA,NA,NA,"10%","60.4%"
"361",2021-12-09,"7935800","5379834","57.3%","2809478","2288180","46.7%","21.6%","495138",NA,NA,NA,NA,"10.1%","60.5%"
"362",2021-12-10,"7950160","5404729","57.4%","2815260","2293071","46.8%","22.2%","509236",NA,NA,NA,NA,"10.4%","60.6%"
"363",2021-12-11,"7997400","5421984","57.5%","2819200","2296493","46.8%","22.6%","519223",NA,NA,NA,NA,"10.6%","60.7%"
"364",2021-12-12,"7999700","5427694","57.5%","2820475","2297625","46.9%","22.7%","522636",NA,NA,NA,NA,"10.7%","60.8%"
"365",2021-12-13,"7999700","5436711","57.6%","2822664","2299840","46.9%","22.9%","526961",NA,NA,NA,NA,"10.8%","60.9%"
"366",2021-12-14,"8020150","5449205","57.6%","2825574","2302467","47%","23.2%","533719",NA,NA,NA,NA,"10.9%","61%"
"367",2021-12-15,"8050350","5460176","57.7%","2828316","2304915","47%","23.4%","539938",NA,NA,NA,NA,"11%","61.1%"
"368",2021-12-16,"8069670","5465558","57.7%","2829865","2306267","47%","23.5%","542978",NA,NA,NA,NA,"11.1%","61.2%"
"369",2021-12-17,"8120290","5484057","57.8%","2834061","2309833","47.1%","24%","553691",NA,NA,NA,NA,"11.3%","61.3%"
"370",2021-12-18,"8039060","5498460","57.9%","2837454","2312217","47.2%","24.3%","562341",NA,NA,NA,NA,"11.5%","61.4%"
"371",2021-12-19,"8008500","5503643","57.9%","2838792","2313129","47.2%","24.4%","565550",NA,NA,NA,NA,"11.5%","61.4%"
"372",2021-12-20,"7977980","5510359","57.9%","2840554","2314410","47.2%","24.6%","569193",NA,NA,NA,NA,"11.6%","61.5%"
"373",2021-12-21,"7985890","5518826","58%","2842738","2316077","47.2%","24.8%","573674",NA,NA,NA,NA,"11.7%","61.6%"
"374",2021-12-22,"8016810","5531312","58%","2845635","2318310","47.3%","25.1%","581143",NA,NA,NA,NA,"11.9%","61.7%"
"375",2021-12-23,"8046130","5549319","58.1%","2849954","2321403","47.3%","25.5%","591412",NA,NA,NA,NA,"12.1%","61.7%"
"376",2021-12-24,"8060410","5581194","58.3%","2857399","2326903","47.5%","26.2%","609056",NA,NA,NA,NA,"12.4%","61.7%"
"377",2021-12-25,"8059810","5584127","58.3%","2858085","2327272","47.5%","26.3%","610960",NA,NA,NA,NA,"12.5%","61.8%"
"378",2021-12-26,"8010670","5590833","58.3%","2859802","2328460","47.5%","26.4%","614410",NA,NA,NA,NA,"12.5%","61.8%"
"379",2021-12-27,"7994150","5592013","58.3%","2860243","2328730","47.5%","26.4%","614962",NA,NA,NA,NA,"12.6%","61.8%"
"380",2021-12-28,"7994010","5604954","58.4%","2863485","2331596","47.6%","26.7%","621747",NA,NA,NA,NA,"12.7%","61.9%"
"381",2021-12-29,"8039790","5608235","58.4%","2864442","2332287","47.6%","26.7%","623683",NA,NA,NA,NA,"12.7%","61.9%"
"382",2021-12-30,"8051430","5624234","58.5%","2868764","2335344","47.6%","27.1%","632174",NA,NA,NA,NA,"12.9%","62%"
"383",2021-12-31,"8056140","5639733","58.6%","2873131","2338278","47.7%","27.4%","640227",NA,NA,NA,NA,"13.1%","62.1%"
"384",2022-01-01,"8033920","5655316","58.7%","2877538","2340996","47.7%","27.7%","648381",NA,NA,NA,NA,"13.2%","62.1%"
"385",2022-01-02,"8029260","5655316","58.7%","2877538","2340996","47.7%","27.7%","648381",NA,NA,NA,NA,"13.2%","62.1%"
"386",2022-01-03,"8027420","5669320","58.8%","2881666","2343601","47.8%","28%","655288",NA,NA,NA,NA,"13.4%","62.1%"
"387",2022-01-04,"8027420","5678299","58.8%","2884819","2345599","47.8%","28.1%","659747",NA,NA,NA,NA,"13.5%","62.2%"
"388",2022-01-05,"8071240","5681793","58.9%","2886070","2346404","47.9%","28.2%","661457",NA,NA,NA,NA,"13.5%","62.3%"
"389",2022-01-06,"8391130","5695747","58.9%","2890246","2349085","47.9%","28.5%","668394",NA,NA,NA,NA,"13.6%","62.4%"
"390",2022-01-07,"8391130","5710373","59%","2894430","2351731","48%","28.7%","676060",NA,NA,NA,NA,"13.8%","62.4%"
"391",2022-01-08,"8498480","5723382","59.1%","2898115","2354087","48%","29%","683047",NA,NA,NA,NA,"13.9%","62.5%"
"392",2022-01-09,"8499980","5731467","59.2%","2900267","2355660","48%","29.2%","687451",NA,NA,NA,NA,"14%","62.5%"
"393",2022-01-10,"8499580","5742343","59.2%","2903320","2357727","48.1%","29.4%","693030",NA,NA,NA,NA,"14.1%","62.6%"
"394",2022-01-11,"8582180","5747337","59.2%","2904923","2358758","48.1%","29.5%","695417",NA,NA,NA,NA,"14.2%","62.6%"
"395",2022-01-12,"8622020","5761529","59.3%","2908943","2361490","48.2%","29.8%","702664",NA,NA,NA,NA,"14.3%","62.7%"
"396",2022-01-13,"8642820","5771935","59.4%","2912053","2363643","48.2%","30%","708033",NA,NA,NA,NA,"14.4%","62.8%"
"397",2022-01-14,"8667990","5795157","59.5%","2919436","2369558","48.3%","30.3%","717630",NA,NA,NA,NA,"14.6%","62.9%"
"398",2022-01-15,"8707560","5805754","59.6%","2922396","2371514","48.4%","30.5%","723210",NA,NA,NA,NA,"14.8%","62.9%"
"399",2022-01-16,"8707560","5809961","59.6%","2923720","2372246","48.4%","30.6%","725441",NA,NA,NA,NA,"14.8%","63%"
"400",2022-01-17,"8707560","5815032","59.7%","2925393","2373038","48.4%","30.7%","727947",NA,NA,NA,NA,"14.9%","63%"
"401",2022-01-18,"8710160","5820951","59.7%","2927217","2374104","48.4%","30.8%","730931",NA,NA,NA,NA,"14.9%","63%"
"402",2022-01-19,"8727360","5828843","60.4%","2962441","2396308","48.9%","30.7%","734927",NA,NA,NA,NA,"15%","63.1%"
"403",2022-01-20,"8736560","5831563","60.4%","2963667","2397146","48.9%","30.7%","736300",NA,NA,NA,NA,"15%","63.2%"
"404",2022-01-21,"8764630","5851443","60.6%","2969685","2401094","49%","31.1%","746356",NA,NA,NA,NA,"15.2%","63.3%"
"405",2022-01-22,"8795830","5851604","60.6%","2969945","2401192","49%","31.1%","746510",NA,NA,NA,NA,"15.2%","63.3%"
"406",2022-01-23,"8798430","5908517","60.9%","2985706","2411652","49.2%","32.2%","776197",NA,NA,NA,NA,"15.8%","63.4%"
"407",2022-01-24,"8798530","5910491","60.9%","2986497","2412148","49.2%","32.2%","777061",NA,NA,NA,NA,"15.9%","63.4%"
"408",2022-01-25,"8824030","5919745","61%","2989103","2414385","49.2%","32.4%","781521",NA,NA,NA,NA,"15.9%","63.5%"
"409",2022-01-26,"8840730","5933422","61%","2992597","2417639","49.3%","32.6%","788216",NA,NA,NA,NA,"16.1%","63.5%"
"410",2022-01-27,"8855430","5935375","61%","2993196","2418268","49.3%","32.6%","789208",NA,NA,NA,NA,"16.1%","63.6%"
"411",2022-01-28,"8874230","5947386","61.1%","2996356","2421487","49.4%","32.8%","794597",NA,NA,NA,NA,"16.2%","63.7%"
"412",2022-01-29,"8897300","5948950","61.1%","2996882","2421967","49.4%","32.8%","795324",NA,NA,NA,NA,"16.2%","63.7%"
"413",2022-01-30,"8897300","5956347","61.2%","2998983","2423893","49.4%","32.9%","798617",NA,NA,NA,NA,"16.3%","63.8%"
"414",2022-01-31,"8897300","5960126","61.2%","3000205","2425057","49.5%","33%","800020",NA,NA,NA,NA,"16.3%","63.8%"
"415",2022-02-01,"8903600","5964639","61.2%","3001733","2426408","49.5%","33%","801720",NA,NA,NA,NA,"16.4%","63.8%"
"416",2022-02-02,"8913200","5969396","61.2%","3003096","2427838","49.5%","33.1%","803638",NA,NA,NA,NA,"16.4%","63.9%"
"417",2022-02-03,"8924900","5975361","61.3%","3004743","2429527","49.5%","33.2%","806102",NA,NA,NA,NA,"16.5%","64%"
"418",2022-02-04,"8927700","5981709","61.3%","3006718","2431444","49.6%","33.3%","808688",NA,NA,NA,NA,"16.5%","64%"
"419",2022-02-05,"8932500","5987026","61.4%","3008488","2433084","49.6%","33.3%","810834",NA,NA,NA,NA,"16.5%","64.1%"
"420",2022-02-06,"8934700","5990880","61.4%","3009912","2434307","49.6%","33.4%","812405",NA,NA,NA,NA,"16.6%","64.1%"
"421",2022-02-07,"8934700","5993802","61.4%","3010724","2435296","49.7%","33.4%","813510",NA,NA,NA,NA,"16.6%","64.1%"
"422",2022-02-08,"8941300","6001038","61.4%","3012729","2437859","49.7%","33.5%","816119",NA,NA,NA,NA,"16.7%","64.2%"
"423",2022-02-09,"8976400","6005873","61.5%","3014105","2439486","49.8%","33.5%","817848",NA,NA,NA,NA,"16.7%","64.2%"
"424",2022-02-10,"8989300","6007170","61.5%","3014623","2440010","49.8%","33.5%","818351",NA,NA,NA,NA,"16.7%","64.3%"
"425",2022-02-11,"9003600","6015101","61.5%","3016727","2442615","49.8%","33.6%","821309",NA,NA,NA,NA,"16.8%","64.3%"
"426",2022-02-12,"9013500","6020091","61.6%","3018303","2444148","49.8%","33.7%","823248",NA,NA,NA,NA,"16.8%","64.4%"
"427",2022-02-13,"9013800","6021379","61.6%","3018754","2444634","49.9%","33.7%","823660",NA,NA,NA,NA,"16.8%","64.4%"
"428",2022-02-14,"9013800","6024341","61.6%","3019677","2445646","49.9%","33.7%","824670",NA,NA,NA,NA,"16.8%","64.4%"
"429",2022-02-15,"9017400","6031560","61.6%","3021405","2448121","49.9%","33.8%","827392",NA,NA,NA,NA,"16.9%","64.5%"
"430",2022-02-16,"9023700","6032558","61.6%","3021893","2448559","49.9%","33.8%","827819",NA,NA,NA,NA,"16.9%","64.5%"
"431",2022-02-17,"9180640","6063958","61.7%","3024814","2451886","50%","33.9%","830302",NA,NA,NA,NA,"16.9%","64.6%"
"432",2022-02-18,"9197040","6067226","61.7%","3025797","2452990","50%","33.9%","831488",NA,NA,NA,NA,"17%","64.6%"
"433",2022-02-19,"9207240","6068347","61.7%","3026281","2453426","50%","33.9%","831882",NA,NA,NA,NA,"17%","64.7%"
"434",2022-02-20,"9207740","6077511","61.8%","3028733","2455980","50.1%","34%","836036",NA,NA,NA,NA,"17.1%","64.7%"
"435",2022-02-21,"9207740","6079207","61.8%","3029183","2456611","50.1%","34.1%","836617",NA,NA,NA,NA,"17.1%","64.7%"
"436",2022-02-22,"9212140","6082787","61.8%","3030186","2457846","50.1%","34.1%","837981",NA,NA,NA,NA,"17.1%","64.8%"
"437",2022-02-23,"9223840","6083317","61.8%","3030412","2458072","50.1%","34.1%","838189",NA,NA,NA,NA,"17.1%","64.8%"
"438",2022-02-24,"9229440","6087103","61.8%","3031464","2459363","50.2%","34.1%","839556",NA,NA,NA,NA,"17.1%","64.8%"
"439",2022-02-25,"9245840","6090785","61.8%","3032452","2460564","50.2%","34.2%","840985",NA,NA,NA,NA,"17.2%","64.9%"
"440",2022-02-26,"9252240","6094167","61.9%","3033599","2461775","50.2%","34.2%","842213",NA,NA,NA,NA,"17.2%","64.9%"
"441",2022-02-27,"9252440","6097516","61.9%","3034512","2462856","50.2%","34.3%","843584",NA,NA,NA,NA,"17.2%","64.9%"
"442",2022-02-28,"9253940","6099054","61.9%","3034896","2463410","50.2%","34.3%","844214",NA,NA,NA,NA,"17.2%","64.9%"
"443",2022-03-01,"9254240","6100421","61.9%","3035346","2463862","50.3%","34.3%","844831",NA,NA,NA,NA,"17.2%","65%"
"444",2022-03-02,"9265240","6105329","61.9%","3036676","2465401","50.3%","34.3%","846628",NA,NA,NA,NA,"17.3%","65%"
"445",2022-03-03,"9271440","6108052","61.9%","3037417","2466221","50.3%","34.4%","847841",NA,NA,NA,NA,"17.3%","65%"
"446",2022-03-04,"9290440","6111841","62%","3038492","2467540","50.3%","34.4%","849201",NA,NA,NA,NA,"17.3%","65.1%"
"447",2022-03-05,"9297840","6114782","62%","3039266","2468584","50.3%","34.4%","850329",NA,NA,NA,NA,"17.4%","65.1%"
"448",2022-03-06,"9297840","6114853","62%","3039324","2468635","50.3%","34.4%","850363",NA,NA,NA,NA,"17.4%","65.1%"
"449",2022-03-07,"9297840","6116791","62%","3039893","2469222","50.4%","34.5%","851117",NA,NA,NA,NA,"17.4%","65.1%"
"450",2022-03-08,"9302640","6117662","62%","3040195","2469598","50.4%","34.5%","851452",NA,NA,NA,NA,"17.4%","65.1%"
"451",2022-03-09,"9308040","6119910","62%","3040966","2470363","50.4%","34.5%","852223",NA,NA,NA,NA,"17.4%","65.2%"
"452",2022-03-10,"9315840","6124293","62%","3042339","2471885","50.4%","34.5%","853746",NA,NA,NA,NA,"17.4%","65.2%"
"453",2022-03-11,"9328540","6126993","62.1%","3043079","2472796","50.4%","34.6%","854774",NA,NA,NA,NA,"17.4%","65.2%"
"454",2022-03-12,"9328540","6129692","62.1%","3043892","2473660","50.5%","34.6%","855757",NA,NA,NA,NA,"17.5%","65.2%"
"455",2022-03-13,"9328540","6130617","62.1%","3044160","2474026","50.5%","34.6%","856097",NA,NA,NA,NA,"17.5%","65.3%"
"456",2022-03-14,"9335540","6132079","62.1%","3044609","2474488","50.5%","34.6%","856643",NA,NA,NA,NA,"17.5%","65.3%"
"457",2022-03-15,"9337440","6133930","62.1%","3045185","2475174","50.5%","34.6%","857292",NA,NA,NA,NA,"17.5%","65.3%"
"458",2022-03-16,"9344040","6136613","62.1%","3045967","2476199","50.5%","34.7%","858145",NA,NA,NA,NA,"17.5%","65.3%"
"459",2022-03-17,"9349340","6138900","62.1%","3046606","2477117","50.5%","34.7%","858951",NA,NA,NA,NA,"17.5%","65.3%"
"460",2022-03-18,"9355140","6141345","62.1%","3047316","2477863","50.5%","34.7%","859864",NA,NA,NA,NA,"17.5%","65.3%"
"461",2022-03-19,"9355140","6143378","62.2%","3047990","2478446","50.5%","34.7%","860626",NA,NA,NA,NA,"17.6%","65.4%"
"462",2022-03-20,"9355140","6145092","62.2%","3048527","2478935","50.6%","34.7%","861294",NA,NA,NA,NA,"17.6%","65.4%"
"463",2022-03-21,"9355140","6145891","62.2%","3048762","2479179","50.6%","34.8%","861600",NA,NA,NA,NA,"17.6%","65.4%"
"464",2022-03-22,"9355140","6145984","62.2%","3048830","2479239","50.6%","34.8%","861685",NA,NA,NA,NA,"17.6%","65.4%"
"465",2022-03-23,"9368940","6147693","62.2%","3049380","2479697","50.6%","34.8%","862329",NA,NA,NA,NA,"17.6%","65.4%"
"466",2022-03-24,"9377040","6149794","62.2%","3050032","2480282","50.6%","34.8%","863092",NA,NA,NA,NA,"17.6%","65.4%"
"467",2022-03-25,"9388840","6152000","62.2%","3050642","2480944","50.6%","34.8%","863817",NA,NA,NA,NA,"17.6%","65.5%"
"468",2022-03-26,"9396740","6154060","62.2%","3051266","2481568","50.6%","34.8%","864584",NA,NA,NA,NA,"17.6%","65.5%"
"469",2022-03-27,"9396740","6154128","62.2%","3051334","2481596","50.6%","34.8%","864594",NA,NA,NA,NA,"17.6%","65.5%"
"470",2022-03-28,"9396740","6154130","62.2%","3051372","2481615","50.6%","34.8%","864599",NA,NA,NA,NA,"17.6%","65.5%"
"471",2022-03-29,"9400540","6157587","62.3%","3052367","2482580","50.6%","34.9%","865939",NA,NA,NA,NA,"17.7%","65.5%"
"472",2022-03-30,"9408940","6159241","62.3%","3052890","2483057","50.6%","34.9%","866601",NA,NA,NA,NA,"17.7%","65.5%"
"473",2022-03-31,"9416240","6163615","62.3%","3053982","2484171","50.7%","34.9%","868156",NA,NA,NA,NA,"17.7%","65.6%"
"474",2022-04-01,"9416240","6167392","62.3%","3054697","2484952","50.7%","35%","869046",NA,NA,NA,NA,"17.7%","65.6%"
"475",2022-04-02,"9441440","6172016","62.3%","3055443","2485756","50.7%","35%","870153",NA,NA,NA,NA,"17.8%","65.6%"
"476",2022-04-03,"9441740","6173021","62.3%","3055650","2485999","50.7%","35%","870432",NA,NA,NA,NA,"17.8%","65.6%"
"477",2022-04-04,"9441740","6176008","62.3%","3056098","2486493","50.7%","35%","871083",NA,NA,NA,NA,"17.8%","65.6%"
"478",2022-04-05,"9455740","6180194","62.3%","3056752","2487271","50.7%","35.1%","872062",NA,NA,NA,NA,"17.8%","65.6%"
"479",2022-04-06,"9470540","6182143","62.4%","3057332","2487607","50.7%","35.1%","872680",NA,NA,NA,NA,"17.8%","65.7%"
"480",2022-04-07,"9485140","6189250","62.4%","3058413","2488817","50.8%","35.1%","874229",NA,NA,NA,NA,"17.8%","65.7%"
"481",2022-04-08,"9505640","6194325","62.4%","3059166","2489605","50.8%","35.2%","875211",NA,NA,NA,NA,"17.9%","65.7%"
"482",2022-04-09,"9505640","6199212","62.4%","3059869","2490378","50.8%","35.2%","876122",NA,NA,NA,NA,"17.9%","65.8%"
"483",2022-04-10,"9526040","6199306","62.4%","3059998","2490420","50.8%","35.2%","876152",NA,NA,NA,NA,"17.9%","65.8%"
"484",2022-04-11,"9526040","6202297","62.4%","3060476","2490980","50.8%","35.2%","876715",NA,NA,NA,NA,"17.9%","65.8%"
"485",2022-04-12,"9530740","6207259","62.4%","3061267","2491778","50.8%","35.2%","877728",NA,NA,NA,NA,"17.9%","65.8%"
"486",2022-04-13,"9539540","6211888","62.4%","3061990","2492564","50.8%","35.2%","878604",NA,NA,NA,NA,"17.9%","65.8%"
"487",2022-04-14,"9550940","6216804","62.5%","3062680","2493334","50.9%","35.3%","879644",NA,NA,NA,NA,"18%","65.9%"
"488",2022-04-15,"9566240","6222725","62.5%","3063579","2494227","50.9%","35.3%","880724",NA,NA,NA,NA,"18%","65.9%"
"489",2022-04-16,"9582240","6236197","62.6%","3067702","2498153","50.9%","35.4%","883296",NA,NA,NA,NA,"18%","65.9%"
"490",2022-04-17,"9582540","6236325","62.6%","3067786","2498177","51%","35.4%","883312",NA,NA,NA,NA,"18%","65.9%"
"491",2022-04-18,"9582540","6239591","62.6%","3068367","2498711","51%","35.4%","883925",NA,NA,NA,NA,"18%","65.9%"
"492",2022-04-19,"9584440","6240831","62.6%","3068703","2499054","51%","35.4%","884208",NA,NA,NA,NA,"18%","66%"
"493",2022-04-20,"9605440","6243574","62.6%","3069113","2499476","51%","35.4%","884773",NA,NA,NA,NA,"18.1%","66%"
"494",2022-04-21,"9617540","6251443","62.6%","3070177","2500762","51%","35.4%","886245",NA,NA,NA,NA,"18.1%","66%"
"495",2022-04-22,"9631440","6255912","62.6%","3070775","2501448","51%","35.5%","887113",NA,NA,NA,NA,"18.1%","66%"
"496",2022-04-23,"9645340","6260386","62.6%","3071439","2502211","51%","35.5%","888018",NA,NA,NA,NA,"18.1%","66%"
"497",2022-04-24,"9645340","6260489","62.6%","3071559","2502265","51%","35.5%","888037",NA,NA,NA,NA,"18.1%","66.1%"
"498",2022-04-25,"9646540","6264113","62.7%","3072184","2502894","51%","35.5%","888840",NA,NA,NA,NA,"18.1%","66.1%"
"499",2022-04-26,"9653140","6264204","62.7%","3072274","2502957","51%","35.5%","888900",NA,NA,NA,NA,"18.1%","66.1%"
"500",2022-04-27,"9661540","6266563","62.7%","3072710","2503347","51.1%","35.5%","889429",NA,NA,NA,NA,"18.2%","66.1%"
"501",2022-04-28,"9670040","6270477","62.7%","3073336","2503983","51.1%","35.6%","890271",NA,NA,NA,NA,"18.2%","66.1%"
"502",2022-04-29,"9691340","6274690","62.7%","3073984","2504640","51.1%","35.6%","891103",NA,NA,NA,NA,"18.2%","66.1%"
"503",2022-04-30,"9700140","6278381","62.7%","3074526","2505234","51.1%","35.6%","891838",NA,NA,NA,NA,"18.2%","66.2%"
"504",2022-05-01,"9700140","6283019","62.7%","3075228","2506023","51.1%","35.6%","892770",NA,NA,NA,NA,"18.2%","66.2%"
"505",2022-05-02,"9700140","6284138","62.7%","3075480","2506225","51.1%","35.6%","892990",NA,NA,NA,NA,"18.2%","66.2%"
"506",2022-05-03,"9706540","6284287","62.7%","3075618","2506330","51.1%","35.6%","893084",NA,NA,NA,NA,"18.2%","66.2%"
"507",2022-05-04,"9713640","6287098","62.7%","3076115","2506812","51.1%","35.6%","893637",NA,NA,NA,NA,"18.2%","66.2%"
"508",2022-05-05,"9719840","6290805","62.7%","3076727","2507427","51.1%","35.7%","894412",NA,NA,NA,NA,"18.3%","66.3%"
"509",2022-05-06,"9733340","6294411","62.8%","3077279","2508027","51.2%","35.7%","895186",NA,NA,NA,NA,"18.3%","66.3%"
"510",2022-05-07,"9740540","6294474","62.8%","3077377","2508078","51.2%","35.7%","895215",NA,NA,NA,NA,"18.3%","66.3%"
"511",2022-05-08,"9741240","6294545","62.8%","3077440","2508105","51.2%","35.7%","895228",NA,NA,NA,NA,"18.3%","66.3%"
"512",2022-05-09,"9741240","6294545","62.8%","3077478","2508122","51.2%","35.7%","895229",NA,NA,NA,NA,"18.3%","66.3%"
"513",2022-05-10,"9746940","6303249","62.8%","3078789","2509666","51.2%","35.7%","897004",NA,NA,NA,NA,"18.3%","66.3%"
"514",2022-05-11,"9753540","6305610","62.8%","3079283","2510123","51.2%","35.8%","897459",NA,NA,NA,NA,"18.3%","66.3%"
"515",2022-05-12,"9771940","6309333","62.8%","3079807","2510739","51.2%","35.8%","898250",NA,NA,NA,NA,"18.3%","66.4%"
"516",2022-05-13,"9785840","6313176","62.8%","3080476","2511297","51.2%","35.8%","899083",NA,NA,NA,NA,"18.3%","66.4%"
"517",2022-05-14,"9795840","6316916","62.8%","3081121","2511897","51.2%","35.8%","899888",NA,NA,NA,NA,"18.4%","66.4%"
"518",2022-05-15,"9795840","6317012","62.8%","3081198","2511927","51.2%","35.8%","899895",NA,NA,NA,NA,"18.4%","66.4%"
"519",2022-05-16,"9798840","6322387","62.9%","3081952","2512778","51.2%","35.9%","900899",NA,NA,NA,NA,"18.4%","66.4%"
"520",2022-05-17,"9802940","6323495","62.9%","3082225","2513048","51.3%","35.9%","901175",NA,NA,NA,NA,"18.4%","66.5%"
"521",2022-05-18,"9808740","6326499","62.9%","3082744","2513558","51.3%","35.9%","901782",NA,NA,NA,NA,"18.4%","66.5%"
"522",2022-05-19,"9818740","6330112","62.9%","3083317","2514114","51.3%","35.9%","902534",NA,NA,NA,NA,"18.4%","66.5%"
"523",2022-05-20,"9837240","6333576","62.9%","3083907","2514690","51.3%","35.9%","903212",NA,NA,NA,NA,"18.4%","66.5%"
"524",2022-05-21,"9848640","6337244","62.9%","3084514","2515325","51.3%","35.9%","903916",NA,NA,NA,NA,"18.4%","66.5%"
"525",2022-05-22,"9849240","6340733","62.9%","3085081","2515884","51.3%","36%","904582",NA,NA,NA,NA,"18.5%","66.5%"
"526",2022-05-23,"9849240","6343067","62.9%","3085443","2516275","51.3%","36%","905083",NA,NA,NA,NA,"18.5%","66.5%"
"527",2022-05-24,"9859540","6344526","62.9%","3085814","2516586","51.3%","36%","905413",NA,NA,NA,NA,"18.5%","66.6%"
"528",2022-05-25,"9867440","6347722","62.9%","3086347","2517102","51.3%","36%","906160",NA,NA,NA,NA,"18.5%","66.6%"
"529",2022-05-26,"9886440","6351550","63%","3087026","2517736","51.3%","36%","906948",NA,NA,NA,NA,"18.5%","66.6%"
"530",2022-05-27,"9905440","6355750","63%","3087738","2518459","51.4%","36%","907826",NA,NA,NA,NA,"18.5%","66.6%"
"531",2022-05-28,"9918340","6359567","63%","3088354","2519137","51.4%","36.1%","908746",NA,NA,NA,NA,"18.5%","66.6%"
"532",2022-05-29,"9918340","6361923","63%","3088811","2519530","51.4%","36.1%","909233",NA,NA,NA,NA,"18.6%","66.6%"
"533",2022-05-30,"9918340","6361923","63%","3088823","2519533","51.4%","36.1%","909237",NA,NA,NA,NA,"18.6%","66.6%"
"534",2022-05-31,"9918340","6361923","63%","3088830","2519536","51.4%","36.1%","909238",NA,NA,NA,NA,"18.6%","66.7%"
"535",2022-06-01,"9920240","6366132","63%","3089636","2520369","51.4%","36.1%","910234",NA,NA,NA,NA,"18.6%","66.7%"
"536",2022-06-02,"9932040","6368601","63%","3090117","2520854","51.4%","36.1%","910788",NA,NA,NA,NA,"18.6%","66.7%"
"537",2022-06-03,"9940140","6372174","63%","3090756","2521450","51.4%","36.2%","911651",NA,NA,NA,NA,"18.6%","66.7%"
"538",2022-06-04,"9952640","6375537","63%","3091311","2522039","51.4%","36.2%","912479",NA,NA,NA,NA,"18.6%","66.7%"
"539",2022-06-05,"9952640","6378479","63.1%","3091761","2522541","51.4%","36.2%","913152",NA,NA,NA,NA,"18.6%","66.7%"
"540",2022-06-06,"9952640","6380381","63.1%","3092171","2522903","51.5%","36.2%","913547",NA,NA,NA,NA,"18.6%","66.7%"
"541",2022-06-07,"9955340","6380381","63.1%","3092299","2522958","51.5%","36.2%","913587",NA,NA,NA,NA,"18.6%","66.7%"
"542",2022-06-08,"9968540","6385776","63.1%","3093256","2523997","51.5%","36.2%","914837",NA,NA,NA,NA,"18.7%","66.7%"
"543",2022-06-09,"9986140","6386398","63.1%","3093398","2524132","51.5%","36.3%","915001",NA,NA,NA,NA,"18.7%","66.7%"
"544",2022-06-10,"9999740","6389171","63.1%","3093883","2524597","51.5%","36.3%","915651",NA,NA,NA,NA,"18.7%","66.8%"
"545",2022-06-11,"10012240","6392510","63.1%","3094436","2525184","51.5%","36.3%","916387",NA,NA,NA,NA,"18.7%","66.8%"
"546",2022-06-12,"10012240","6395423","63.1%","3094954","2525635","51.5%","36.3%","917065",NA,NA,NA,NA,"18.7%","66.8%"
"547",2022-06-13,"10012240","6397137","63.1%","3095262","2525947","51.5%","36.3%","917459",NA,NA,NA,NA,"18.7%","66.8%"
"548",2022-06-14,"10017140","6398110","63.1%","3095467","2526178","51.5%","36.3%","917699",NA,NA,NA,NA,"18.7%","66.8%"
"549",2022-06-15,"10027340","6400265","63.1%","3095891","2526582","51.5%","36.3%","918280",NA,NA,NA,NA,"18.7%","66.8%"
"550",2022-06-16,"10035640","6402751","63.1%","3096313","2527041","51.5%","36.4%","918815",NA,NA,NA,NA,"18.8%","66.8%"
"551",2022-06-22,"10094640","6414657","63.2%","3098404","2529086","51.6%","36.4%","921806",NA,NA,NA,NA,"18.8%","66.9%"
"552",2022-06-29,"10166340","6409053","63.3%","3102762","2529130","51.6%","36.9%","934022","934021","36.9%",NA,NA,"19.1%","66.9%"
"553",2022-07-06,"10227840","6421894","63.3%","3105321","2531605","51.6%","37%","937096","937095","37%",NA,NA,"19.1%","67%"
"554",2022-07-13,"10299140","6438626","63.4%","3109083","2534488","51.7%","37.1%","940997","940996","37.1%",NA,NA,"19.2%","67.1%"
"555",2022-07-20,"10351240","6463818","63.5%","3114035","2538510","51.8%","37.3%","946426","946425","37.3%",NA,NA,"19.3%","67.2%"
"556",2022-07-27,"10425540","6488750","63.6%","3119090","2542311","51.9%","37.4%","951944","951943","37.4%",NA,NA,"19.4%","67.2%"
"557",2022-08-03,"10488440","6509742","63.7%","3123070","2545221","51.9%","37.6%","956725","956724","37.6%",NA,NA,"19.5%","67.2%"
"558",2022-08-10,"10551040","6525635","63.8%","3127008","2550007","52%","37.7%","960736","960735","37.7%",NA,NA,"19.6%","67.3%"
"559",2022-08-17,"10590840","6538636","63.8%","3130184","2552617","52.1%","37.8%","963621","963619","37.8%",NA,NA,"19.7%","67.4%"
"560",2022-08-24,"10627440","6549961","63.9%","3132808","2554953","52.1%","37.8%","966055","966053","37.8%",NA,NA,"19.7%","67.4%"
"561",2022-08-31,"10662440","6560084","63.9%","3135199","2557143","52.2%","37.9%","968349","968347","37.9%",NA,NA,"19.8%","67.5%"
"562",2022-09-07,"10759340","6566505","64%","3136836","2558655","52.2%","37.9%","970025","970023","37.9%",NA,NA,"19.8%","67.6%"
"563",2022-09-14,"10941640","6578223","64%","3139166","2560721","52.2%","37.9%","971771","971763","38%","6950",NA,"19.8%","67.7%"
"564",2022-09-21,"11031240","6594010","64.1%","3141540","2562850","52.3%","38%","974216","974202","38%","18842",NA,"19.9%","67.8%"
"565",2022-09-28,"11131340","6612131","64.1%","3144023","2565135","52.3%","38.1%","976959","976931","38.1%","33470",NA,"19.9%","67.9%"
"566",2022-10-05,"11209840","6631238","64.2%","3146465","2569128","52.4%","38.2%","980686","980637","38.2%","48636",NA,"20%","68%"
"567",2022-10-12,"11279040","6649782","64.2%","3148955","2571271","52.4%","38.3%","983521","983457","38.3%","64455",NA,"20.1%","68.1%"
"568",2022-10-19,"11384240","6671583","64.3%","3151575","2573679","52.5%","38.3%","986791","986695","38.4%","83112","1.8%","20.1%","68.2%"
"569",2022-10-26,"11439740","6693189","64.3%","3154393","2576256","52.5%","38.4%","990084","989960","38.5%","100988","2.2%","20.2%","68.4%"
"570",2022-11-02,"11535580","6717542","64.4%","3157415","2578974","52.6%","38.5%","993944","993783","38.6%","121717","2.7%","20.3%","68.5%"
"571",2022-11-09,"11582040","6735771","64.4%","3159894","2581155","52.6%","38.6%","997092","996917","38.7%","137029","3%","20.3%","68.6%"
"572",2022-11-16,"11652440","6751023","64.5%","3161944","2583088","52.7%","38.7%","999677","999485","38.7%","149702","3.3%","20.4%","68.7%"
"573",2022-11-23,"11720840","6765053","64.5%","3164265","2585033","52.7%","38.8%","1001989","1001732","38.8%","160521","3.5%","20.4%","68.8%"
"574",2022-11-30,"11756440","6873874","64.7%","3171595","2593348","52.9%","39.2%","1017174","1016904","39.3%","267392","5.8%","20.8%","68.8%"
"575",2022-12-07,"11790000","6888090","64.7%","3173348","2594922","52.9%","39.3%","1019451","1019170","39.3%","279794","6%","20.8%","68.9%"
"576",2022-12-14,"11836660","6904805","64.8%","3175322","2596623","53%","39.4%","1022093","1021804","39.4%","294398","6.3%","20.9%","68.9%"
"577",2022-12-21,"11884870","6919202","64.8%","3177045","2598164","53%","39.4%","1024429","1024130","39.5%","306815","6.6%","20.9%","69%"
"578",2022-12-28,"11897230","6929554","64.8%","3178492","2599499","53%","39.5%","1026310","1026011","39.5%","315143","6.8%","20.9%","69%"
"579",2023-01-04,"11918030","6937933","64.8%","3179484","2600660","53%","39.5%","1027615","1027314","39.5%","322227","6.9%","21%","69.1%"
"580",2023-01-11,"11980900","6947815","64.9%","3180917","2601816","53.1%","39.6%","1029338","1029030","39.6%","330411","7.1%","21%","69.1%"
"581",2023-01-18,"12007660","6957265","64.9%","3182328","2602885","53.1%","39.6%","1030961","1030646","39.6%","338026","7.3%","21%","69.1%"
"582",2023-01-25,"12043100","6964516","64.9%","3183439","2603753","53.1%","39.6%","1032240","1031919","39.7%","343889","7.4%","21.1%","69.2%"
"583",2023-02-01,"12069210","6971439","64.9%","3184573","2604726","53.1%","39.7%","1033545","1033216","39.7%","349112","7.5%","21.1%","69.2%"
"584",2023-02-08,"12099240","6976100","65%","3185414","2605439","53.1%","39.7%","1034364","1034027","39.7%","352612","7.6%","21.1%","69.2%"
"585",2023-02-15,"12126780","6980749","65%","3186211","2606107","53.2%","39.7%","1035217","1034872","39.8%","356005","7.6%","21.1%","69.2%"
"586",2023-02-22,"12147150","6984197","65%","3186861","2606627","53.2%","39.7%","1035839","1035490","39.8%","358429","7.7%","21.1%","69.3%"
