"","County","Date","County name","FIPS","Fully vaccinated, all ages","Fully vaccinated","Received at least 1 dose, all ages","Received at least 1 dose","Fully vaccinated, 5+","Fully vaccinated, 12+","Fully vaccinated, 18+","Fully vaccinated, 65+","Geometry"
"1","Autauga",2023-01-11,"Autauga County","01001","45.9","25659","57.8","32309","48.7","52.4","54.1","74.1","MULTIPOLYGON (((-86.9176 32.66417, -86.81657 32.66012, -86.77153 32.66072, -86.71339 32.66173, -86.71422 32.70569, -86.52443 32.70706, -86.41312 32.70739, -86.41245 32.57932, -86.41223 32.52875, -86.41117 32.40994, -86.44472 32.39984, -86.45627 32.40584, -86.46128 32.40347, -86.46356 32.37729, -86.4919 32.36433, -86.49677 32.34444, -86.53253 32.33877, -86.54254 32.36352, -86.57055 32.37501, -86.58187 32.37502, -86.59533 32.36135, -86.61484 32.37427, -86.61345 32.39858, -86.618 32.40572, -86.65342 32.39725, -86.6556 32.37615, -86.68354 32.3534, -86.71134 32.36077, -86.71903 32.37206, -86.7179 32.40281, -86.72718 32.4045, -86.74998 32.3891, -86.77836 32.3946, -86.78045 32.3686, -86.77316 32.34073, -86.79827 32.30863, -86.81611 32.30997, -86.82092 32.33324, -86.81491 32.3408, -86.80738 32.35436, -86.8154 32.37082, -86.82724 32.37882, -86.84376 32.40042, -86.84545 32.41542, -86.82439 32.42472, -86.8499 32.43832, -86.86709 32.43919, -86.86006 32.45086, -86.87021 32.46897, -86.8852 32.48244, -86.87899 32.48732, -86.89083 32.51374, -86.90675 32.5373, -86.8983 32.56769, -86.91882 32.64428, -86.9176 32.66417)))"
"2","Baldwin",2023-01-11,"Baldwin County","01003","53.2","118686","66.7","148843","56.2","60.7","63.2","88.4","MULTIPOLYGON (((-88.02927 30.22271, -88.02399 30.23039, -87.96685 30.23562, -87.94898 30.25656, -87.93604 30.26147, -87.91825 30.25331, -87.91376 30.24784, -87.90046 30.24153, -87.8932 30.23924, -87.87934 30.23859, -87.86008 30.24029, -87.81774 30.25429, -87.80209 30.25305, -87.78775 30.25424, -87.76663 30.26235, -87.75526 30.27729, -87.75552 30.29122, -87.77276 30.3117, -87.79672 30.3242, -87.80927 30.3327, -87.82988 30.35381, -87.83138 30.35697, -87.83724 30.36932, -87.84513 30.37745, -87.85381 30.37848, -87.86502 30.38345, -87.90634 30.40938, -87.90891 30.41424, -87.91414 30.44614, -87.92003 30.47064, -87.92421 30.4761, -87.9319 30.4811, -87.93335 30.48736, -87.91114 30.52585, -87.90534 30.53757, -87.90217 30.54919, -87.90171 30.55088, -87.90417 30.56598, -87.90789 30.57311, -87.91143 30.57626, -87.91496 30.58589, -87.91253 30.6158, -87.91935 30.63606, -87.93107 30.65269, -87.93672 30.65743, -87.95599 30.65886, -87.9812 30.67509, -87.99078 30.67857, -88.0084 30.68496, -88.001 30.69829, -88.02632 30.75336, -88.0222 30.77219, -88.0167 30.78109, -87.9906 30.79415, -87.98707 30.81144, -87.94455 30.82705, -87.95448 30.84941, -87.98097 30.86187, -87.98693 30.87518, -87.95449 30.91877, -87.95231 30.92488, -87.92429 30.9354, -87.94355 30.96177, -87.96519 30.96778, -87.95662 30.98978, -87.9648 31.00819, -87.95051 31.02209, -87.95735 31.02937, -87.94115 31.04816, -87.9487 31.06786, -87.96324 31.06803, -87.97622 31.08953, -87.94658 31.12168, -87.94012 31.14724, -87.96628 31.14826, -87.97287 31.16269, -87.94132 31.16305, -87.94659 31.19293, -87.91364 31.18736, -87.90624 31.19916, -87.88958 31.20435, -87.87917 31.198, -87.86977 31.21576, -87.85995 31.20463, -87.8485 31.20838, -87.86359 31.22611, -87.86007 31.2354, -87.83592 31.23105, -87.84463 31.23933, -87.8371 31.24725, -87.84928 31.26001, -87.8337 31.25908, -87.82831 31.2753, -87.81822 31.27862, -87.8015 31.26981, -87.78552 31.27579, -87.78578 31.28294, -87.80897 31.30664, -87.80402 31.31902, -87.79563 31.30274, -87.77158 31.29372, -87.76515 31.29735, -87.71429 31.30212, -87.67642 31.26199, -87.63223 31.24293, -87.61589 31.24446, -87.61542 31.041, -87.61543 30.99736, -87.59883 30.99742, -87.59894 30.99742, -87.59918 30.99569, -87.59673 30.98758, -87.5934 30.98292, -87.59269 30.98011, -87.59417 30.97754, -87.59412 30.9763, -87.59305 30.97293, -87.59093 30.96938, -87.5892 30.96443, -87.59206 30.95146, -87.5969 30.9411, -87.59831 30.93876, -87.6007 30.93704, -87.60269 30.93424, -87.60782 30.92446, -87.60827 30.92187, -87.61021 30.9166, -87.61185 30.91451, -87.61422 30.9085, -87.61496 30.9042, -87.61602 30.90142, -87.62072 30.8989, -87.62221 30.89748, -87.62252 30.89365, -87.62093 30.88989, -87.62079 30.88746, -87.62207 30.88538, -87.62441 30.88467, -87.62946 30.88008, -87.62999 30.87766, -87.63494 30.86586, -87.62825 30.8601, -87.62623 30.8571, -87.62538 30.85433, -87.6265 30.85185, -87.62733 30.84793, -87.62608 30.84647, -87.62414 30.84568, -87.61729 30.84033, -87.61537 30.837, -87.61593 30.83467, -87.61099 30.8326, -87.60578 30.83128, -87.60358 30.8286, -87.60164 30.82511, -87.60049 30.8206, -87.5943 30.81696, -87.58788 30.81501, -87.58188 30.81238, -87.57686 30.80814, -87.57205 30.80051, -87.56815 30.79906, -87.56422 30.79622, -87.56007 30.79223, -87.55949 30.79042, -87.55485 30.7871, -87.55296 30.78692, -87.55206 30.78623, -87.54505 30.77864, -87.54537 30.77408, -87.54617 30.772, -87.54227 30.76748, -87.53709 30.76251, -87.53654 30.76136, -87.53542 30.75474, -87.53537 30.74975, -87.53261 30.74347, -87.52362 30.73828, -87.51174 30.73351, -87.50516 30.72629, -87.50233 30.72157, -87.49752 30.7201, -87.49678 30.72033, -87.48704 30.71848, -87.48123 30.71649, -87.47983 30.71493, -87.47959 30.71284, -87.47444 30.70657, -87.47041 30.70526, -87.46773 30.70166, -87.46635 30.70082, -87.45696 30.69754, -87.45141 30.69979, -87.44937 30.69889, -87.44359 30.69459, -87.44229 30.69266, -87.43982 30.69046, -87.43603 30.68865, -87.43038 30.68863, -87.4249 30.68336, -87.41954 30.67996, -87.41275 30.67804, -87.40697 30.67515, -87.40657 30.674, -87.40713 30.67178, -87.40589 30.6666, -87.40072 30.65713, -87.40019 30.6572, -87.39727 30.65433, -87.39619 30.65044, -87.3972 30.6481, -87.39595 30.64395, -87.3936 30.63087, -87.39379 30.62699, -87.39449 30.62518, -87.39567 30.62336, -87.39644 30.61772, -87.39644 30.6169, -87.39507 30.61589, -87.39504 30.61527, -87.39732 30.60871, -87.39928 30.6056, -87.40119 30.60438, -87.40461 30.60337, -87.40657 30.59991, -87.40875 30.58369, -87.41272 30.57321, -87.41452 30.57344, -87.41627 30.57244, -87.41836 30.57003, -87.41852 30.56955, -87.41696 30.56799, -87.41667 30.56629, -87.41866 30.56182, -87.42094 30.56066, -87.42242 30.56043, -87.42281 30.56137, -87.42337 30.56141, -87.42605 30.56006, -87.4279 30.55415, -87.43145 30.55025, -87.43497 30.54959, -87.43545 30.54913, -87.44659 30.52706, -87.44643 30.5203, -87.44495 30.51493, -87.44519 30.51397, -87.44651 30.51356, -87.44731 30.51262, -87.44779 30.5119, -87.44771 30.51045, -87.44472 30.50748, -87.44323 30.50677, -87.4397 30.50664, -87.43828 30.50535, -87.43119 30.49579, -87.43059 30.49109, -87.43299 30.48489, -87.43558 30.48049, -87.43469 30.47919, -87.43159 30.47769, -87.43059 30.47659, -87.42959 30.47059, -87.42509 30.46559, -87.41468 30.45729, -87.40788 30.45639, -87.40469 30.45289, -87.39989 30.45099, -87.39689 30.45059, -87.39198 30.45159, -87.38119 30.45009, -87.37078 30.44686, -87.36869 30.44462, -87.36695 30.44047, -87.3666 30.43664, -87.3682 30.4334, -87.37118 30.43048, -87.38208 30.42289, -87.38435 30.42163, -87.38638 30.42049, -87.39568 30.41759, -87.39878 30.41509, -87.40178 30.41139, -87.40348 30.41019, -87.40888 30.40879, -87.41318 30.40899, -87.41918 30.41019, -87.42268 30.41009, -87.42618 30.40919, -87.42958 30.40649, -87.43069 30.40484, -87.43178 30.40319, -87.43428 30.39749, -87.43728 30.39589, -87.44068 30.39149, -87.44118 30.38859, -87.44088 30.38669, -87.43868 30.38209, -87.43868 30.38079, -87.44183 30.3763, -87.44908 30.3704, -87.45138 30.3672, -87.45188 30.365, -87.45198 30.3603, -87.45097 30.34626, -87.45228 30.3441, -87.45998 30.3363, -87.46298 30.334, -87.46488 30.3333, -87.48126 30.32657, -87.49064 30.32323, -87.49616 30.31799, -87.49285 30.3118, -87.48567 30.30894, -87.46414 30.3118, -87.4669 30.30226, -87.50941 30.29219, -87.51838 30.2839, -87.51832 30.28043, -87.54453 30.27566, -87.5581 30.27444, -87.58136 30.26926, -87.65689 30.24971, -87.73553 30.24068, -87.80056 30.22936, -87.83846 30.22718, -87.92612 30.23037, -87.96225 30.22952, -88 30.22575, -88.01457 30.22237, -88.0284 30.22113, -88.02927 30.22271)))"
"3","Barbour",2023-01-11,"Barbour County","01005","47.3","11679","57.6","14221","49.9","53.5","55.5","74.5","MULTIPOLYGON (((-85.74142 31.61961, -85.72983 31.63237, -85.71615 31.6605, -85.71791 31.69803, -85.70612 31.70724, -85.70511 31.73171, -85.6956 31.74783, -85.67412 31.75863, -85.66269 31.78332, -85.67414 31.80814, -85.66831 31.83449, -85.67759 31.85678, -85.65767 31.88027, -85.64877 31.91161, -85.60477 31.96085, -85.59255 31.99426, -85.58054 31.99695, -85.51236 31.99969, -85.51264 32.01405, -85.42848 32.01495, -85.43031 32.05196, -85.42744 32.13935, -85.41024 32.14665, -85.25783 32.14793, -85.25978 32.13854, -85.23626 32.12366, -85.22912 32.10271, -85.19575 32.08184, -85.19141 32.06459, -85.18507 32.06171, -85.04934 32.06244, -85.05382 32.0135, -85.0632 31.99186, -85.07533 31.96386, -85.08213 31.94466, -85.11993 31.89326, -85.12984 31.88351, -85.14183 31.83926, -85.13123 31.81526, -85.13653 31.78896, -85.13384 31.78035, -85.12869 31.76388, -85.14843 31.77347, -85.18831 31.74644, -85.20603 31.74181, -85.20951 31.71047, -85.21608 31.70241, -85.41604 31.70666, -85.41644 31.61947, -85.46704 31.62057, -85.58544 31.61756, -85.74825 31.61805, -85.74142 31.61961)))"
"4","Bibb",2023-01-11,"Bibb County","01007","36.3","8132","43.7","9788","38.4","41.1","42.6","63.5","MULTIPOLYGON (((-87.42194 33.00338, -87.31854 33.00618, -87.31788 33.0246, -87.31158 33.09393, -87.28194 33.13306, -87.19932 33.13066, -87.19915 33.19655, -87.15207 33.23248, -87.1435 33.23619, -87.12187 33.23584, -87.12151 33.22147, -87.1041 33.22146, -87.07664 33.24683, -87.06574 33.24691, -87.02685 33.24646, -87.0256 33.16579, -86.9888 33.16184, -86.96956 33.15814, -86.96931 33.10405, -86.95088 33.09858, -86.95166 33.07874, -86.93399 33.0788, -86.93397 33.06406, -86.88118 33.0499, -86.87687 33.04993, -86.87622 32.90193, -86.87622 32.84784, -86.87612 32.83626, -87.01916 32.83703, -87.09818 32.83601, -87.21253 32.83517, -87.23329 32.83224, -87.31918 32.83152, -87.31947 32.87512, -87.4212 32.87451, -87.42194 33.00338)))"
"5","Blount",2023-01-11,"Blount County","01009","32.8","18977","39.5","22870","34.9","38.2","40.2","55.4","MULTIPOLYGON (((-86.96336 33.85822, -86.9202 33.87345, -86.92439 33.90922, -86.88602 33.91743, -86.87789 33.9363, -86.86817 33.93277, -86.83621 33.95062, -86.82131 33.94153, -86.82012 33.95753, -86.79202 33.95242, -86.79168 33.96356, -86.764 33.97419, -86.76007 33.99593, -86.74038 34.00039, -86.73669 34.01201, -86.72058 34.03203, -86.70146 34.03963, -86.70095 34.06055, -86.68536 34.05914, -86.69058 34.06379, -86.69175 34.06512, -86.69277 34.06738, -86.69326 34.06818, -86.69504 34.07035, -86.69686 34.07227, -86.69874 34.07509, -86.70055 34.07752, -86.70205 34.07827, -86.70404 34.07972, -86.70454 34.08042, -86.70455 34.08092, -86.70424 34.0815, -86.70247 34.08278, -86.69812 34.08508, -86.69535 34.08714, -86.69443 34.08843, -86.69314 34.09079, -86.69247 34.0924, -86.69124 34.09272, -86.68928 34.09244, -86.68843 34.0926, -86.68775 34.09179, -86.68756 34.09066, -86.68765 34.0891, -86.68868 34.08705, -86.6887 34.08628, -86.68775 34.08406, -86.6877 34.08073, -86.6873 34.07999, -86.68658 34.07957, -86.68524 34.07986, -86.68288 34.08236, -86.6811 34.08329, -86.67727 34.08435, -86.67555 34.08535, -86.67399 34.08769, -86.6733 34.08821, -86.6726 34.08841, -86.67134 34.08793, -86.67072 34.08727, -86.67021 34.08581, -86.67043 34.08448, -86.67 34.08384, -86.66896 34.0837, -86.66779 34.08441, -86.66666 34.08544, -86.66433 34.08704, -86.66026 34.08938, -86.65876 34.09, -86.65682 34.09165, -86.65345 34.10722, -86.62413 34.12221, -86.60115 34.11904, -86.59473 34.13544, -86.56783 34.17022, -86.56385 34.17049, -86.54521 34.18727, -86.5558 34.18913, -86.53935 34.22601, -86.52339 34.22734, -86.51893 34.25232, -86.49966 34.24897, -86.48594 34.26018, -86.45302 34.25932, -86.44413 34.25912, -86.43069 34.23189, -86.41694 34.21489, -86.40902 34.205, -86.3867 34.18227, -86.37831 34.17379, -86.31366 34.11179, -86.30352 34.09907, -86.32266 34.07229, -86.33239 34.0405, -86.33272 33.98611, -86.33934 33.97148, -86.37015 33.93977, -86.32562 33.94015, -86.32215 33.93243, -86.3495 33.90698, -86.34269 33.88647, -86.37753 33.86171, -86.40598 33.8359, -86.43772 33.81998, -86.44528 33.82598, -86.4803 33.81515, -86.51249 33.81079, -86.52177 33.8019, -86.57753 33.80198, -86.5778 33.76532, -86.58811 33.76536, -86.64776 33.7659, -86.64529 33.77301, -86.75914 33.84062, -86.78837 33.84103, -86.88395 33.84324, -86.93654 33.81531, -86.95366 33.8153, -86.9543 33.84486, -86.96336 33.85822)))"
"6","Bullock",2023-01-11,"Bullock County","01011","56.6","5717","72","7271","59.8","64.1","65.1","84.2","MULTIPOLYGON (((-85.99916 32.25054, -85.98655 32.25064, -85.98656 32.27234, -85.91929 32.27438, -85.89869 32.27499, -85.89854 32.30529, -85.87787 32.29153, -85.87606 32.24634, -85.8626 32.23492, -85.85622 32.23197, -85.43354 32.23465, -85.42744 32.14655, -85.41024 32.14665, -85.42744 32.13935, -85.43031 32.05196, -85.42848 32.01495, -85.51264 32.01405, -85.51236 31.99969, -85.58054 31.99695, -85.59255 31.99426, -85.60477 31.96085, -85.64877 31.91161, -85.65767 31.88027, -85.79105 31.88036, -85.79005 31.96725, -85.88435 31.96725, -85.88425 31.98185, -85.89265 31.98905, -85.89365 32.04735, -85.91146 32.04735, -85.91175 32.05475, -85.94628 32.05457, -85.9463 32.06189, -85.95025 32.05455, -85.97591 32.05443, -85.98405 32.04745, -85.99685 32.05105, -85.99786 32.1416, -85.99916 32.25054)))"
"7","Butler",2023-01-11,"Butler County","01013","40.8","7943","51.2","9955","43.3","46.9","48.8","67.6","MULTIPOLYGON (((-86.90894 31.96167, -86.85758 31.96217, -86.4482 31.96463, -86.44662 31.84643, -86.43836 31.84284, -86.44641 31.83166, -86.44598 31.70112, -86.44863 31.65562, -86.49953 31.65525, -86.49921 31.52533, -86.70155 31.52395, -86.83939 31.5252, -86.8663 31.54698, -86.86565 31.55378, -86.87456 31.57799, -86.88811 31.59221, -86.89396 31.61634, -86.90677 31.63267, -86.9059 31.75303, -86.9069 31.83063, -86.90894 31.96167)))"
"8","Calhoun",2023-01-11,"Calhoun County","01015","48.8","55449","58.9","66946","51.8","56","58.6","83","MULTIPOLYGON (((-86.14371 33.70913, -86.12388 33.71079, -86.11659 33.7238, -86.0816 33.74297, -86.06258 33.7599, -86.04436 33.76306, -86.06436 33.79778, -86.05144 33.82413, -86.06527 33.8422, -86.04907 33.8416, -86.04653 33.8526, -86.02127 33.8515, -86.02147 33.8661, -85.99517 33.8649, -85.98754 33.8792, -85.98647 33.8937, -85.96917 33.8929, -85.96917 33.9034, -85.96917 33.9146, -85.93447 33.921, -85.93427 33.9064, -85.89957 33.9064, -85.89967 33.943, -85.88177 33.9503, -85.84639 33.95002, -85.81103 33.94707, -85.74097 33.9353, -85.73897 33.96846, -85.71209 33.96691, -85.52943 33.95598, -85.53009 33.94142, -85.53248 33.88915, -85.60186 33.88975, -85.6019 33.87486, -85.63701 33.87527, -85.63713 33.8465, -85.5852 33.84592, -85.58598 33.8021, -85.60339 33.80234, -85.60347 33.78775, -85.62089 33.78794, -85.62125 33.77351, -85.63805 33.77334, -85.63858 33.64841, -85.65581 33.62717, -85.69068 33.62779, -85.69014 33.61581, -85.72495 33.61354, -85.72452 33.59943, -85.74231 33.60001, -85.74412 33.55607, -85.79605 33.55622, -85.79456 33.58556, -85.87557 33.586, -85.99493 33.58648, -85.99688 33.60092, -86.02174 33.60398, -86.02282 33.62092, -86.0258 33.64628, -86.04958 33.67347, -86.05482 33.67472, -86.0796 33.6758, -86.14556 33.6791, -86.14371 33.70913)))"
"9","Chambers",2023-01-11,"Chambers County","01017","33.1","10999","39.3","13072","35","37.9","39.4","52.8","MULTIPOLYGON (((-85.59318 33.10734, -85.23244 33.10807, -85.22333 33.06258, -85.22193 33.05554, -85.20736 32.98257, -85.20262 32.95884, -85.18881 32.88972, -85.18579 32.87027, -85.18442 32.86141, -85.1844 32.86132, -85.1535 32.84278, -85.16794 32.81161, -85.13332 32.78208, -85.12219 32.77335, -85.13888 32.76006, -85.1301 32.75175, -85.13504 32.74653, -85.28484 32.74513, -85.29322 32.73073, -85.35641 32.7305, -85.37713 32.7303, -85.40455 32.73053, -85.41345 32.74473, -85.43055 32.74503, -85.43055 32.73033, -85.59315 32.72853, -85.59343 32.89727, -85.59318 33.10734)))"
"10","Cherokee",2023-01-11,"Cherokee County","01019","32.3","8462","39.2","10266","33.9","36.5","38.5","56.2","MULTIPOLYGON (((-85.84384 34.24345, -85.82549 34.24011, -85.80842 34.23938, -85.80904 34.25892, -85.77416 34.25909, -85.67528 34.3434, -85.67217 34.35184, -85.66415 34.36194, -85.63665 34.36662, -85.62034 34.38698, -85.62751 34.39592, -85.62496 34.3973, -85.61667 34.39341, -85.60068 34.42093, -85.57966 34.43971, -85.58392 34.45796, -85.58033 34.47031, -85.57034 34.46776, -85.57698 34.48354, -85.56039 34.48991, -85.55936 34.50125, -85.5444 34.50008, -85.53343 34.51408, -85.51373 34.52419, -85.51372 34.52417, -85.51212 34.51825, -85.5084 34.50121, -85.50247 34.47453, -85.50233 34.47395, -85.48461 34.39289, -85.47404 34.34454, -85.47047 34.32824, -85.46211 34.28639, -85.45872 34.26944, -85.4581 34.26573, -85.4554 34.25285, -85.45508 34.25069, -85.4295 34.1251, -85.42825 34.1144, -85.42188 34.08082, -85.42026 34.07228, -85.40678 34.00231, -85.40595 34.0001, -85.39887 33.96413, -85.42563 33.95707, -85.49529 33.95691, -85.49582 33.94239, -85.53009 33.94142, -85.52943 33.95598, -85.71209 33.96691, -85.73897 33.96846, -85.73714 33.9892, -85.79707 34.10018, -85.79101 34.1251, -85.81197 34.1251, -85.8332 34.10994, -85.84136 34.1107, -85.84362 34.20001, -85.84384 34.24345)))"
"11","Chilton",2023-01-11,"Chilton County","01021","37.5","16656","45.5","20218","39.9","43.7","45.8","67.8","MULTIPOLYGON (((-87.01916 32.83703, -86.87612 32.83626, -86.87622 32.84784, -86.87622 32.90193, -86.87687 33.04993, -86.88118 33.0499, -86.88164 33.07186, -86.84272 33.07094, -86.82483 33.06853, -86.8023 33.06884, -86.73 33.06927, -86.61 33.07, -86.60403 33.05509, -86.55384 33.01893, -86.53686 33.02443, -86.51734 33.02057, -86.52228 33.00439, -86.51062 32.98538, -86.51812 32.97118, -86.51596 32.92936, -86.49051 32.90562, -86.48022 32.87435, -86.46567 32.86914, -86.45152 32.86369, -86.44784 32.85098, -86.46069 32.83346, -86.45701 32.8139, -86.42724 32.79171, -86.4134 32.78818, -86.39674 32.76295, -86.37497 32.75358, -86.41333 32.75059, -86.41312 32.70739, -86.52443 32.70706, -86.71422 32.70569, -86.71339 32.66173, -86.77153 32.66072, -86.81657 32.66012, -86.9176 32.66417, -87.01766 32.66327, -87.01776 32.72953, -87.01916 32.83703)))"
"12","Choctaw",2023-01-11,"Choctaw County","01023","68.4","8614","84.8","10673","72.2","77.2","81.2","95","MULTIPOLYGON (((-88.47323 31.89386, -88.46888 31.93026, -88.46866 31.93317, -88.45504 32.03972, -88.45496 32.04058, -88.45342 32.05305, -88.44305 32.13696, -88.43871 32.17208, -88.43865 32.17281, -88.43129 32.22765, -88.42828 32.25014, -88.42145 32.30868, -87.93066 32.31057, -87.9318 32.29727, -87.9297 32.29252, -87.93355 32.28237, -87.94464 32.28295, -87.93676 32.30166, -87.94835 32.30409, -87.96789 32.29825, -87.97567 32.30785, -87.9914 32.29462, -88.00427 32.29664, -88.00422 32.28369, -88.01914 32.28524, -88.02012 32.27177, -88.00945 32.2617, -88.01505 32.23494, -88.00752 32.21932, -88.01254 32.20083, -88.00708 32.18531, -88.02137 32.14495, -88.03581 32.14501, -88.0522 32.10177, -88.04471 32.08226, -88.07061 32.0617, -88.08477 32.07082, -88.09589 32.06985, -88.11834 32.05113, -88.1134 32.04118, -88.11743 32.01682, -88.11358 32.00624, -88.09507 31.99308, -88.09209 32.00705, -88.07349 31.99018, -88.07076 31.95864, -88.08091 31.95391, -88.09667 31.96502, -88.12141 31.95026, -88.11721 31.93928, -88.10229 31.93999, -88.08809 31.92193, -88.06772 31.9369, -88.05525 31.92348, -88.07703 31.92181, -88.08864 31.91077, -88.12943 31.90494, -88.13827 31.87558, -88.14574 31.85996, -88.15837 31.85351, -88.16195 31.8408, -88.18074 31.81669, -88.16527 31.78897, -88.15858 31.76614, -88.14262 31.75249, -88.12202 31.76077, -88.10492 31.7608, -88.09338 31.73752, -88.08829 31.6993, -88.46443 31.69795, -88.46511 31.72231, -88.46867 31.79072, -88.47111 31.85095, -88.47121 31.85138, -88.47264 31.87515, -88.47323 31.89386)))"
"13","Clarke",2023-01-11,"Clarke County","01025","52.3","12360","64.2","15173","55.5","59.8","62.4","81.5","MULTIPOLYGON (((-88.18074 31.81669, -88.16195 31.8408, -88.15837 31.85351, -88.14574 31.85996, -88.13827 31.87558, -88.12943 31.90494, -88.08864 31.91077, -88.07703 31.92181, -88.05525 31.92348, -88.06772 31.9369, -88.08809 31.92193, -88.10229 31.93999, -88.11721 31.93928, -88.12141 31.95026, -88.09667 31.96502, -88.08091 31.95391, -88.07076 31.95864, -88.07349 31.99018, -87.8053 31.99046, -87.66777 31.99135, -87.66684 31.87575, -87.63303 31.87604, -87.62095 31.8704, -87.62011 31.82712, -87.50093 31.82925, -87.50095 31.81402, -87.51836 31.81439, -87.51613 31.69782, -87.56684 31.69712, -87.56541 31.55357, -87.59926 31.52744, -87.62144 31.51475, -87.60506 31.50016, -87.56279 31.47769, -87.56336 31.4647, -87.577 31.4321, -87.60314 31.40956, -87.62271 31.41074, -87.63965 31.42477, -87.66557 31.42317, -87.68553 31.40756, -87.70604 31.40096, -87.72584 31.37374, -87.72276 31.34362, -87.7464 31.33326, -87.75358 31.34056, -87.75454 31.36233, -87.7628 31.36428, -87.76798 31.34407, -87.78438 31.32891, -87.78379 31.31546, -87.76515 31.29735, -87.77158 31.29372, -87.79563 31.30274, -87.80402 31.31902, -87.80897 31.30664, -87.78578 31.28294, -87.78552 31.27579, -87.8015 31.26981, -87.81822 31.27862, -87.82831 31.2753, -87.8337 31.25908, -87.84928 31.26001, -87.8371 31.24725, -87.84463 31.23933, -87.83592 31.23105, -87.86007 31.2354, -87.86359 31.22611, -87.8485 31.20838, -87.85995 31.20463, -87.86977 31.21576, -87.87917 31.198, -87.88958 31.20435, -87.90624 31.19916, -87.91364 31.18736, -87.94659 31.19293, -87.94841 31.20682, -87.93133 31.22455, -87.94403 31.24429, -87.96338 31.25017, -87.96923 31.25836, -87.98623 31.25976, -87.97573 31.26972, -87.95511 31.26774, -87.95738 31.27965, -87.94751 31.29627, -87.96473 31.31119, -87.95962 31.31621, -87.92453 31.31291, -87.92323 31.33457, -87.91012 31.33406, -87.90807 31.32304, -87.88886 31.36402, -87.89281 31.37234, -87.88729 31.3922, -87.898 31.38108, -87.91864 31.38963, -87.91729 31.37673, -87.94428 31.37517, -87.9277 31.39657, -87.91207 31.39453, -87.90734 31.40607, -87.92782 31.40784, -87.91114 31.4244, -87.93511 31.4424, -87.91545 31.44977, -87.91909 31.46714, -87.90614 31.49175, -87.92444 31.50302, -87.94251 31.52672, -87.97038 31.53055, -87.98176 31.5389, -88.01863 31.55237, -88.03128 31.56049, -88.04006 31.57226, -88.02335 31.57092, -88.02769 31.58425, -88.05145 31.5835, -88.07223 31.5945, -88.07996 31.60577, -88.07426 31.61638, -88.08397 31.63032, -88.08939 31.65875, -88.07871 31.66962, -88.08695 31.68618, -88.08829 31.6993, -88.09338 31.73752, -88.10492 31.7608, -88.12202 31.76077, -88.14262 31.75249, -88.15858 31.76614, -88.16527 31.78897, -88.18074 31.81669)))"
"14","Clay",2023-01-11,"Clay County","01027","43.6","5764","52.2","6913","46","49.7","51.9","71.5","MULTIPOLYGON (((-86.17283 33.19568, -86.12057 33.19451, -86.1182 33.29632, -86.10084 33.29608, -86.01156 33.29432, -85.98029 33.29419, -85.97652 33.38187, -85.94126 33.38175, -85.94087 33.39605, -85.92376 33.39621, -85.92282 33.45458, -85.90534 33.45471, -85.90491 33.49865, -85.85189 33.49874, -85.85242 33.49164, -85.86931 33.49157, -85.87005 33.47676, -85.88768 33.47677, -85.88778 33.46943, -85.78274 33.46935, -85.78269 33.48364, -85.76563 33.48348, -85.76543 33.49859, -85.64348 33.49589, -85.64991 33.32421, -85.64113 33.32393, -85.64144 33.30596, -85.65047 33.30615, -85.65365 33.10663, -85.75363 33.10528, -85.80169 33.1043, -85.97471 33.10529, -85.97456 33.09051, -86.00917 33.09026, -86.00931 33.10464, -86.17437 33.10439, -86.17283 33.19568)))"
"15","Cleburne",2023-01-11,"Cleburne County","01029","29.6","4406","35.4","5271","31.4","34.4","36.5","53.4","MULTIPOLYGON (((-85.88768 33.47677, -85.87005 33.47676, -85.86931 33.49157, -85.85242 33.49164, -85.85189 33.49874, -85.79685 33.54185, -85.79605 33.55622, -85.74412 33.55607, -85.74231 33.60001, -85.72452 33.59943, -85.72495 33.61354, -85.69014 33.61581, -85.69068 33.62779, -85.65581 33.62717, -85.63858 33.64841, -85.63805 33.77334, -85.62125 33.77351, -85.62089 33.78794, -85.60347 33.78775, -85.60339 33.80234, -85.58598 33.8021, -85.5852 33.84592, -85.63713 33.8465, -85.63701 33.87527, -85.6019 33.87486, -85.60186 33.88975, -85.53248 33.88915, -85.53009 33.94142, -85.49582 33.94239, -85.49529 33.95691, -85.42563 33.95707, -85.39887 33.96413, -85.38651 33.90172, -85.37746 33.85605, -85.37644 33.85065, -85.36189 33.77395, -85.36053 33.76796, -85.35744 33.7501, -85.33825 33.65311, -85.32384 33.58034, -85.32262 33.57415, -85.31504 33.5359, -85.31414 33.53022, -85.31405 33.5298, -85.30449 33.48288, -85.33106 33.49101, -85.34774 33.50138, -85.35257 33.49244, -85.64348 33.49589, -85.76543 33.49859, -85.76563 33.48348, -85.78269 33.48364, -85.78274 33.46935, -85.88778 33.46943, -85.88768 33.47677)))"
"16","Coffee",2023-01-11,"Coffee County","01031","48.8","25544","61.7","32275","52","56.7","59.3","81.9","MULTIPOLYGON (((-86.19637 31.42543, -86.19395 31.44007, -86.19478 31.52995, -86.15656 31.5302, -86.15031 31.5376, -86.14395 31.53768, -86.1459 31.61774, -85.78914 31.61796, -85.78978 31.35656, -85.7901 31.33628, -85.7914 31.19635, -86.05853 31.19408, -86.11673 31.19301, -86.11674 31.1821, -86.12548 31.19275, -86.19348 31.19221, -86.19504 31.35268, -86.19637 31.42543)))"
"17","Colbert",2023-01-11,"Colbert County","01033","49.5","27324","58.6","32397","52.4","56.7","58.7","80.5","MULTIPOLYGON (((-88.13925 34.5878, -88.13872 34.58921, -88.13426 34.62266, -88.12292 34.69535, -88.11841 34.72429, -88.11642 34.7463, -88.10756 34.81163, -88.09789 34.8922, -88.04087 34.90661, -87.98661 34.88674, -87.95227 34.86766, -87.93346 34.8389, -87.92029 34.80447, -87.86131 34.76298, -87.83583 34.74124, -87.80696 34.73206, -87.76733 34.73459, -87.73266 34.74569, -87.70757 34.77292, -87.69419 34.77663, -87.67539 34.78214, -87.67105 34.78254, -87.6696 34.78244, -87.65399 34.78787, -87.6434 34.79285, -87.6247 34.79604, -87.61369 34.79903, -87.60461 34.80386, -87.58475 34.81919, -87.52436 34.83238, -87.47997 34.81263, -87.42651 34.80002, -87.43439 34.77361, -87.41648 34.76754, -87.42785 34.75191, -87.43306 34.71748, -87.42629 34.70933, -87.44995 34.6968, -87.45114 34.68238, -87.4434 34.66109, -87.4595 34.64435, -87.48365 34.64814, -87.47682 34.6378, -87.49691 34.62599, -87.50272 34.60948, -87.51452 34.59832, -87.50734 34.58649, -87.51856 34.57748, -87.51781 34.56623, -87.52967 34.56708, -87.60075 34.56824, -87.63793 34.56915, -88.13999 34.5817, -88.13925 34.5878)))"
"18","Conecuh",2023-01-11,"Conecuh County","01035","45.3","5463","58.4","7046","47.8","51.5","53.8","67.9","MULTIPOLYGON (((-87.42088 31.27632, -87.39321 31.30085, -87.35976 31.31775, -87.34653 31.34962, -87.33218 31.35525, -87.29672 31.40128, -87.27111 31.4162, -87.22999 31.45342, -87.22511 31.45491, -87.20685 31.4581, -87.19793 31.47811, -87.16658 31.51956, -87.16773 31.5348, -87.15892 31.56614, -87.14513 31.58717, -87.1374 31.61445, -87.13505 31.64242, -87.09135 31.65226, -87.07833 31.66634, -87.05597 31.67738, -87.06095 31.70485, -87.0511 31.71834, -87.02414 31.71256, -86.98932 31.71856, -86.9799 31.72618, -86.94872 31.73488, -86.9339 31.74616, -86.9059 31.75303, -86.90677 31.63267, -86.89396 31.61634, -86.88811 31.59221, -86.87456 31.57799, -86.86565 31.55378, -86.8663 31.54698, -86.83939 31.5252, -86.70155 31.52395, -86.70122 31.43664, -86.67485 31.43656, -86.66208 31.4028, -86.67544 31.389, -86.66724 31.3694, -86.69252 31.34748, -86.70245 31.3454, -86.70114 31.32436, -86.70028 31.19222, -86.72109 31.19098, -86.72117 31.18366, -86.73874 31.19465, -86.75667 31.19316, -86.77252 31.20224, -86.76376 31.22046, -86.77226 31.25065, -86.76396 31.26129, -87.03647 31.26131, -87.42745 31.26039, -87.42088 31.27632)))"
"19","Coosa",2023-01-11,"Coosa County","01037","41.9","4470","50.1","5341","43.8","46.5","48.2","67.2","MULTIPOLYGON (((-86.51734 33.02057, -86.52006 33.05699, -86.50603 33.06775, -86.51114 33.08843, -86.49103 33.10294, -86.17437 33.10439, -86.00931 33.10464, -86.00917 33.09026, -86.00834 32.9978, -86.00831 32.93985, -86.00756 32.82777, -86.01349 32.82012, -86.00731 32.8122, -86.00719 32.75498, -86.31948 32.7537, -86.31916 32.76784, -86.33669 32.76813, -86.33677 32.75378, -86.37497 32.75358, -86.39674 32.76295, -86.4134 32.78818, -86.42724 32.79171, -86.45701 32.8139, -86.46069 32.83346, -86.44784 32.85098, -86.45152 32.86369, -86.46567 32.86914, -86.48022 32.87435, -86.49051 32.90562, -86.51596 32.92936, -86.51812 32.97118, -86.51062 32.98538, -86.52228 33.00439, -86.51734 33.02057)))"
"20","Covington",2023-01-11,"Covington County","01039","39.1","14472","47.6","17617","41.5","45.3","47.8","67.9","MULTIPOLYGON (((-86.70245 31.3454, -86.69252 31.34748, -86.66724 31.3694, -86.67544 31.389, -86.66208 31.4028, -86.67485 31.43656, -86.70122 31.43664, -86.70155 31.52395, -86.49921 31.52533, -86.41538 31.52557, -86.39994 31.52713, -86.39854 31.45132, -86.39569 31.45068, -86.3703 31.47369, -86.36466 31.48673, -86.34004 31.48692, -86.3306 31.50095, -86.31964 31.50504, -86.29889 31.5285, -86.28015 31.52851, -86.27703 31.4556, -86.26019 31.45572, -86.26188 31.44117, -86.19395 31.44007, -86.19637 31.42543, -86.19504 31.35268, -86.19348 31.19221, -86.19035 31.00306, -86.18725 30.99403, -86.23841 30.99435, -86.25652 30.99384, -86.28932 30.99378, -86.30467 30.99401, -86.36497 30.99444, -86.36934 30.99446, -86.37461 30.99446, -86.38865 30.99416, -86.38871 30.99416, -86.392 30.99415, -86.40498 30.99403, -86.45477 30.99377, -86.45838 30.99398, -86.50001 30.99332, -86.51289 30.99368, -86.52 30.99322, -86.56349 30.9952, -86.56764 30.99509, -86.66473 30.99451, -86.67843 30.99451, -86.68831 30.99457, -86.70022 31.00042, -86.70028 31.19222, -86.70114 31.32436, -86.70245 31.3454)))"
"21","Crenshaw",2023-01-11,"Crenshaw County","01041","35.6","4906","43.1","5938","37.8","41.2","43.5","65.7","MULTIPOLYGON (((-86.49953 31.65525, -86.44863 31.65562, -86.44598 31.70112, -86.44641 31.83166, -86.43836 31.84284, -86.44662 31.84643, -86.4482 31.96463, -86.405 31.96377, -86.40628 32.05073, -86.30704 32.0517, -86.30351 32.05031, -86.30222 31.96506, -86.19138 31.96645, -86.17497 31.9306, -86.17309 31.89314, -86.18231 31.87029, -86.18295 31.83239, -86.19941 31.80786, -86.19938 31.79045, -86.14834 31.79095, -86.14715 31.66315, -86.16006 31.66023, -86.15888 31.64754, -86.17868 31.62819, -86.1797 31.61652, -86.1459 31.61774, -86.14395 31.53768, -86.15031 31.5376, -86.15656 31.5302, -86.19478 31.52995, -86.19395 31.44007, -86.26188 31.44117, -86.26019 31.45572, -86.27703 31.4556, -86.28015 31.52851, -86.29889 31.5285, -86.31964 31.50504, -86.3306 31.50095, -86.34004 31.48692, -86.36466 31.48673, -86.3703 31.47369, -86.39569 31.45068, -86.39854 31.45132, -86.39994 31.52713, -86.41538 31.52557, -86.49921 31.52533, -86.49953 31.65525)))"
"22","Cullman",2023-01-11,"Cullman County","01043","39.2","32861","46.3","38802","41.8","45.6","48.3","72.1","MULTIPOLYGON (((-87.15104 33.99322, -87.11199 33.99238, -87.11094 34.17255, -87.1102 34.22836, -87.10991 34.2993, -87.11011 34.3138, -87.09198 34.3123, -86.83866 34.30817, -86.81458 34.30776, -86.58194 34.30469, -86.54952 34.30374, -86.47752 34.30276, -86.45945 34.28915, -86.45302 34.25932, -86.48594 34.26018, -86.49966 34.24897, -86.51893 34.25232, -86.52339 34.22734, -86.53935 34.22601, -86.5558 34.18913, -86.54521 34.18727, -86.56385 34.17049, -86.56783 34.17022, -86.59473 34.13544, -86.60115 34.11904, -86.62413 34.12221, -86.65345 34.10722, -86.65682 34.09165, -86.65876 34.09, -86.66026 34.08938, -86.66433 34.08704, -86.66666 34.08544, -86.66779 34.08441, -86.66896 34.0837, -86.67 34.08384, -86.67043 34.08448, -86.67021 34.08581, -86.67072 34.08727, -86.67134 34.08793, -86.6726 34.08841, -86.6733 34.08821, -86.67399 34.08769, -86.67555 34.08535, -86.67727 34.08435, -86.6811 34.08329, -86.68288 34.08236, -86.68524 34.07986, -86.68658 34.07957, -86.6873 34.07999, -86.6877 34.08073, -86.68775 34.08406, -86.6887 34.08628, -86.68868 34.08705, -86.68765 34.0891, -86.68756 34.09066, -86.68775 34.09179, -86.68843 34.0926, -86.68928 34.09244, -86.69124 34.09272, -86.69247 34.0924, -86.69314 34.09079, -86.69443 34.08843, -86.69535 34.08714, -86.69812 34.08508, -86.70247 34.08278, -86.70424 34.0815, -86.70455 34.08092, -86.70454 34.08042, -86.70404 34.07972, -86.70205 34.07827, -86.70055 34.07752, -86.69874 34.07509, -86.69686 34.07227, -86.69504 34.07035, -86.69326 34.06818, -86.69277 34.06738, -86.69175 34.06512, -86.69058 34.06379, -86.68536 34.05914, -86.70095 34.06055, -86.70146 34.03963, -86.72058 34.03203, -86.73669 34.01201, -86.74038 34.00039, -86.76007 33.99593, -86.764 33.97419, -86.79168 33.96356, -86.79202 33.95242, -86.82012 33.95753, -86.82131 33.94153, -86.83621 33.95062, -86.86817 33.93277, -86.87789 33.9363, -86.88602 33.91743, -86.92439 33.90922, -86.9202 33.87345, -86.96336 33.85822, -86.99399 33.86093, -87.00686 33.86618, -87.00708 33.88893, -87.09184 33.89009, -87.10081 33.89836, -87.082 33.9064, -87.08558 33.91916, -87.10457 33.93522, -87.11238 33.95949, -87.13408 33.96509, -87.15104 33.99322)))"
"23","Dale",2023-01-11,"Dale County","01045","49.5","24318","59.4","29215","53","57.6","60.2","76.2","MULTIPOLYGON (((-85.7901 31.33628, -85.78978 31.35656, -85.78914 31.61796, -85.74825 31.61805, -85.58544 31.61756, -85.46704 31.62057, -85.41644 31.61947, -85.41577 31.49041, -85.41803 31.44077, -85.41671 31.36335, -85.41743 31.31497, -85.41714 31.28722, -85.42623 31.28627, -85.46804 31.28678, -85.48544 31.28709, -85.48585 31.2461, -85.54611 31.25387, -85.58553 31.26418, -85.60296 31.27238, -85.63531 31.27555, -85.65998 31.27089, -85.67119 31.2497, -85.68909 31.23609, -85.69666 31.20472, -85.71033 31.19517, -85.7914 31.19635, -85.7901 31.33628)))"
"24","Dallas",2023-01-11,"Dallas County","01047","47.2","17538","60.8","22628","50.1","54.9","57.1","76.1","MULTIPOLYGON (((-87.47308 32.30761, -87.42174 32.3081, -87.42315 32.48297, -87.26562 32.48402, -87.22098 32.48699, -87.11275 32.48851, -87.10072 32.50474, -87.08997 32.53442, -87.08184 32.53708, -87.07726 32.55736, -87.0814 32.57043, -87.05701 32.58444, -87.04071 32.59919, -87.04787 32.62078, -87.04353 32.64295, -87.03208 32.664, -87.03325 32.69584, -87.01776 32.72953, -87.01766 32.66327, -86.9176 32.66417, -86.91882 32.64428, -86.8983 32.56769, -86.90675 32.5373, -86.89083 32.51374, -86.87899 32.48732, -86.8852 32.48244, -86.87021 32.46897, -86.86006 32.45086, -86.86709 32.43919, -86.8499 32.43832, -86.82439 32.42472, -86.84545 32.41542, -86.84376 32.40042, -86.82724 32.37882, -86.8154 32.37082, -86.80738 32.35436, -86.81491 32.3408, -86.85041 32.32895, -86.85051 32.30986, -86.82606 32.30596, -86.85367 32.28728, -86.86394 32.2703, -86.84125 32.24199, -86.82131 32.23376, -86.81045 32.23759, -86.81031 32.22475, -86.9083 32.22503, -86.90696 32.04797, -87.17786 32.04751, -87.17558 32.0647, -87.19158 32.07026, -87.19031 32.08608, -87.22318 32.09352, -87.24551 32.12216, -87.26116 32.12375, -87.25224 32.1358, -87.26285 32.14701, -87.28087 32.14435, -87.29253 32.1679, -87.31796 32.18126, -87.32866 32.19533, -87.35338 32.20165, -87.36539 32.19722, -87.37452 32.22192, -87.3886 32.22317, -87.39428 32.23733, -87.42275 32.24412, -87.44459 32.26893, -87.47221 32.26492, -87.47308 32.30761)))"
"25","DeKalb",2023-01-11,"DeKalb County","01049","35.1","25129","43.1","30808","37.4","40.9","43.4","62.6","MULTIPOLYGON (((-86.11036 34.4278, -86.05771 34.47599, -86.03485 34.47342, -86.01559 34.48164, -86.00384 34.48003, -85.96616 34.49861, -85.96411 34.49964, -85.96234 34.49976, -85.96118 34.50059, -85.96011 34.50218, -85.95961 34.50348, -85.95698 34.50614, -85.95694 34.50712, -85.93854 34.52535, -85.88111 34.56231, -85.78547 34.62458, -85.69304 34.74425, -85.67338 34.74491, -85.6602 34.75496, -85.63427 34.79898, -85.62707 34.83188, -85.58315 34.86037, -85.56142 34.75008, -85.55249 34.70832, -85.55246 34.70814, -85.54128 34.65678, -85.54127 34.6567, -85.53434 34.62508, -85.5341 34.62386, -85.52727 34.58868, -85.51709 34.5426, -85.51394 34.52519, -85.51373 34.52419, -85.53343 34.51408, -85.5444 34.50008, -85.55936 34.50125, -85.56039 34.48991, -85.57698 34.48354, -85.57034 34.46776, -85.58033 34.47031, -85.58392 34.45796, -85.57966 34.43971, -85.60068 34.42093, -85.61667 34.39341, -85.62496 34.3973, -85.62751 34.39592, -85.62034 34.38698, -85.63665 34.36662, -85.66415 34.36194, -85.67217 34.35184, -85.67528 34.3434, -85.77416 34.25909, -85.80904 34.25892, -85.80842 34.23938, -85.82549 34.24011, -85.84384 34.24345, -85.84362 34.20001, -86.10609 34.20076, -86.10743 34.2498, -86.10791 34.28272, -86.10892 34.33376, -86.11007 34.3748, -86.11889 34.40384, -86.11036 34.4278)))"
"26","Elmore",2023-01-11,"Elmore County","01051","48.2","39179","59.3","48192","51.2","55.6","58.3","89.7","MULTIPOLYGON (((-86.41333 32.75059, -86.37497 32.75358, -86.33677 32.75378, -86.33669 32.76813, -86.31916 32.76784, -86.31948 32.7537, -86.00719 32.75498, -85.97216 32.75493, -85.97276 32.76922, -85.95556 32.76913, -85.95486 32.75482, -85.89537 32.75458, -85.87986 32.75453, -85.89061 32.717, -85.90747 32.6993, -85.91171 32.67784, -85.88775 32.64761, -85.89028 32.63316, -85.89456 32.61473, -85.88764 32.55798, -85.89039 32.50014, -85.88615 32.49305, -85.8703 32.48147, -85.85262 32.47575, -85.8727 32.47387, -85.88222 32.45499, -85.89442 32.44758, -85.93178 32.45353, -85.95895 32.44113, -85.97346 32.45345, -85.98526 32.44047, -85.99349 32.45151, -85.99065 32.43305, -86.02301 32.41998, -86.04255 32.41793, -86.0464 32.40615, -86.07806 32.41271, -86.08628 32.42165, -86.11633 32.41703, -86.12955 32.42219, -86.12545 32.43405, -86.15103 32.42464, -86.15424 32.43435, -86.19228 32.43613, -86.1806 32.4475, -86.19808 32.45138, -86.23707 32.49498, -86.26289 32.50125, -86.26202 32.48652, -86.29025 32.47261, -86.31325 32.48897, -86.30798 32.46701, -86.32516 32.44353, -86.30816 32.41502, -86.30818 32.41496, -86.3082 32.41492, -86.34447 32.43264, -86.3984 32.42694, -86.41117 32.40994, -86.41223 32.52875, -86.41245 32.57932, -86.41312 32.70739, -86.41333 32.75059)))"
"27","Escambia",2023-01-11,"Escambia County","01053","37.9","13868","48.1","17612","40.3","44","46.5","75.3","MULTIPOLYGON (((-87.61589 31.24446, -87.55929 31.22729, -87.52301 31.24791, -87.48921 31.26008, -87.42745 31.26039, -87.03647 31.26131, -86.76396 31.26129, -86.77226 31.25065, -86.76376 31.22046, -86.77252 31.20224, -86.75667 31.19316, -86.73874 31.19465, -86.72117 31.18366, -86.72109 31.19098, -86.70028 31.19222, -86.70022 31.00042, -86.68831 30.99457, -86.70631 30.99468, -86.72543 30.99685, -86.72734 30.99686, -86.72844 30.99672, -86.74529 30.99627, -86.78569 30.99695, -86.78596 30.99695, -86.83054 30.99738, -86.83198 30.99735, -86.87303 30.99761, -86.88818 30.99755, -86.92785 30.99768, -86.99851 30.99863, -87.0044 30.99929, -87.02714 30.99923, -87.0364 30.99932, -87.04002 30.99957, -87.05377 30.9991, -87.0641 30.99916, -87.06867 30.99911, -87.1189 30.9994, -87.125 30.99877, -87.14079 30.9995, -87.16264 30.99903, -87.16362 30.999, -87.22477 30.99714, -87.22954 30.99685, -87.23771 30.99636, -87.255 30.99826, -87.25562 30.99819, -87.25703 30.99816, -87.25798 30.99823, -87.25971 30.99814, -87.26056 30.99817, -87.26559 30.99824, -87.28893 30.99831, -87.29102 30.99832, -87.30159 30.9984, -87.30405 30.99816, -87.31221 30.9984, -87.334 30.99824, -87.35568 30.99821, -87.36403 30.99819, -87.36786 30.99826, -87.42579 30.99806, -87.43231 30.99817, -87.44983 30.99824, -87.45572 30.99828, -87.45867 30.99835, -87.46165 30.99817, -87.4618 30.99817, -87.46684 30.99814, -87.46689 30.99814, -87.47872 30.99818, -87.47972 30.99816, -87.48026 30.99817, -87.51953 30.99755, -87.54855 30.99789, -87.57129 30.99784, -87.59883 30.99742, -87.61543 30.99736, -87.61542 31.041, -87.61589 31.24446)))"
"28","Etowah",2023-01-11,"Etowah County","01055","42.4","43349","50.8","51906","45","48.6","50.9","72.9","MULTIPOLYGON (((-86.33934 33.97148, -86.33272 33.98611, -86.33239 34.0405, -86.32266 34.07229, -86.30352 34.09907, -86.18997 34.18292, -86.17372 34.18348, -86.157 34.18727, -86.10561 34.18623, -86.10609 34.20076, -85.84362 34.20001, -85.84136 34.1107, -85.8332 34.10994, -85.81197 34.1251, -85.79101 34.1251, -85.79707 34.10018, -85.73714 33.9892, -85.73897 33.96846, -85.74097 33.9353, -85.81103 33.94707, -85.84639 33.95002, -85.88177 33.9503, -85.89967 33.943, -85.89957 33.9064, -85.93427 33.9064, -85.93447 33.921, -85.96917 33.9146, -85.96917 33.9034, -85.96917 33.8929, -85.98647 33.8937, -85.98754 33.8792, -85.99517 33.8649, -86.02147 33.8661, -86.02127 33.8515, -86.04653 33.8526, -86.04907 33.8416, -86.06527 33.8422, -86.05454 33.8464, -86.07312 33.86578, -86.09667 33.86136, -86.10889 33.8812, -86.11247 33.904, -86.14272 33.89939, -86.1492 33.92056, -86.16537 33.92658, -86.16616 33.9447, -86.16814 33.96518, -86.18363 33.9722, -86.19916 33.98892, -86.23021 33.98279, -86.25158 33.9656, -86.27808 33.98907, -86.29013 33.98372, -86.32562 33.94015, -86.37015 33.93977, -86.33934 33.97148)))"
"29","Fayette",2023-01-11,"Fayette County","01057","36.1","5892","42","6853","38.3","41.6","43.7","62.4","MULTIPOLYGON (((-87.95179 33.91993, -87.86324 33.91951, -87.72244 33.9148, -87.63593 33.91525, -87.63604 33.872, -87.5316 33.86762, -87.52834 33.69205, -87.42384 33.68911, -87.4237 33.6021, -87.63172 33.60983, -87.63161 33.58067, -87.66663 33.57981, -87.66666 33.52167, -87.68756 33.52109, -87.73665 33.51957, -87.84068 33.52484, -87.94652 33.52407, -87.94666 33.6413, -87.95179 33.91993)))"
"30","Franklin",2023-01-11,"Franklin County","01059","45.2","14191","55.2","17315","48.5","53.6","56.8","81.1","MULTIPOLYGON (((-88.16591 34.38093, -88.16563 34.3831, -88.15629 34.46321, -88.13999 34.5817, -87.63793 34.56915, -87.60075 34.56824, -87.52967 34.56708, -87.52972 34.3046, -87.63473 34.307, -87.73089 34.31019, -87.9089 34.31253, -88.17363 34.32105, -88.16591 34.38093)))"
"31","Geneva",2023-01-11,"Geneva County","01061","41.3","10839","49.8","13093","43.6","47.6","50.7","75.1","MULTIPOLYGON (((-86.19348 31.19221, -86.12548 31.19275, -86.11674 31.1821, -86.11673 31.19301, -86.05853 31.19408, -85.7914 31.19635, -85.71033 31.19517, -85.58573 31.19487, -85.48576 31.19989, -85.48543 31.14141, -85.4883 30.99708, -85.49799 30.99693, -85.49838 30.99692, -85.57949 30.99639, -85.74971 30.99528, -85.75003 30.99483, -85.89363 30.99345, -85.99873 30.99286, -86.03504 30.99331, -86.03512 30.99331, -86.05254 30.99323, -86.05629 30.99312, -86.117 30.9929, -86.16296 30.99367, -86.16906 30.99369, -86.17528 30.99378, -86.18031 30.99399, -86.18725 30.99403, -86.19035 31.00306, -86.19348 31.19221)))"
"32","Greene",2023-01-11,"Greene County","01063","52.7","4278","65.8","5334","56","60.2","62.2","78.4","MULTIPOLYGON (((-88.1963 32.93565, -88.17533 32.93209, -88.1723 32.94289, -88.18236 32.94569, -88.18406 32.96245, -88.16528 32.95432, -88.15735 32.96458, -88.16734 32.97055, -88.17185 32.99586, -88.17176 33.00867, -88.14293 33.02536, -88.1494 33.0373, -88.11521 33.0418, -88.08607 33.03625, -88.07487 33.05277, -88.065 33.05134, -88.04343 33.03263, -88.03157 33.04216, -88.03937 33.05363, -88.02697 33.0636, -87.98149 33.08062, -87.96884 33.07764, -87.93831 33.11467, -87.93368 33.1132, -87.87679 33.13919, -87.83752 33.15364, -87.83805 33.13686, -87.83146 33.09386, -87.83223 33.01726, -87.75233 33.01726, -87.71474 33.01772, -87.71201 33.01562, -87.71571 33.00682, -87.71512 33.00584, -87.71314 33.00114, -87.71039 32.99905, -87.70686 32.99144, -87.71845 32.98545, -87.72896 32.98439, -87.73326 32.9784, -87.73963 32.97735, -87.74485 32.97886, -87.74877 32.97893, -87.74809 32.97522, -87.74656 32.97174, -87.74071 32.9613, -87.74639 32.95508, -87.74083 32.95132, -87.7348 32.95258, -87.73129 32.94672, -87.73579 32.94138, -87.75236 32.93561, -87.75513 32.93668, -87.75501 32.9334, -87.75229 32.93221, -87.75688 32.9309, -87.75738 32.93354, -87.76127 32.93377, -87.76487 32.92778, -87.76962 32.92648, -87.77205 32.92765, -87.77487 32.92451, -87.77535 32.92077, -87.76971 32.91717, -87.76518 32.91034, -87.7653 32.90485, -87.77083 32.89917, -87.78051 32.89977, -87.786 32.89488, -87.79661 32.89633, -87.80176 32.89543, -87.80628 32.89547, -87.80566 32.89135, -87.80834 32.88697, -87.81276 32.8883, -87.81448 32.89053, -87.81707 32.8922, -87.8187 32.89113, -87.81722 32.88809, -87.81304 32.88631, -87.81027 32.88257, -87.8103 32.88018, -87.8154 32.88012, -87.81878 32.8815, -87.822 32.87835, -87.82182 32.87472, -87.8208 32.86865, -87.82635 32.86447, -87.83021 32.86509, -87.83276 32.85915, -87.82725 32.85344, -87.82274 32.85277, -87.82397 32.84806, -87.8313 32.8473, -87.83175 32.8405, -87.82209 32.83699, -87.81697 32.83209, -87.81514 32.82273, -87.81566 32.81281, -87.81736 32.80738, -87.81868 32.80075, -87.82327 32.79362, -87.83433 32.78659, -87.84165 32.77852, -87.85099 32.77318, -87.86002 32.77288, -87.86649 32.7704, -87.86789 32.76626, -87.86927 32.76439, -87.86696 32.75988, -87.86134 32.75693, -87.85289 32.75916, -87.8429 32.75945, -87.83409 32.76187, -87.83513 32.76484, -87.83321 32.7697, -87.82318 32.7659, -87.81471 32.75786, -87.8053 32.74784, -87.81315 32.73355, -87.82084 32.73354, -87.82857 32.72728, -87.83157 32.71569, -87.82637 32.70826, -87.81603 32.70665, -87.81121 32.71053, -87.80461 32.7148, -87.79471 32.71212, -87.7952 32.70391, -87.78689 32.67502, -87.79127 32.67073, -87.79228 32.6602, -87.77855 32.65146, -87.75584 32.65541, -87.74378 32.65435, -87.74458 32.64677, -87.74798 32.64082, -87.7629 32.6364, -87.78063 32.64007, -87.79084 32.63765, -87.80067 32.63782, -87.80777 32.63798, -87.81083 32.62882, -87.80675 32.61929, -87.79073 32.6071, -87.78238 32.60568, -87.76242 32.6129, -87.75582 32.61437, -87.74868 32.61249, -87.74817 32.60909, -87.74419 32.59911, -87.74093 32.59436, -87.7376 32.59053, -87.74227 32.58785, -87.74645 32.58652, -87.75803 32.5787, -87.77066 32.57545, -87.77153 32.58127, -87.77593 32.5832, -87.78479 32.58476, -87.78749 32.57909, -87.78627 32.56743, -87.79329 32.56312, -87.79678 32.56457, -87.79888 32.55144, -87.8011 32.53501, -87.81256 32.52456, -87.82338 32.52044, -87.82232 32.54375, -87.84384 32.5472, -87.85342 32.53209, -87.87381 32.54429, -87.87501 32.57182, -87.89835 32.59232, -87.89791 32.60005, -87.88263 32.60972, -87.8621 32.60648, -87.86019 32.59089, -87.84089 32.60576, -87.85812 32.62079, -87.87724 32.62208, -87.90484 32.61458, -87.91182 32.62476, -87.92869 32.63228, -87.9473 32.62683, -87.977 32.61078, -88.00989 32.60072, -88.05733 32.59344, -88.07916 32.61968, -88.07902 32.63859, -88.055 32.64648, -88.05799 32.67438, -88.0409 32.68767, -88.05148 32.69699, -88.07823 32.684, -88.10714 32.68922, -88.11586 32.70104, -88.08538 32.70905, -88.08187 32.71943, -88.10143 32.73926, -88.10963 32.77099, -88.10298 32.77943, -88.07934 32.77295, -88.06447 32.79219, -88.07918 32.80449, -88.10541 32.79841, -88.13268 32.83285, -88.14728 32.82487, -88.17973 32.8302, -88.15497 32.85287, -88.17997 32.87167, -88.18975 32.91073, -88.20732 32.92478, -88.1963 32.93565)))"
"33","Hale",2023-01-11,"Hale County","01065","63.1","9248","74.5","10914","67.7","73.1","74.9","87.5","MULTIPOLYGON (((-87.86789 32.76626, -87.86649 32.7704, -87.86002 32.77288, -87.85099 32.77318, -87.84165 32.77852, -87.83433 32.78659, -87.82327 32.79362, -87.81868 32.80075, -87.81736 32.80738, -87.81566 32.81281, -87.81514 32.82273, -87.81697 32.83209, -87.82209 32.83699, -87.83175 32.8405, -87.8313 32.8473, -87.82397 32.84806, -87.82274 32.85277, -87.82725 32.85344, -87.83276 32.85915, -87.83021 32.86509, -87.82635 32.86447, -87.8208 32.86865, -87.82182 32.87472, -87.822 32.87835, -87.81878 32.8815, -87.8154 32.88012, -87.8103 32.88018, -87.81027 32.88257, -87.81304 32.88631, -87.81722 32.88809, -87.8187 32.89113, -87.81707 32.8922, -87.81448 32.89053, -87.81276 32.8883, -87.80834 32.88697, -87.80566 32.89135, -87.80628 32.89547, -87.80176 32.89543, -87.79661 32.89633, -87.786 32.89488, -87.78051 32.89977, -87.77083 32.89917, -87.7653 32.90485, -87.76518 32.91034, -87.76971 32.91717, -87.77535 32.92077, -87.77487 32.92451, -87.77205 32.92765, -87.76962 32.92648, -87.76487 32.92778, -87.76127 32.93377, -87.75738 32.93354, -87.75688 32.9309, -87.75229 32.93221, -87.75501 32.9334, -87.75513 32.93668, -87.75236 32.93561, -87.73579 32.94138, -87.73129 32.94672, -87.7348 32.95258, -87.74083 32.95132, -87.74639 32.95508, -87.74071 32.9613, -87.74656 32.97174, -87.74809 32.97522, -87.74877 32.97893, -87.74485 32.97886, -87.73963 32.97735, -87.73326 32.9784, -87.72896 32.98439, -87.71845 32.98545, -87.70686 32.99144, -87.71039 32.99905, -87.71314 33.00114, -87.71512 33.00584, -87.71571 33.00682, -87.42194 33.00338, -87.4212 32.87451, -87.42139 32.83083, -87.47217 32.83062, -87.47219 32.74345, -87.47381 32.72819, -87.47391 32.65587, -87.5252 32.65571, -87.52448 32.48203, -87.71055 32.48078, -87.72874 32.48092, -87.72852 32.52453, -87.81256 32.52456, -87.8011 32.53501, -87.79888 32.55144, -87.79678 32.56457, -87.79329 32.56312, -87.78627 32.56743, -87.78749 32.57909, -87.78479 32.58476, -87.77593 32.5832, -87.77153 32.58127, -87.77066 32.57545, -87.75803 32.5787, -87.74645 32.58652, -87.74227 32.58785, -87.7376 32.59053, -87.74093 32.59436, -87.74419 32.59911, -87.74817 32.60909, -87.74868 32.61249, -87.75582 32.61437, -87.76242 32.6129, -87.78238 32.60568, -87.79073 32.6071, -87.80675 32.61929, -87.81083 32.62882, -87.80777 32.63798, -87.80067 32.63782, -87.79084 32.63765, -87.78063 32.64007, -87.7629 32.6364, -87.74798 32.64082, -87.74458 32.64677, -87.74378 32.65435, -87.75584 32.65541, -87.77855 32.65146, -87.79228 32.6602, -87.79127 32.67073, -87.78689 32.67502, -87.7952 32.70391, -87.79471 32.71212, -87.80461 32.7148, -87.81121 32.71053, -87.81603 32.70665, -87.82637 32.70826, -87.83157 32.71569, -87.82857 32.72728, -87.82084 32.73354, -87.81315 32.73355, -87.8053 32.74784, -87.81471 32.75786, -87.82318 32.7659, -87.83321 32.7697, -87.83513 32.76484, -87.83409 32.76187, -87.8429 32.75945, -87.85289 32.75916, -87.86134 32.75693, -87.86696 32.75988, -87.86927 32.76439, -87.86789 32.76626)))"
"34","Henry",2023-01-11,"Henry County","01067","46.6","8010","55.9","9610","49.1","52.9","55.9","74.8","MULTIPOLYGON (((-85.41803 31.44077, -85.41577 31.49041, -85.41644 31.61947, -85.41604 31.70666, -85.21608 31.70241, -85.20951 31.71047, -85.20603 31.74181, -85.18831 31.74644, -85.14843 31.77347, -85.12869 31.76388, -85.11893 31.73266, -85.12553 31.69496, -85.08273 31.64977, -85.06216 31.62291, -85.05796 31.57084, -85.04188 31.54468, -85.04499 31.51823, -85.04556 31.51716, -85.07162 31.46838, -85.066 31.43136, -85.07998 31.41047, -85.07758 31.39811, -85.09249 31.36288, -85.08666 31.34, -85.08883 31.30865, -85.17913 31.30767, -85.22936 31.30937, -85.25283 31.3108, -85.27406 31.31065, -85.41743 31.31497, -85.41671 31.36335, -85.41803 31.44077)))"
"35","Houston",2023-01-11,"Houston County","01069","44.6","47268","53.1","56268","47.6","51.7","54.3","77.7","MULTIPOLYGON (((-85.69666 31.20472, -85.68909 31.23609, -85.67119 31.2497, -85.65998 31.27089, -85.63531 31.27555, -85.60296 31.27238, -85.58553 31.26418, -85.54611 31.25387, -85.48585 31.2461, -85.48544 31.28709, -85.46804 31.28678, -85.42623 31.28627, -85.41714 31.28722, -85.41743 31.31497, -85.27406 31.31065, -85.25283 31.3108, -85.22936 31.30937, -85.17913 31.30767, -85.08883 31.30865, -85.08977 31.29503, -85.11455 31.2763, -85.09884 31.23252, -85.09977 31.20975, -85.10752 31.18645, -85.0934 31.16233, -85.07663 31.15693, -85.05287 31.11949, -85.03561 31.10819, -85.0266 31.08096, -85.02358 31.0755, -85.01139 31.05355, -85.0015 31.00504, -85.0025 31.00068, -85.02424 31.00068, -85.02764 31.00067, -85.03024 31.00065, -85.03128 31.00065, -85.05222 31.00058, -85.05493 31.00058, -85.05766 31.00058, -85.14596 31.00069, -85.15221 31.00089, -85.15234 31.00083, -85.15458 31.00083, -85.24375 31.00088, -85.4883 30.99708, -85.48543 31.14141, -85.48576 31.19989, -85.58573 31.19487, -85.71033 31.19517, -85.69666 31.20472)))"
"36","Jackson",2023-01-11,"Jackson County","01071","51.1","26397","62","32026","54","58.2","61.2","88.5","MULTIPOLYGON (((-86.35812 34.73503, -86.34225 34.74431, -86.33785 34.76304, -86.34354 34.81706, -86.32655 34.83132, -86.34697 34.85769, -86.3513 34.87366, -86.32943 34.9014, -86.31131 34.91479, -86.32624 34.9371, -86.31144 34.93483, -86.29602 34.94478, -86.28172 34.93846, -86.27224 34.9241, -86.25694 34.92648, -86.25697 34.93777, -86.25919 34.94537, -86.28705 34.95774, -86.28937 34.96862, -86.30632 34.97492, -86.31127 34.9911, -86.06162 34.98958, -85.86394 34.98838, -85.82872 34.98816, -85.82441 34.98814, -85.60516 34.98468, -85.59939 34.95177, -85.59878 34.94492, -85.59519 34.92433, -85.59516 34.92417, -85.58315 34.86037, -85.62707 34.83188, -85.63427 34.79898, -85.6602 34.75496, -85.67338 34.74491, -85.69304 34.74425, -85.78547 34.62458, -85.88111 34.56231, -85.93854 34.52535, -85.95694 34.50712, -85.95698 34.50614, -85.95961 34.50348, -85.96011 34.50218, -85.96118 34.50059, -85.96234 34.49976, -85.96411 34.49964, -85.96616 34.49861, -86.00384 34.48003, -86.01559 34.48164, -86.03485 34.47342, -86.05771 34.47599, -86.08342 34.46457, -86.09615 34.48874, -86.09774 34.51255, -86.09785 34.5217, -86.12638 34.5333, -86.14776 34.5209, -86.14868 34.58834, -86.14846 34.59907, -86.18299 34.59944, -86.31604 34.5998, -86.31826 34.5998, -86.32696 34.59974, -86.32685 34.5994, -86.33134 34.60732, -86.32586 34.60959, -86.35382 34.62908, -86.35812 34.73503)))"
"37","Jefferson",2023-01-11,"Jefferson County","01073","61.1","402402","74.9","493220","65.1","69.8","71.6","94.2","MULTIPOLYGON (((-87.3417 33.4705, -87.33028 33.49196, -87.28502 33.48578, -87.28544 33.50228, -87.26136 33.50068, -87.26692 33.51293, -87.27553 33.52206, -87.2687 33.53058, -87.25047 33.5142, -87.2326 33.53938, -87.21003 33.53873, -87.18579 33.55588, -87.19691 33.5624, -87.20458 33.57883, -87.19692 33.59934, -87.17955 33.59927, -87.17943 33.61379, -87.14441 33.61341, -87.14447 33.6282, -87.09273 33.62785, -87.0927 33.65687, -87.05776 33.65636, -87.05725 33.68547, -87.03982 33.68746, -87.04064 33.72897, -87.03158 33.72898, -87.02335 33.74659, -87.02329 33.77273, -87.00589 33.77257, -87.00596 33.78724, -86.97093 33.78646, -86.97124 33.80121, -86.95577 33.80083, -86.95366 33.8153, -86.93654 33.81531, -86.88395 33.84324, -86.78837 33.84103, -86.75914 33.84062, -86.64529 33.77301, -86.64776 33.7659, -86.58811 33.76536, -86.5778 33.76532, -86.54276 33.76517, -86.54264 33.73564, -86.52507 33.72124, -86.52542 33.65605, -86.52512 33.64871, -86.53382 33.64889, -86.5341 33.6485, -86.53416 33.63435, -86.54282 33.63437, -86.54277 33.61984, -86.55147 33.60546, -86.55199 33.56102, -86.51674 33.55338, -86.51678 33.5459, -86.5172 33.52414, -86.56062 33.51751, -86.60451 33.46705, -86.62669 33.46677, -86.66763 33.4666, -86.67445 33.45174, -86.69194 33.4515, -86.69861 33.44113, -86.7006 33.43927, -86.70035 33.43035, -86.71061 33.43057, -86.71813 33.41632, -86.75248 33.41586, -86.76114 33.38837, -86.77836 33.38894, -86.77864 33.36688, -86.83023 33.36077, -86.83047 33.343, -86.8306 33.33201, -86.83943 33.33203, -86.88252 33.33269, -86.89129 33.32579, -86.89556 33.31655, -86.92614 33.29653, -86.92617 33.27816, -86.96957 33.26747, -86.97836 33.25622, -86.97836 33.25514, -86.98274 33.25299, -86.98289 33.24601, -87.02685 33.24646, -87.06574 33.24691, -87.06575 33.26763, -87.06575 33.27594, -87.0875 33.29068, -87.12676 33.29084, -87.12714 33.30601, -87.16201 33.30659, -87.16217 33.32101, -87.17964 33.32111, -87.17975 33.32801, -87.18001 33.34298, -87.19484 33.34307, -87.19758 33.35813, -87.232 33.36585, -87.23204 33.39514, -87.24931 33.39558, -87.25379 33.41781, -87.28427 33.42571, -87.28436 33.44058, -87.31439 33.44172, -87.31411 33.45573, -87.33558 33.45625, -87.3417 33.4705)))"
"38","Lamar",2023-01-11,"Lamar County","01075","45.4","6268","52.6","7261","48.1","52.2","55.5","80.6","MULTIPOLYGON (((-88.27005 33.57082, -88.26953 33.57289, -88.26908 33.57693, -88.26816 33.58504, -88.26715 33.59199, -88.267 33.59423, -88.262 33.63544, -88.25634 33.68205, -88.25613 33.68286, -88.25462 33.69578, -88.25444 33.69878, -88.25226 33.71957, -88.24894 33.74497, -88.24414 33.78167, -88.24303 33.79568, -88.24005 33.81088, -88.23549 33.8472, -88.22925 33.89196, -88.22652 33.91155, -88.22652 33.91166, -88.22643 33.91287, -88.21327 34.01045, -88.21074 34.0292, -88.20723 34.05833, -87.98693 34.0521, -87.98743 34.0229, -87.95193 34.0222, -87.95179 33.91993, -87.94666 33.6413, -87.94652 33.52407, -88.27462 33.53401, -88.27005 33.57082)))"
"39","Lauderdale",2023-01-11,"Lauderdale County","01077","48.4","44837","59.3","55013","50.9","54.5","57","80.1","MULTIPOLYGON (((-88.20296 35.00803, -88.00003 35.00594, -87.98492 35.00588, -87.9735 35.00584, -87.92698 35.00566, -87.87797 35.00547, -87.87774 35.00551, -87.87263 35.00557, -87.85353 35.00554, -87.85341 35.00558, -87.85189 35.00566, -87.77359 35.00495, -87.7676 35.00478, -87.75889 35.00471, -87.70949 35.00409, -87.70232 35.00395, -87.70054 35.00399, -87.69683 35.00385, -87.6714 35.00354, -87.66412 35.00352, -87.62502 35.00373, -87.60618 35.00364, -87.43707 35.00284, -87.42861 35.0028, -87.42154 35.00268, -87.4174 35.00267, -87.39131 35.00237, -87.38107 35.00212, -87.35928 35.00182, -87.34925 35.00166, -87.29918 35.00091, -87.27001 35.00039, -87.23054 34.99948, -87.22405 34.99933, -87.21668 34.99915, -87.21076 34.99902, -87.21491 34.81601, -87.25557 34.78835, -87.27108 34.78383, -87.2783 34.77356, -87.26068 34.75863, -87.2979 34.75081, -87.34422 34.79649, -87.37025 34.80499, -87.42651 34.80002, -87.47997 34.81263, -87.52436 34.83238, -87.58475 34.81919, -87.60461 34.80386, -87.61369 34.79903, -87.6247 34.79604, -87.6434 34.79285, -87.65399 34.78787, -87.6696 34.78244, -87.67105 34.78254, -87.67539 34.78214, -87.69419 34.77663, -87.70757 34.77292, -87.73266 34.74569, -87.76733 34.73459, -87.80696 34.73206, -87.83583 34.74124, -87.86131 34.76298, -87.92029 34.80447, -87.93346 34.8389, -87.95227 34.86766, -87.98661 34.88674, -88.04087 34.90661, -88.09789 34.8922, -88.1 34.8941, -88.12504 34.90223, -88.13669 34.90759, -88.13972 34.90963, -88.14633 34.91437, -88.15462 34.92239, -88.16159 34.93346, -88.1721 34.95521, -88.17611 34.96252, -88.17997 34.96747, -88.18743 34.97491, -88.19881 34.99119, -88.20006 34.99563, -88.20082 34.99777, -88.20199 35.00542, -88.20296 35.00803)))"
"40","Lawrence",2023-01-11,"Lawrence County","01079","48.2","15865","56.4","18578","51","55.6","58.8","85.5","MULTIPOLYGON (((-87.52967 34.56708, -87.51781 34.56623, -87.51856 34.57748, -87.50734 34.58649, -87.51452 34.59832, -87.50272 34.60948, -87.49691 34.62599, -87.47682 34.6378, -87.48365 34.64814, -87.4595 34.64435, -87.4434 34.66109, -87.45114 34.68238, -87.44995 34.6968, -87.42629 34.70933, -87.43306 34.71748, -87.42785 34.75191, -87.41648 34.76754, -87.43439 34.77361, -87.42651 34.80002, -87.37025 34.80499, -87.34422 34.79649, -87.2979 34.75081, -87.26068 34.75863, -87.22277 34.76323, -87.17159 34.74286, -87.13886 34.7241, -87.11946 34.69726, -87.10507 34.68604, -87.10576 34.60562, -87.10621 34.57439, -87.10937 34.41581, -87.11011 34.3138, -87.10991 34.2993, -87.49815 34.30444, -87.52972 34.3046, -87.52967 34.56708)))"
"41","Lee",2023-01-11,"Lee County","01081","42","69154","50.2","82547","44.5","47.3","48.5","69.2","MULTIPOLYGON (((-85.69675 32.69743, -85.67965 32.69793, -85.67985 32.71253, -85.61025 32.71393, -85.60999 32.72795, -85.59315 32.72853, -85.43055 32.73033, -85.43055 32.74503, -85.41345 32.74473, -85.40455 32.73053, -85.37713 32.7303, -85.35641 32.7305, -85.29322 32.73073, -85.28484 32.74513, -85.13504 32.74653, -85.1301 32.75175, -85.11855 32.74082, -85.11425 32.73045, -85.12274 32.71573, -85.11474 32.68563, -85.09354 32.66973, -85.08853 32.65796, -85.10534 32.64484, -85.08974 32.6316, -85.07968 32.6081, -85.06766 32.58001, -85.03447 32.55275, -85.02251 32.54292, -85.0071 32.52387, -85.00374 32.5101, -85.04777 32.50936, -85.05652 32.50928, -85.06081 32.50771, -85.05929 32.47291, -85.14747 32.47118, -85.22475 32.47028, -85.33384 32.46864, -85.33014 32.41084, -85.35684 32.41049, -85.43404 32.40984, -85.43714 32.47868, -85.43858 32.49709, -85.48935 32.49694, -85.66105 32.56793, -85.66125 32.58233, -85.69565 32.58203, -85.69585 32.59593, -85.69675 32.69743)))"
"42","Limestone",2023-01-11,"Limestone County","01083","40.3","39836","48.2","47709","42.6","46.2","48.4","72.5","MULTIPOLYGON (((-87.27108 34.78383, -87.25557 34.78835, -87.21491 34.81601, -87.21076 34.99902, -87.12265 34.99732, -87.01117 34.99516, -87.00001 34.99512, -86.97441 34.99451, -86.97261 34.99461, -86.97024 34.99455, -86.96712 34.9944, -86.86215 34.99196, -86.85505 34.99194, -86.84979 34.99192, -86.84647 34.99186, -86.83637 34.99176, -86.83631 34.99176, -86.82066 34.99176, -86.78365 34.99193, -86.78363 34.99193, -86.7837 34.9334, -86.78397 34.88464, -86.78496 34.83317, -86.78533 34.8058, -86.78539 34.80215, -86.78636 34.72898, -86.78645 34.71817, -86.78693 34.66261, -86.79006 34.55079, -86.8369 34.55619, -86.86012 34.56713, -86.9072 34.57979, -86.97279 34.61334, -86.98027 34.61856, -86.99205 34.6273, -87.00658 34.63411, -87.03532 34.65204, -87.05286 34.6504, -87.10507 34.68604, -87.11946 34.69726, -87.13886 34.7241, -87.17159 34.74286, -87.22277 34.76323, -87.26068 34.75863, -87.2783 34.77356, -87.27108 34.78383)))"
"43","Lowndes",2023-01-11,"Lowndes County","01085","53.4","5196","67.6","6574","56.8","61.7","63.2","81.3","MULTIPOLYGON (((-86.9083 32.22503, -86.81031 32.22475, -86.81045 32.23759, -86.82131 32.23376, -86.84125 32.24199, -86.86394 32.2703, -86.85367 32.28728, -86.82606 32.30596, -86.85051 32.30986, -86.85041 32.32895, -86.81491 32.3408, -86.82092 32.33324, -86.81611 32.30997, -86.79827 32.30863, -86.77316 32.34073, -86.78045 32.3686, -86.77836 32.3946, -86.74998 32.3891, -86.72718 32.4045, -86.7179 32.40281, -86.71903 32.37206, -86.71134 32.36077, -86.68354 32.3534, -86.6556 32.37615, -86.65342 32.39725, -86.618 32.40572, -86.61345 32.39858, -86.61484 32.37427, -86.59533 32.36135, -86.58187 32.37502, -86.57055 32.37501, -86.54254 32.36352, -86.53253 32.33877, -86.49677 32.34444, -86.47448 32.33155, -86.49106 32.30162, -86.4847 32.28449, -86.40877 32.24431, -86.40831 32.20998, -86.40827 32.20898, -86.40628 32.05073, -86.405 31.96377, -86.4482 31.96463, -86.85758 31.96217, -86.85658 32.04835, -86.90696 32.04797, -86.9083 32.22503)))"
"44","Macon",2023-01-11,"Macon County","01087","50.6","9136","62.9","11369","53.1","55.9","56.6","77.5","MULTIPOLYGON (((-86.02301 32.41998, -85.99065 32.43305, -85.99349 32.45151, -85.98526 32.44047, -85.97346 32.45345, -85.95895 32.44113, -85.93178 32.45353, -85.89442 32.44758, -85.88222 32.45499, -85.8727 32.47387, -85.85262 32.47575, -85.8703 32.48147, -85.88615 32.49305, -85.79716 32.49424, -85.79822 32.55885, -85.79859 32.58109, -85.71265 32.58183, -85.70918 32.59578, -85.69585 32.59593, -85.69565 32.58203, -85.66125 32.58233, -85.66105 32.56793, -85.48935 32.49694, -85.43858 32.49709, -85.43714 32.47868, -85.43404 32.40984, -85.43354 32.23465, -85.85622 32.23197, -85.8626 32.23492, -85.87606 32.24634, -85.87787 32.29153, -85.89854 32.30529, -85.89869 32.27499, -85.91929 32.27438, -85.95432 32.30221, -85.95846 32.32348, -85.9691 32.33355, -85.99128 32.3361, -85.99367 32.35791, -86.01458 32.38429, -86.01094 32.40431, -86.02301 32.41998)))"
"45","Madison",2023-01-11,"Madison County","01089","65.4","243742","80","298378","69.2","73.4","74.9","95","MULTIPOLYGON (((-86.78693 34.66261, -86.78645 34.71817, -86.78636 34.72898, -86.78539 34.80215, -86.78533 34.8058, -86.78496 34.83317, -86.78397 34.88464, -86.7837 34.9334, -86.78363 34.99193, -86.67762 34.99207, -86.67673 34.99207, -86.67436 34.992, -86.67085 34.992, -86.65961 34.99179, -86.64139 34.99174, -86.64121 34.99174, -86.60004 34.99124, -86.58896 34.9912, -86.57131 34.99101, -86.57122 34.99101, -86.55586 34.99097, -86.52848 34.99068, -86.51794 34.99068, -86.4678 34.99069, -86.43393 34.99108, -86.3972 34.99166, -86.31876 34.99115, -86.31127 34.9911, -86.30632 34.97492, -86.28937 34.96862, -86.28705 34.95774, -86.25919 34.94537, -86.25697 34.93777, -86.25694 34.92648, -86.27224 34.9241, -86.28172 34.93846, -86.29602 34.94478, -86.31144 34.93483, -86.32624 34.9371, -86.31131 34.91479, -86.32943 34.9014, -86.3513 34.87366, -86.34697 34.85769, -86.32655 34.83132, -86.34354 34.81706, -86.33785 34.76304, -86.34225 34.74431, -86.35812 34.73503, -86.35382 34.62908, -86.32586 34.60959, -86.33134 34.60732, -86.32685 34.5994, -86.30313 34.59263, -86.30308 34.57962, -86.33142 34.57326, -86.32885 34.56524, -86.30665 34.56074, -86.31119 34.53928, -86.3245 34.52914, -86.3302 34.51268, -86.33818 34.5101, -86.35518 34.52349, -86.36973 34.51375, -86.39242 34.51838, -86.38893 34.5002, -86.41245 34.49415, -86.42391 34.47958, -86.45396 34.4838, -86.46891 34.47563, -86.49999 34.48229, -86.53078 34.5004, -86.53175 34.50127, -86.55109 34.5415, -86.55017 34.54596, -86.55354 34.56166, -86.56797 34.57552, -86.59849 34.58211, -86.61417 34.57723, -86.6362 34.5552, -86.66514 34.55209, -86.67656 34.57779, -86.70219 34.589, -86.72172 34.58271, -86.75314 34.55567, -86.79006 34.55079, -86.78693 34.66261)))"
"46","Marengo",2023-01-11,"Marengo County","01091","55.8","10523","68.9","12989","59.4","64.4","66.9","84.8","MULTIPOLYGON (((-88.11834 32.05113, -88.09589 32.06985, -88.08477 32.07082, -88.07061 32.0617, -88.04471 32.08226, -88.0522 32.10177, -88.03581 32.14501, -88.02137 32.14495, -88.00708 32.18531, -88.01254 32.20083, -88.00752 32.21932, -88.01505 32.23494, -88.00945 32.2617, -88.02012 32.27177, -88.01914 32.28524, -88.00422 32.28369, -88.00427 32.29664, -87.9914 32.29462, -87.97567 32.30785, -87.96789 32.29825, -87.94835 32.30409, -87.93676 32.30166, -87.94464 32.28295, -87.93355 32.28237, -87.9297 32.29252, -87.9318 32.29727, -87.93066 32.31057, -87.94197 32.31465, -87.95189 32.32892, -87.97094 32.34435, -87.99386 32.34723, -88.01948 32.37046, -88.04633 32.37709, -88.04232 32.41027, -88.03162 32.43361, -87.99457 32.45524, -87.97506 32.45756, -87.95415 32.47297, -87.94506 32.49125, -87.91367 32.51819, -87.90126 32.52317, -87.85268 32.5152, -87.84457 32.51818, -87.84151 32.52557, -87.85342 32.53209, -87.84384 32.5472, -87.82232 32.54375, -87.82338 32.52044, -87.81256 32.52456, -87.72852 32.52453, -87.72874 32.48092, -87.71055 32.48078, -87.52448 32.48203, -87.52429 32.30729, -87.47308 32.30761, -87.47221 32.26492, -87.51407 32.26599, -87.52327 32.25099, -87.52213 32.13278, -87.624 32.13235, -87.62276 32.00548, -87.66795 32.00216, -87.66777 31.99135, -87.8053 31.99046, -88.07349 31.99018, -88.09209 32.00705, -88.09507 31.99308, -88.11358 32.00624, -88.11743 32.01682, -88.1134 32.04118, -88.11834 32.05113)))"
"47","Marion",2023-01-11,"Marion County","01093","37.5","11129","43.7","12994","39.5","42.9","45.4","64.8","MULTIPOLYGON (((-88.20378 34.08655, -88.2002 34.11595, -88.19213 34.17535, -88.19068 34.19012, -88.18762 34.20478, -88.18667 34.22095, -88.17711 34.29224, -88.17689 34.29386, -88.17587 34.30217, -88.17363 34.32105, -87.9089 34.31253, -87.73089 34.31019, -87.63473 34.307, -87.63437 34.22017, -87.63528 34.1709, -87.63624 34.07014, -87.63612 34.0022, -87.63593 33.91525, -87.72244 33.9148, -87.86324 33.91951, -87.95179 33.91993, -87.95193 34.0222, -87.98743 34.0229, -87.98693 34.0521, -88.20723 34.05833, -88.20378 34.08655)))"
"48","Marshall",2023-01-11,"Marshall County","01095","47.3","45791","57.4","55508","51","55.9","59.1","83.4","MULTIPOLYGON (((-86.58163 34.33168, -86.58132 34.37109, -86.57366 34.41816, -86.57336 34.42014, -86.55309 34.54316, -86.55017 34.54596, -86.55109 34.5415, -86.53175 34.50127, -86.53078 34.5004, -86.49999 34.48229, -86.46891 34.47563, -86.45396 34.4838, -86.42391 34.47958, -86.41245 34.49415, -86.38893 34.5002, -86.39242 34.51838, -86.36973 34.51375, -86.35518 34.52349, -86.33818 34.5101, -86.3302 34.51268, -86.3245 34.52914, -86.31119 34.53928, -86.30665 34.56074, -86.32885 34.56524, -86.33142 34.57326, -86.30308 34.57962, -86.30313 34.59263, -86.32685 34.5994, -86.32696 34.59974, -86.31826 34.5998, -86.31604 34.5998, -86.18299 34.59944, -86.14846 34.59907, -86.14868 34.58834, -86.14776 34.5209, -86.12638 34.5333, -86.09785 34.5217, -86.09774 34.51255, -86.09615 34.48874, -86.08342 34.46457, -86.05771 34.47599, -86.11036 34.4278, -86.11889 34.40384, -86.11007 34.3748, -86.10892 34.33376, -86.10791 34.28272, -86.10743 34.2498, -86.10609 34.20076, -86.10561 34.18623, -86.157 34.18727, -86.17372 34.18348, -86.18997 34.18292, -86.30352 34.09907, -86.31366 34.11179, -86.37831 34.17379, -86.3867 34.18227, -86.40902 34.205, -86.41694 34.21489, -86.43069 34.23189, -86.44413 34.25912, -86.45302 34.25932, -86.45945 34.28915, -86.47752 34.30276, -86.54952 34.30374, -86.58194 34.30469, -86.58163 34.33168)))"
"49","Mobile",2023-01-11,"Mobile County","01097","52","214807","63","260262","55.6","60.3","62.7","83.2","MULTIPOLYGON (((-88.04374 30.51742, -88.03661 30.52049, -88.02473 30.5164, -88.02473 30.50309, -88.02592 30.4908, -88.05325 30.50616, -88.04374 30.51742)), ((-88.26727 30.35381, -88.26133 30.37226, -88.25063 30.36714, -88.24826 30.34663, -88.24826 30.32611, -88.25776 30.31893, -88.27321 30.33329, -88.26727 30.35381)), ((-88.33076 30.23503, -88.30433 30.23766, -88.28857 30.23854, -88.26164 30.24469, -88.22555 30.25083, -88.17778 30.25786, -88.15897 30.25786, -88.14373 30.26049, -88.13063 30.26212, -88.12472 30.27354, -88.12466 30.28364, -88.08681 30.25986, -88.07485 30.24912, -88.07586 30.24614, -88.07879 30.24504, -88.0929 30.24073, -88.10733 30.22508, -88.14474 30.23898, -88.1666 30.24117, -88.20776 30.23678, -88.27943 30.22229, -88.30535 30.22141, -88.32466 30.22317, -88.33076 30.23503)), ((-88.43201 31.1143, -88.32993 31.11436, -88.32978 31.14382, -88.0505 31.14412, -88.02265 31.14427, -87.98882 31.17331, -87.97287 31.16269, -87.96628 31.14826, -87.94012 31.14724, -87.94658 31.12168, -87.97622 31.08953, -87.96324 31.06803, -87.9487 31.06786, -87.94115 31.04816, -87.95735 31.02937, -87.95051 31.02209, -87.9648 31.00819, -87.95662 30.98978, -87.96519 30.96778, -87.94355 30.96177, -87.92429 30.9354, -87.95231 30.92488, -87.95449 30.91877, -87.98693 30.87518, -87.98097 30.86187, -87.95448 30.84941, -87.94455 30.82705, -87.98707 30.81144, -87.9906 30.79415, -88.0167 30.78109, -88.0222 30.77219, -88.02632 30.75336, -88.001 30.69829, -88.0084 30.68496, -88.01244 30.68319, -88.02208 30.67387, -88.02671 30.66149, -88.03459 30.65371, -88.04434 30.65257, -88.062 30.64489, -88.0596 30.61909, -88.054 30.61249, -88.0649 30.58829, -88.0749 30.57889, -88.08404 30.56541, -88.08549 30.56326, -88.08162 30.54632, -88.08279 30.52871, -88.09073 30.52357, -88.10087 30.50975, -88.10377 30.5009, -88.10299 30.49303, -88.09687 30.47105, -88.10065 30.46122, -88.10644 30.45274, -88.10407 30.4273, -88.10727 30.37725, -88.11543 30.35657, -88.12461 30.34162, -88.12805 30.33851, -88.13617 30.32073, -88.15577 30.32718, -88.17197 30.32468, -88.19154 30.317, -88.19566 30.32124, -88.19836 30.33882, -88.19635 30.34359, -88.18853 30.34505, -88.18853 30.34812, -88.20006 30.36238, -88.2045 30.3621, -88.2607 30.38238, -88.28263 30.38288, -88.29065 30.37074, -88.31161 30.36891, -88.31652 30.36998, -88.3196 30.38033, -88.33228 30.38844, -88.34134 30.38947, -88.36402 30.38801, -88.37467 30.38561, -88.39502 30.36942, -88.40228 30.51085, -88.40355 30.5331, -88.40393 30.54336, -88.40401 30.54506, -88.40468 30.55991, -88.40601 30.58976, -88.40748 30.62274, -88.40746 30.63165, -88.40807 30.63697, -88.40957 30.66873, -88.41134 30.70633, -88.41155 30.71296, -88.41221 30.7304, -88.41227 30.73177, -88.41245 30.7356, -88.41863 30.86653, -88.41956 30.87519, -88.42202 30.92507, -88.42564 30.9983, -88.42573 31.00018, -88.42581 31.00112, -88.43201 31.1143)))"
"50","Monroe",2023-01-11,"Monroe County","01099","44.9","9314","56.2","11657","47.3","51","53.3","67.9","MULTIPOLYGON (((-87.78438 31.32891, -87.76798 31.34407, -87.7628 31.36428, -87.75454 31.36233, -87.75358 31.34056, -87.7464 31.33326, -87.72276 31.34362, -87.72584 31.37374, -87.70604 31.40096, -87.68553 31.40756, -87.66557 31.42317, -87.63965 31.42477, -87.62271 31.41074, -87.60314 31.40956, -87.577 31.4321, -87.56336 31.4647, -87.56279 31.47769, -87.60506 31.50016, -87.62144 31.51475, -87.59926 31.52744, -87.56541 31.55357, -87.56684 31.69712, -87.51613 31.69782, -87.51836 31.81439, -87.50095 31.81402, -87.50093 31.82925, -87.24455 31.8318, -87.21408 31.8285, -86.9069 31.83063, -86.9059 31.75303, -86.9339 31.74616, -86.94872 31.73488, -86.9799 31.72618, -86.98932 31.71856, -87.02414 31.71256, -87.0511 31.71834, -87.06095 31.70485, -87.05597 31.67738, -87.07833 31.66634, -87.09135 31.65226, -87.13505 31.64242, -87.1374 31.61445, -87.14513 31.58717, -87.15892 31.56614, -87.16773 31.5348, -87.16658 31.51956, -87.19793 31.47811, -87.20685 31.4581, -87.22511 31.45491, -87.22999 31.45342, -87.27111 31.4162, -87.29672 31.40128, -87.33218 31.35525, -87.34653 31.34962, -87.35976 31.31775, -87.39321 31.30085, -87.42088 31.27632, -87.42745 31.26039, -87.48921 31.26008, -87.52301 31.24791, -87.55929 31.22729, -87.61589 31.24446, -87.63223 31.24293, -87.67642 31.26199, -87.71429 31.30212, -87.76515 31.29735, -87.78379 31.31546, -87.78438 31.32891)))"
"51","Montgomery",2023-01-11,"Montgomery County","01101","54.7","123989","68.8","155729","58.7","63.2","65","86.6","MULTIPOLYGON (((-86.4919 32.36433, -86.46356 32.37729, -86.46128 32.40347, -86.45627 32.40584, -86.44472 32.39984, -86.41117 32.40994, -86.3984 32.42694, -86.34447 32.43264, -86.3082 32.41492, -86.30818 32.41496, -86.30816 32.41502, -86.32516 32.44353, -86.30798 32.46701, -86.31325 32.48897, -86.29025 32.47261, -86.26202 32.48652, -86.26289 32.50125, -86.23707 32.49498, -86.19808 32.45138, -86.1806 32.4475, -86.19228 32.43613, -86.15424 32.43435, -86.15103 32.42464, -86.12545 32.43405, -86.12955 32.42219, -86.11633 32.41703, -86.08628 32.42165, -86.07806 32.41271, -86.0464 32.40615, -86.04255 32.41793, -86.02301 32.41998, -86.01094 32.40431, -86.01458 32.38429, -85.99367 32.35791, -85.99128 32.3361, -85.9691 32.33355, -85.95846 32.32348, -85.95432 32.30221, -85.91929 32.27438, -85.98656 32.27234, -85.98655 32.25064, -85.99916 32.25054, -85.99786 32.1416, -85.99685 32.05105, -85.99556 31.96755, -86.19138 31.96645, -86.30222 31.96506, -86.30351 32.05031, -86.30704 32.0517, -86.40628 32.05073, -86.40827 32.20898, -86.40831 32.20998, -86.40877 32.24431, -86.4847 32.28449, -86.49106 32.30162, -86.47448 32.33155, -86.49677 32.34444, -86.4919 32.36433)))"
"52","Morgan",2023-01-11,"Morgan County","01103","44.9","53752","52.8","63223","47.8","52.1","54.8","79","MULTIPOLYGON (((-87.10937 34.41581, -87.10621 34.57439, -87.10576 34.60562, -87.10507 34.68604, -87.05286 34.6504, -87.03532 34.65204, -87.00658 34.63411, -86.99205 34.6273, -86.98027 34.61856, -86.97279 34.61334, -86.9072 34.57979, -86.86012 34.56713, -86.8369 34.55619, -86.79006 34.55079, -86.75314 34.55567, -86.72172 34.58271, -86.70219 34.589, -86.67656 34.57779, -86.66514 34.55209, -86.6362 34.5552, -86.61417 34.57723, -86.59849 34.58211, -86.56797 34.57552, -86.55354 34.56166, -86.55017 34.54596, -86.55309 34.54316, -86.57336 34.42014, -86.57366 34.41816, -86.58132 34.37109, -86.58163 34.33168, -86.58194 34.30469, -86.81458 34.30776, -86.83866 34.30817, -87.09198 34.3123, -87.11011 34.3138, -87.10937 34.41581)))"
"53","Perry",2023-01-11,"Perry County","01105","50.2","4481","60.2","5368","53.2","57.2","58.5","74.8","MULTIPOLYGON (((-87.5252 32.65571, -87.47391 32.65587, -87.47381 32.72819, -87.47219 32.74345, -87.47217 32.83062, -87.42139 32.83083, -87.4212 32.87451, -87.31947 32.87512, -87.31918 32.83152, -87.23329 32.83224, -87.21253 32.83517, -87.09818 32.83601, -87.01916 32.83703, -87.01776 32.72953, -87.03325 32.69584, -87.03208 32.664, -87.04353 32.64295, -87.04787 32.62078, -87.04071 32.59919, -87.05701 32.58444, -87.0814 32.57043, -87.07726 32.55736, -87.08184 32.53708, -87.08997 32.53442, -87.10072 32.50474, -87.11275 32.48851, -87.22098 32.48699, -87.26562 32.48402, -87.42315 32.48297, -87.42174 32.3081, -87.47308 32.30761, -87.52429 32.30729, -87.52448 32.48203, -87.5252 32.65571)))"
"54","Pickens",2023-01-11,"Pickens County","01107","52.3","10421","64.1","12779","55.1","59.1","61.3","78.1","MULTIPOLYGON (((-88.33101 33.07249, -88.33093 33.07312, -88.31713 33.18412, -88.31524 33.20332, -88.31253 33.22092, -88.30442 33.28832, -88.30274 33.30221, -88.29108 33.39905, -88.27742 33.51244, -88.2768 33.51646, -88.27462 33.53401, -87.94652 33.52407, -87.84068 33.52484, -87.83844 33.28431, -87.83752 33.15364, -87.87679 33.13919, -87.93368 33.1132, -87.93831 33.11467, -87.96884 33.07764, -87.98149 33.08062, -88.02697 33.0636, -88.03937 33.05363, -88.03157 33.04216, -88.04343 33.03263, -88.065 33.05134, -88.07487 33.05277, -88.08607 33.03625, -88.11521 33.0418, -88.1494 33.0373, -88.14293 33.02536, -88.17176 33.00867, -88.17185 32.99586, -88.34043 32.9912, -88.33101 33.07249)))"
"55","Pike",2023-01-11,"Pike County","01109","43.7","14482","53.1","17582","46.1","48.8","49.6","83.4","MULTIPOLYGON (((-86.19941 31.80786, -86.18295 31.83239, -86.18231 31.87029, -86.17309 31.89314, -86.17497 31.9306, -86.19138 31.96645, -85.99556 31.96755, -85.99685 32.05105, -85.98405 32.04745, -85.97591 32.05443, -85.95025 32.05455, -85.9463 32.06189, -85.94628 32.05457, -85.91175 32.05475, -85.91146 32.04735, -85.89365 32.04735, -85.89265 31.98905, -85.88425 31.98185, -85.88435 31.96725, -85.79005 31.96725, -85.79105 31.88036, -85.65767 31.88027, -85.67759 31.85678, -85.66831 31.83449, -85.67414 31.80814, -85.66269 31.78332, -85.67412 31.75863, -85.6956 31.74783, -85.70511 31.73171, -85.70612 31.70724, -85.71791 31.69803, -85.71615 31.6605, -85.72983 31.63237, -85.74142 31.61961, -85.74825 31.61805, -85.78914 31.61796, -86.1459 31.61774, -86.1797 31.61652, -86.17868 31.62819, -86.15888 31.64754, -86.16006 31.66023, -86.14715 31.66315, -86.14834 31.79095, -86.19938 31.79045, -86.19941 31.80786)))"
"56","Randolph",2023-01-11,"Randolph County","01111","34.2","7771","41.6","9454","36.2","39.4","41.9","64.5","MULTIPOLYGON (((-85.65047 33.30615, -85.64144 33.30596, -85.64113 33.32393, -85.64991 33.32421, -85.64348 33.49589, -85.35257 33.49244, -85.34774 33.50138, -85.33106 33.49101, -85.30449 33.48288, -85.29395 33.42807, -85.23657 33.12955, -85.23244 33.10807, -85.59318 33.10734, -85.65365 33.10663, -85.65047 33.30615)))"
"57","Russell",2023-01-11,"Russell County","01113","44.3","25662","58.4","33841","47.6","51.1","52.2","80.1","MULTIPOLYGON (((-85.43404 32.40984, -85.35684 32.41049, -85.33014 32.41084, -85.33384 32.46864, -85.22475 32.47028, -85.14747 32.47118, -85.05929 32.47291, -85.06081 32.50771, -85.05652 32.50928, -85.04777 32.50936, -85.00374 32.5101, -85.00284 32.50641, -85.00269 32.50578, -84.99575 32.47737, -84.99523 32.47524, -84.99533 32.45324, -84.97183 32.44284, -84.96343 32.42254, -84.97517 32.41493, -84.97708 32.39082, -84.98115 32.38188, -84.98191 32.38019, -84.98347 32.36319, -85.0081 32.33668, -85.00187 32.32202, -84.95636 32.30613, -84.9338 32.29826, -84.88943 32.26194, -84.91403 32.24875, -84.92143 32.23085, -84.92503 32.22215, -84.96743 32.21935, -84.97933 32.20725, -84.96463 32.20355, -84.96173 32.19865, -85.01127 32.18049, -85.05875 32.13602, -85.04706 32.08739, -85.04934 32.06244, -85.18507 32.06171, -85.19141 32.06459, -85.19575 32.08184, -85.22912 32.10271, -85.23626 32.12366, -85.25978 32.13854, -85.25783 32.14793, -85.41024 32.14665, -85.42744 32.14655, -85.43354 32.23465, -85.43404 32.40984)))"
"58","St. Clair",2023-01-11,"St. Clair County","01115","40.4","36175","48","42981","42.9","46.6","48.8","72.6","MULTIPOLYGON (((-86.57753 33.80198, -86.52177 33.8019, -86.51249 33.81079, -86.4803 33.81515, -86.44528 33.82598, -86.43772 33.81998, -86.40598 33.8359, -86.37753 33.86171, -86.34269 33.88647, -86.3495 33.90698, -86.32215 33.93243, -86.32562 33.94015, -86.29013 33.98372, -86.27808 33.98907, -86.25158 33.9656, -86.23021 33.98279, -86.19916 33.98892, -86.18363 33.9722, -86.16814 33.96518, -86.16616 33.9447, -86.16537 33.92658, -86.1492 33.92056, -86.14272 33.89939, -86.11247 33.904, -86.10889 33.8812, -86.09667 33.86136, -86.07312 33.86578, -86.05454 33.8464, -86.06527 33.8422, -86.05144 33.82413, -86.06436 33.79778, -86.04436 33.76306, -86.06258 33.7599, -86.0816 33.74297, -86.11659 33.7238, -86.12388 33.71079, -86.14371 33.70913, -86.14556 33.6791, -86.15512 33.67163, -86.17087 33.67933, -86.17662 33.69664, -86.18662 33.69946, -86.20498 33.68952, -86.20079 33.67682, -86.17244 33.65983, -86.16488 33.63663, -86.16948 33.61924, -86.20076 33.60872, -86.18438 33.59376, -86.18888 33.59114, -86.21323 33.5946, -86.22102 33.58792, -86.2086 33.55986, -86.19267 33.55314, -86.1905 33.54373, -86.22658 33.52055, -86.23533 33.49453, -86.25326 33.48884, -86.2656 33.49635, -86.26309 33.51212, -86.28061 33.51103, -86.31063 33.45255, -86.3231 33.4445, -86.33611 33.42509, -86.34592 33.41104, -86.37866 33.39098, -86.37822 33.50241, -86.48194 33.50254, -86.48155 33.54607, -86.51678 33.5459, -86.51674 33.55338, -86.55199 33.56102, -86.55147 33.60546, -86.54277 33.61984, -86.54282 33.63437, -86.53416 33.63435, -86.5341 33.6485, -86.53382 33.64889, -86.52512 33.64871, -86.52542 33.65605, -86.52507 33.72124, -86.54264 33.73564, -86.54276 33.76517, -86.5778 33.76532, -86.57753 33.80198)))"
"59","Shelby",2023-01-11,"Shelby County","01117","37.7","82040","46.4","101020","39.9","42.9","44.2","54","MULTIPOLYGON (((-87.02685 33.24646, -86.98289 33.24601, -86.98274 33.25299, -86.97836 33.25514, -86.97836 33.25622, -86.96957 33.26747, -86.92617 33.27816, -86.92614 33.29653, -86.89556 33.31655, -86.89129 33.32579, -86.88252 33.33269, -86.83943 33.33203, -86.8306 33.33201, -86.83047 33.343, -86.83023 33.36077, -86.77864 33.36688, -86.77836 33.38894, -86.76114 33.38837, -86.75248 33.41586, -86.71813 33.41632, -86.71061 33.43057, -86.70035 33.43035, -86.7006 33.43927, -86.69861 33.44113, -86.69194 33.4515, -86.67445 33.45174, -86.66763 33.4666, -86.62669 33.46677, -86.60451 33.46705, -86.56062 33.51751, -86.5172 33.52414, -86.51678 33.5459, -86.48155 33.54607, -86.48194 33.50254, -86.37822 33.50241, -86.37866 33.39098, -86.35286 33.37254, -86.34094 33.35307, -86.36222 33.34692, -86.36751 33.33569, -86.36726 33.31733, -86.361 33.30717, -86.36091 33.29241, -86.39334 33.27543, -86.41028 33.27294, -86.43426 33.28166, -86.42437 33.26056, -86.42887 33.24953, -86.43553 33.24199, -86.447 33.24259, -86.46648 33.22449, -86.46098 33.20293, -86.48614 33.20187, -86.50313 33.17914, -86.48347 33.15952, -86.48298 33.14828, -86.45993 33.12512, -86.49103 33.10294, -86.51114 33.08843, -86.50603 33.06775, -86.52006 33.05699, -86.51734 33.02057, -86.53686 33.02443, -86.55384 33.01893, -86.60403 33.05509, -86.61 33.07, -86.73 33.06927, -86.8023 33.06884, -86.82483 33.06853, -86.84272 33.07094, -86.88164 33.07186, -86.88118 33.0499, -86.93397 33.06406, -86.93399 33.0788, -86.95166 33.07874, -86.95088 33.09858, -86.96931 33.10405, -86.96956 33.15814, -86.9888 33.16184, -87.0256 33.16579, -87.02685 33.24646)))"
"60","Sumter",2023-01-11,"Sumter County","01119","54.1","6729","71","8828","57.4","60.5","61.3","88","MULTIPOLYGON (((-88.41382 32.37392, -88.4125 32.38002, -88.4101 32.39927, -88.40379 32.44977, -88.40379 32.44989, -88.39997 32.48537, -88.39997 32.48541, -88.38886 32.57812, -88.38304 32.62668, -88.38298 32.62695, -88.37334 32.71182, -88.36835 32.74766, -88.35429 32.87513, -88.34785 32.92908, -88.34043 32.9912, -88.17185 32.99586, -88.16734 32.97055, -88.15735 32.96458, -88.16528 32.95432, -88.18406 32.96245, -88.18236 32.94569, -88.1723 32.94289, -88.17533 32.93209, -88.1963 32.93565, -88.20732 32.92478, -88.18975 32.91073, -88.17997 32.87167, -88.15497 32.85287, -88.17973 32.8302, -88.14728 32.82487, -88.13268 32.83285, -88.10541 32.79841, -88.07918 32.80449, -88.06447 32.79219, -88.07934 32.77295, -88.10298 32.77943, -88.10963 32.77099, -88.10143 32.73926, -88.08187 32.71943, -88.08538 32.70905, -88.11586 32.70104, -88.10714 32.68922, -88.07823 32.684, -88.05148 32.69699, -88.0409 32.68767, -88.05799 32.67438, -88.055 32.64648, -88.07902 32.63859, -88.07916 32.61968, -88.05733 32.59344, -88.00989 32.60072, -87.977 32.61078, -87.9473 32.62683, -87.92869 32.63228, -87.91182 32.62476, -87.90484 32.61458, -87.87724 32.62208, -87.85812 32.62079, -87.84089 32.60576, -87.86019 32.59089, -87.8621 32.60648, -87.88263 32.60972, -87.89791 32.60005, -87.89835 32.59232, -87.87501 32.57182, -87.87381 32.54429, -87.85342 32.53209, -87.84151 32.52557, -87.84457 32.51818, -87.85268 32.5152, -87.90126 32.52317, -87.91367 32.51819, -87.94506 32.49125, -87.95415 32.47297, -87.97506 32.45756, -87.99457 32.45524, -88.03162 32.43361, -88.04232 32.41027, -88.04633 32.37709, -88.01948 32.37046, -87.99386 32.34723, -87.97094 32.34435, -87.95189 32.32892, -87.94197 32.31465, -87.93066 32.31057, -88.42145 32.30868, -88.41382 32.37392)))"
"61","Talladega",2023-01-11,"Talladega County","01121","37.7","30183","45.7","36522","39.9","43.1","45.2","66.6","MULTIPOLYGON (((-86.48614 33.20187, -86.46098 33.20293, -86.46648 33.22449, -86.447 33.24259, -86.43553 33.24199, -86.42887 33.24953, -86.42437 33.26056, -86.43426 33.28166, -86.41028 33.27294, -86.39334 33.27543, -86.36091 33.29241, -86.361 33.30717, -86.36726 33.31733, -86.36751 33.33569, -86.36222 33.34692, -86.34094 33.35307, -86.35286 33.37254, -86.37866 33.39098, -86.34592 33.41104, -86.33611 33.42509, -86.3231 33.4445, -86.31063 33.45255, -86.28061 33.51103, -86.26309 33.51212, -86.2656 33.49635, -86.25326 33.48884, -86.23533 33.49453, -86.22658 33.52055, -86.1905 33.54373, -86.19267 33.55314, -86.2086 33.55986, -86.22102 33.58792, -86.21323 33.5946, -86.18888 33.59114, -86.18438 33.59376, -86.20076 33.60872, -86.16948 33.61924, -86.16488 33.63663, -86.17244 33.65983, -86.20079 33.67682, -86.20498 33.68952, -86.18662 33.69946, -86.17662 33.69664, -86.17087 33.67933, -86.15512 33.67163, -86.14556 33.6791, -86.0796 33.6758, -86.05482 33.67472, -86.04958 33.67347, -86.0258 33.64628, -86.02282 33.62092, -86.02174 33.60398, -85.99688 33.60092, -85.99493 33.58648, -85.87557 33.586, -85.79456 33.58556, -85.79605 33.55622, -85.79685 33.54185, -85.85189 33.49874, -85.90491 33.49865, -85.90534 33.45471, -85.92282 33.45458, -85.92376 33.39621, -85.94087 33.39605, -85.94126 33.38175, -85.97652 33.38187, -85.98029 33.29419, -86.01156 33.29432, -86.10084 33.29608, -86.1182 33.29632, -86.12057 33.19451, -86.17283 33.19568, -86.17437 33.10439, -86.49103 33.10294, -86.45993 33.12512, -86.48298 33.14828, -86.48347 33.15952, -86.50313 33.17914, -86.48614 33.20187)))"
"62","Tallapoosa",2023-01-11,"Tallapoosa County","01123","39.7","16030","47","18971","41.9","45.5","47.4","68.4","MULTIPOLYGON (((-86.00756 32.82777, -86.00831 32.93985, -86.00834 32.9978, -86.00917 33.09026, -85.97456 33.09051, -85.97471 33.10529, -85.80169 33.1043, -85.75363 33.10528, -85.65365 33.10663, -85.59318 33.10734, -85.59343 32.89727, -85.59315 32.72853, -85.60999 32.72795, -85.61025 32.71393, -85.67985 32.71253, -85.67965 32.69793, -85.69675 32.69743, -85.69585 32.59593, -85.70918 32.59578, -85.71265 32.58183, -85.79859 32.58109, -85.79822 32.55885, -85.79716 32.49424, -85.88615 32.49305, -85.89039 32.50014, -85.88764 32.55798, -85.89456 32.61473, -85.89028 32.63316, -85.88775 32.64761, -85.91171 32.67784, -85.90747 32.6993, -85.89061 32.717, -85.87986 32.75453, -85.89537 32.75458, -85.95486 32.75482, -85.95556 32.76913, -85.97276 32.76922, -85.97216 32.75493, -86.00719 32.75498, -86.00731 32.8122, -86.01349 32.82012, -86.00756 32.82777)))"
"63","Tuscaloosa",2023-01-11,"Tuscaloosa County","01125","45.4","94964","54.7","114570","48.2","51.6","52.8","79.7","MULTIPOLYGON (((-87.84068 33.52484, -87.73665 33.51957, -87.68756 33.52109, -87.66666 33.52167, -87.66663 33.57981, -87.63161 33.58067, -87.63172 33.60983, -87.4237 33.6021, -87.37112 33.6017, -87.37104 33.58706, -87.31853 33.58739, -87.31824 33.51417, -87.26692 33.51293, -87.26136 33.50068, -87.28544 33.50228, -87.28502 33.48578, -87.33028 33.49196, -87.3417 33.4705, -87.33558 33.45625, -87.31411 33.45573, -87.31439 33.44172, -87.28436 33.44058, -87.28427 33.42571, -87.25379 33.41781, -87.24931 33.39558, -87.23204 33.39514, -87.232 33.36585, -87.19758 33.35813, -87.19484 33.34307, -87.18001 33.34298, -87.17975 33.32801, -87.17964 33.32111, -87.16217 33.32101, -87.16201 33.30659, -87.12714 33.30601, -87.12676 33.29084, -87.0875 33.29068, -87.06575 33.27594, -87.06575 33.26763, -87.06574 33.24691, -87.07664 33.24683, -87.1041 33.22146, -87.12151 33.22147, -87.12187 33.23584, -87.1435 33.23619, -87.15207 33.23248, -87.19915 33.19655, -87.19932 33.13066, -87.28194 33.13306, -87.31158 33.09393, -87.31788 33.0246, -87.31854 33.00618, -87.42194 33.00338, -87.71571 33.00682, -87.71201 33.01562, -87.71474 33.01772, -87.75233 33.01726, -87.83223 33.01726, -87.83146 33.09386, -87.83805 33.13686, -87.83752 33.15364, -87.83844 33.28431, -87.84068 33.52484)))"
"64","Walker",2023-01-11,"Walker County","01127","48.8","30977","57.9","36800","51.9","56.6","59.5","85.4","MULTIPOLYGON (((-87.63612 34.0022, -87.50002 33.99663, -87.2663 33.99456, -87.21673 33.99391, -87.20003 33.98488, -87.18991 34.0028, -87.16891 34.0051, -87.15104 33.99322, -87.13408 33.96509, -87.11238 33.95949, -87.10457 33.93522, -87.08558 33.91916, -87.082 33.9064, -87.10081 33.89836, -87.09184 33.89009, -87.00708 33.88893, -87.00686 33.86618, -86.99399 33.86093, -86.96336 33.85822, -86.9543 33.84486, -86.95366 33.8153, -86.95577 33.80083, -86.97124 33.80121, -86.97093 33.78646, -87.00596 33.78724, -87.00589 33.77257, -87.02329 33.77273, -87.02335 33.74659, -87.03158 33.72898, -87.04064 33.72897, -87.03982 33.68746, -87.05725 33.68547, -87.05776 33.65636, -87.0927 33.65687, -87.09273 33.62785, -87.14447 33.6282, -87.14441 33.61341, -87.17943 33.61379, -87.17955 33.59927, -87.19692 33.59934, -87.20458 33.57883, -87.19691 33.5624, -87.18579 33.55588, -87.21003 33.53873, -87.2326 33.53938, -87.25047 33.5142, -87.2687 33.53058, -87.27553 33.52206, -87.26692 33.51293, -87.31824 33.51417, -87.31853 33.58739, -87.37104 33.58706, -87.37112 33.6017, -87.4237 33.6021, -87.42384 33.68911, -87.52834 33.69205, -87.5316 33.86762, -87.63604 33.872, -87.63593 33.91525, -87.63612 34.0022)))"
"65","Washington",2023-01-11,"Washington County","01129","47.1","7691","57.2","9335","49.9","54.2","57.7","82.9","MULTIPOLYGON (((-88.46443 31.69795, -88.08829 31.6993, -88.08695 31.68618, -88.07871 31.66962, -88.08939 31.65875, -88.08397 31.63032, -88.07426 31.61638, -88.07996 31.60577, -88.07223 31.5945, -88.05145 31.5835, -88.02769 31.58425, -88.02335 31.57092, -88.04006 31.57226, -88.03128 31.56049, -88.01863 31.55237, -87.98176 31.5389, -87.97038 31.53055, -87.94251 31.52672, -87.92444 31.50302, -87.90614 31.49175, -87.91909 31.46714, -87.91545 31.44977, -87.93511 31.4424, -87.91114 31.4244, -87.92782 31.40784, -87.90734 31.40607, -87.91207 31.39453, -87.9277 31.39657, -87.94428 31.37517, -87.91729 31.37673, -87.91864 31.38963, -87.898 31.38108, -87.88729 31.3922, -87.89281 31.37234, -87.88886 31.36402, -87.90807 31.32304, -87.91012 31.33406, -87.92323 31.33457, -87.92453 31.31291, -87.95962 31.31621, -87.96473 31.31119, -87.94751 31.29627, -87.95738 31.27965, -87.95511 31.26774, -87.97573 31.26972, -87.98623 31.25976, -87.96923 31.25836, -87.96338 31.25017, -87.94403 31.24429, -87.93133 31.22455, -87.94841 31.20682, -87.94659 31.19293, -87.94132 31.16305, -87.97287 31.16269, -87.98882 31.17331, -88.02265 31.14427, -88.0505 31.14412, -88.32978 31.14382, -88.32993 31.11436, -88.43201 31.1143, -88.4381 31.23006, -88.43821 31.23125, -88.43898 31.2469, -88.43878 31.25265, -88.43971 31.26762, -88.44518 31.35585, -88.44521 31.35597, -88.44869 31.42089, -88.44866 31.42128, -88.44957 31.43583, -88.45104 31.45945, -88.45157 31.48153, -88.45301 31.50016, -88.45948 31.62165, -88.45972 31.624, -88.46442 31.69788, -88.46443 31.69795)))"
"66","Wilcox",2023-01-11,"Wilcox County","01131","55.4","5743","69","7159","59.1","64","66.1","84.9","MULTIPOLYGON (((-87.66795 32.00216, -87.62276 32.00548, -87.624 32.13235, -87.52213 32.13278, -87.52327 32.25099, -87.51407 32.26599, -87.47221 32.26492, -87.44459 32.26893, -87.42275 32.24412, -87.39428 32.23733, -87.3886 32.22317, -87.37452 32.22192, -87.36539 32.19722, -87.35338 32.20165, -87.32866 32.19533, -87.31796 32.18126, -87.29253 32.1679, -87.28087 32.14435, -87.26285 32.14701, -87.25224 32.1358, -87.26116 32.12375, -87.24551 32.12216, -87.22318 32.09352, -87.19031 32.08608, -87.19158 32.07026, -87.17558 32.0647, -87.17786 32.04751, -86.90696 32.04797, -86.85658 32.04835, -86.85758 31.96217, -86.90894 31.96167, -86.9069 31.83063, -87.21408 31.8285, -87.24455 31.8318, -87.50093 31.82925, -87.62011 31.82712, -87.62095 31.8704, -87.63303 31.87604, -87.66684 31.87575, -87.66777 31.99135, -87.66795 32.00216)))"
"67","Winston",2023-01-11,"Winston County","01133","22.5","5327","27","6390","23.8","25.7","27.3","40.8","MULTIPOLYGON (((-87.63624 34.07014, -87.63528 34.1709, -87.63437 34.22017, -87.63473 34.307, -87.52972 34.3046, -87.49815 34.30444, -87.10991 34.2993, -87.1102 34.22836, -87.11094 34.17255, -87.11199 33.99238, -87.15104 33.99322, -87.16891 34.0051, -87.18991 34.0028, -87.20003 33.98488, -87.21673 33.99391, -87.2663 33.99456, -87.50002 33.99663, -87.63612 34.0022, -87.63624 34.07014)))"
